word,is_used,generated
aahed,false,2026-10-08
aalii,false,2026-10-08
aapas,false,2026-10-08
aargh,false,2026-10-08
aarti,false,2026-10-08
abaca,false,2026-10-08
abaci,false,2026-10-08
aback,true,2026-10-08
abacs,false,2026-10-08
abaft,false,2026-10-08
abaht,false,2026-10-08
abaka,false,2026-10-08
abamp,false,2026-10-08
aband,false,2026-10-08
abase,true,2026-10-08
abash,false,2026-10-08
abask,false,2026-10-08
abate,true,2026-10-08
abaya,false,2026-10-08
abbas,false,2026-10-08
abbed,false,2026-10-08
abbes,false,2026-10-08
abbey,true,2026-10-08
abbot,true,2026-10-08
abcee,false,2026-10-08
abeam,false,2026-10-08
abear,false,2026-10-08
abeat,false,2026-10-08
abeer,false,2026-10-08
abele,false,2026-10-08
abeng,false,2026-10-08
abers,false,2026-10-08
abets,false,2026-10-08
abeys,false,2026-10-08
abhor,true,2026-10-08
abide,true,2026-10-08
abies,false,2026-10-08
abius,false,2026-10-08
abjad,false,2026-10-08
abjud,false,2026-10-08
abled,false,2026-10-08
abler,false,2026-10-08
ables,false,2026-10-08
ablet,false,2026-10-08
ablow,false,2026-10-08
abmho,false,2026-10-08
abnet,false,2026-10-08
abode,false,2026-10-08
abohm,false,2026-10-08
aboil,false,2026-10-08
aboma,false,2026-10-08
aboon,false,2026-10-08
abord,false,2026-10-08
abore,false,2026-10-08
aborn,false,2026-10-08
abort,false,2026-10-08
about,true,2026-10-08
above,true,2026-10-08
abram,false,2026-10-08
abray,false,2026-10-08
abrim,false,2026-10-08
abrin,false,2026-10-08
abris,false,2026-10-08
absey,false,2026-10-08
absit,false,2026-10-08
abuna,false,2026-10-08
abune,false,2026-10-08
abura,false,2026-10-08
aburn,false,2026-10-08
abuse,false,2026-10-08
abuts,false,2026-10-08
abuzz,false,2026-10-08
abyes,false,2026-10-08
abysm,false,2026-10-08
abyss,true,2026-10-08
acais,false,2026-10-08
acara,false,2026-10-08
acari,false,2026-10-08
accas,false,2026-10-08
accha,false,2026-10-08
accoy,false,2026-10-08
accra,false,2026-10-08
acedy,false,2026-10-08
acene,false,2026-10-08
acerb,false,2026-10-08
acers,false,2026-10-08
aceta,false,2026-10-08
achar,false,2026-10-08
ached,false,2026-10-08
acher,false,2026-10-08
aches,false,2026-10-08
achey,false,2026-10-08
achoo,false,2026-10-08
acids,false,2026-10-08
acidy,false,2026-10-08
acies,false,2026-10-08
acing,false,2026-10-08
acini,false,2026-10-08
ackee,false,2026-10-08
acker,false,2026-10-08
acmes,false,2026-10-08
acmic,false,2026-10-08
acned,false,2026-10-08
acnes,false,2026-10-08
acock,false,2026-10-08
acoel,false,2026-10-08
acold,false,2026-10-08
acone,false,2026-10-08
acorn,true,2026-10-08
acral,false,2026-10-08
acred,false,2026-10-08
acres,false,2026-10-08
acrid,true,2026-10-08
acron,false,2026-10-08
acros,false,2026-10-08
acryl,false,2026-10-08
actas,false,2026-10-08
acted,false,2026-10-08
actin,false,2026-10-08
acton,false,2026-10-08
actor,true,2026-10-08
actus,false,2026-10-08
acute,true,2026-10-08
acyls,false,2026-10-08
adage,true,2026-10-08
adapt,true,2026-10-08
adats,false,2026-10-08
adawn,false,2026-10-08
adaws,false,2026-10-08
adays,false,2026-10-08
adbot,false,2026-10-08
addas,false,2026-10-08
addax,false,2026-10-08
added,false,2026-10-08
adder,false,2026-10-08
addin,false,2026-10-08
addio,false,2026-10-08
addle,false,2026-10-08
addra,false,2026-10-08
adead,false,2026-10-08
adeem,false,2026-10-08
adept,true,2026-10-08
adhan,false,2026-10-08
adhoc,false,2026-10-08
adieu,false,2026-10-08
adios,false,2026-10-08
adits,false,2026-10-08
adlib,false,2026-10-08
adman,false,2026-10-08
admen,false,2026-10-08
admin,true,2026-10-08
admit,true,2026-10-08
admix,false,2026-10-08
adnex,false,2026-10-08
adobe,true,2026-10-08
adobo,false,2026-10-08
adoon,false,2026-10-08
adopt,true,2026-10-08
adorb,false,2026-10-08
adore,true,2026-10-08
adorn,false,2026-10-08
adown,false,2026-10-08
adoze,false,2026-10-08
adrad,false,2026-10-08
adraw,false,2026-10-08
adred,false,2026-10-08
adret,false,2026-10-08
adrip,false,2026-10-08
adsum,false,2026-10-08
aduki,false,2026-10-08
adult,true,2026-10-08
adunc,false,2026-10-08
adust,false,2026-10-08
advew,false,2026-10-08
advts,false,2026-10-08
adyta,false,2026-10-08
adyts,false,2026-10-08
adzed,false,2026-10-08
adzes,false,2026-10-08
aecia,false,2026-10-08
aedes,false,2026-10-08
aeger,false,2026-10-08
aegis,false,2026-10-08
aeons,false,2026-10-08
aerie,false,2026-10-08
aeros,false,2026-10-08
aesir,false,2026-10-08
aevum,false,2026-10-08
afald,false,2026-10-08
afanc,false,2026-10-08
afara,false,2026-10-08
afars,false,2026-10-08
afear,false,2026-10-08
affix,true,2026-10-08
affly,false,2026-10-08
afion,false,2026-10-08
afire,false,2026-10-08
afizz,false,2026-10-08
aflaj,false,2026-10-08
aflap,false,2026-10-08
aflow,false,2026-10-08
afoam,false,2026-10-08
afoot,true,2026-10-08
afore,false,2026-10-08
afoul,false,2026-10-08
afret,false,2026-10-08
afrit,false,2026-10-08
afros,false,2026-10-08
after,true,2026-10-08
aftos,false,2026-10-08
again,true,2026-10-08
agals,false,2026-10-08
agama,false,2026-10-08
agami,false,2026-10-08
agamy,false,2026-10-08
agape,true,2026-10-08
agars,false,2026-10-08
agasp,false,2026-10-08
agast,false,2026-10-08
agate,true,2026-10-08
agaty,false,2026-10-08
agave,false,2026-10-08
agaze,false,2026-10-08
agbas,false,2026-10-08
agene,false,2026-10-08
agent,true,2026-10-08
agers,false,2026-10-08
aggag,false,2026-10-08
agger,false,2026-10-08
aggie,false,2026-10-08
aggri,false,2026-10-08
aggro,false,2026-10-08
aggry,false,2026-10-08
aghas,false,2026-10-08
agidi,false,2026-10-08
agila,false,2026-10-08
agile,true,2026-10-08
aging,true,2026-10-08
agios,false,2026-10-08
agism,false,2026-10-08
agist,false,2026-10-08
agita,false,2026-10-08
aglee,false,2026-10-08
aglet,false,2026-10-08
agley,false,2026-10-08
agloo,false,2026-10-08
aglow,true,2026-10-08
aglus,false,2026-10-08
agmas,false,2026-10-08
agoge,false,2026-10-08
agogo,false,2026-10-08
agone,false,2026-10-08
agons,false,2026-10-08
agony,true,2026-10-08
agood,false,2026-10-08
agora,false,2026-10-08
agree,true,2026-10-08
agria,false,2026-10-08
agrin,false,2026-10-08
agros,false,2026-10-08
agrum,false,2026-10-08
agued,false,2026-10-08
agues,false,2026-10-08
aguey,false,2026-10-08
aguna,false,2026-10-08
agush,false,2026-10-08
aguti,false,2026-10-08
ahead,true,2026-10-08
aheap,false,2026-10-08
ahent,false,2026-10-08
ahigh,false,2026-10-08
ahind,false,2026-10-08
ahing,false,2026-10-08
ahint,false,2026-10-08
ahold,false,2026-10-08
ahole,false,2026-10-08
ahull,false,2026-10-08
ahuru,false,2026-10-08
aidas,false,2026-10-08
aided,false,2026-10-08
aider,false,2026-10-08
aides,false,2026-10-08
aidoi,false,2026-10-08
aidos,false,2026-10-08
aiery,false,2026-10-08
aigas,false,2026-10-08
aight,false,2026-10-08
ailed,false,2026-10-08
aimag,false,2026-10-08
aimak,false,2026-10-08
aimed,false,2026-10-08
aimer,false,2026-10-08
ainee,false,2026-10-08
ainga,false,2026-10-08
aioli,false,2026-10-08
aired,false,2026-10-08
airer,false,2026-10-08
airns,false,2026-10-08
airth,false,2026-10-08
airts,false,2026-10-08
aisle,true,2026-10-08
aitch,false,2026-10-08
aitus,false,2026-10-08
aiver,false,2026-10-08
aixes,false,2026-10-08
aiyah,false,2026-10-08
aiyee,false,2026-10-08
aiyoh,false,2026-10-08
aiyoo,false,2026-10-08
aizle,false,2026-10-08
ajies,false,2026-10-08
ajiva,false,2026-10-08
ajuga,false,2026-10-08
ajupa,false,2026-10-08
ajwan,false,2026-10-08
akara,false,2026-10-08
akees,false,2026-10-08
akela,false,2026-10-08
akene,false,2026-10-08
aking,false,2026-10-08
akita,false,2026-10-08
akkas,false,2026-10-08
akker,false,2026-10-08
akoia,false,2026-10-08
akoja,false,2026-10-08
akoya,false,2026-10-08
aksed,false,2026-10-08
akses,false,2026-10-08
alaap,false,2026-10-08
alack,false,2026-10-08
alala,false,2026-10-08
alamo,false,2026-10-08
aland,false,2026-10-08
alane,false,2026-10-08
alang,false,2026-10-08
alans,false,2026-10-08
alant,false,2026-10-08
alapa,false,2026-10-08
alaps,false,2026-10-08
alarm,true,2026-10-08
alary,false,2026-10-08
alata,false,2026-10-08
alate,false,2026-10-08
alays,false,2026-10-08
albas,false,2026-10-08
albee,false,2026-10-08
albid,false,2026-10-08
album,true,2026-10-08
alcea,false,2026-10-08
alces,false,2026-10-08
alcid,false,2026-10-08
alcos,false,2026-10-08
aldea,false,2026-10-08
alder,false,2026-10-08
aldol,false,2026-10-08
aleak,false,2026-10-08
aleck,false,2026-10-08
alecs,false,2026-10-08
aleem,false,2026-10-08
alefs,false,2026-10-08
aleft,false,2026-10-08
aleph,false,2026-10-08
alert,true,2026-10-08
alews,false,2026-10-08
aleye,false,2026-10-08
alfas,false,2026-10-08
algae,false,2026-10-08
algal,false,2026-10-08
algas,false,2026-10-08
algid,false,2026-10-08
algin,false,2026-10-08
algor,false,2026-10-08
algos,false,2026-10-08
algum,false,2026-10-08
alias,false,2026-10-08
alibi,true,2026-10-08
alick,false,2026-10-08
alien,true,2026-10-08
alifs,false,2026-10-08
align,true,2026-10-08
alike,true,2026-10-08
alims,false,2026-10-08
aline,false,2026-10-08
alios,false,2026-10-08
alist,false,2026-10-08
alive,true,2026-10-08
aliya,false,2026-10-08
alkie,false,2026-10-08
alkin,false,2026-10-08
alkos,false,2026-10-08
alkyd,false,2026-10-08
alkyl,false,2026-10-08
allan,false,2026-10-08
allay,false,2026-10-08
allee,false,2026-10-08
allel,false,2026-10-08
allen,false,2026-10-08
aller,false,2026-10-08
alley,true,2026-10-08
allin,false,2026-10-08
allis,false,2026-10-08
allod,false,2026-10-08
allot,true,2026-10-08
allow,true,2026-10-08
alloy,true,2026-10-08
allus,false,2026-10-08
allyl,false,2026-10-08
almah,false,2026-10-08
almas,false,2026-10-08
almeh,false,2026-10-08
almes,false,2026-10-08
almud,false,2026-10-08
almug,false,2026-10-08
alods,false,2026-10-08
aloed,false,2026-10-08
aloes,false,2026-10-08
aloft,true,2026-10-08
aloha,true,2026-10-08
aloin,false,2026-10-08
alone,true,2026-10-08
along,true,2026-10-08
aloof,true,2026-10-08
aloos,false,2026-10-08
alose,false,2026-10-08
aloud,true,2026-10-08
alowe,false,2026-10-08
alpha,true,2026-10-08
altar,true,2026-10-08
alter,true,2026-10-08
altho,false,2026-10-08
altos,false,2026-10-08
alula,false,2026-10-08
alums,false,2026-10-08
alumy,false,2026-10-08
alure,false,2026-10-08
alurk,false,2026-10-08
alvar,false,2026-10-08
alway,false,2026-10-08
amahs,false,2026-10-08
amain,false,2026-10-08
amari,false,2026-10-08
amaro,false,2026-10-08
amass,true,2026-10-08
amate,false,2026-10-08
amaut,false,2026-10-08
amaze,true,2026-10-08
amban,false,2026-10-08
amber,true,2026-10-08
ambit,false,2026-10-08
amble,true,2026-10-08
ambos,false,2026-10-08
ambry,false,2026-10-08
ameba,false,2026-10-08
ameer,false,2026-10-08
amend,true,2026-10-08
amene,false,2026-10-08
amens,false,2026-10-08
ament,false,2026-10-08
amias,false,2026-10-08
amice,false,2026-10-08
amici,false,2026-10-08
amide,false,2026-10-08
amido,false,2026-10-08
amids,false,2026-10-08
amies,false,2026-10-08
amiga,false,2026-10-08
amigo,false,2026-10-08
amine,false,2026-10-08
amino,false,2026-10-08
amins,false,2026-10-08
amirs,false,2026-10-08
amiss,true,2026-10-08
amity,false,2026-10-08
amlas,false,2026-10-08
amman,false,2026-10-08
ammas,false,2026-10-08
ammon,false,2026-10-08
ammos,false,2026-10-08
amnia,false,2026-10-08
amnic,false,2026-10-08
amnio,false,2026-10-08
amoks,false,2026-10-08
amole,false,2026-10-08
among,true,2026-10-08
amore,false,2026-10-08
amort,false,2026-10-08
amour,false,2026-10-08
amove,false,2026-10-08
amowt,false,2026-10-08
amped,false,2026-10-08
ample,true,2026-10-08
amply,true,2026-10-08
ampul,false,2026-10-08
amrit,false,2026-10-08
amuck,false,2026-10-08
amuse,true,2026-10-08
amyls,false,2026-10-08
anana,false,2026-10-08
anata,false,2026-10-08
ancho,false,2026-10-08
ancle,false,2026-10-08
ancon,false,2026-10-08
andic,false,2026-10-08
andro,false,2026-10-08
anear,false,2026-10-08
anele,false,2026-10-08
anent,false,2026-10-08
angas,false,2026-10-08
angel,true,2026-10-08
anger,true,2026-10-08
angle,true,2026-10-08
anglo,false,2026-10-08
angry,true,2026-10-08
angst,true,2026-10-08
anigh,false,2026-10-08
anile,false,2026-10-08
anils,false,2026-10-08
anima,false,2026-10-08
anime,false,2026-10-08
animi,false,2026-10-08
anion,false,2026-10-08
anise,false,2026-10-08
anker,false,2026-10-08
ankhs,false,2026-10-08
ankle,true,2026-10-08
ankus,false,2026-10-08
anlas,false,2026-10-08
annal,false,2026-10-08
annan,false,2026-10-08
annas,false,2026-10-08
annat,false,2026-10-08
annex,true,2026-10-08
annoy,true,2026-10-08
annul,false,2026-10-08
annum,false,2026-10-08
annus,false,2026-10-08
anoas,false,2026-10-08
anode,true,2026-10-08
anole,false,2026-10-08
anomy,false,2026-10-08
ansae,false,2026-10-08
ansas,false,2026-10-08
antae,false,2026-10-08
antar,false,2026-10-08
antas,false,2026-10-08
anted,false,2026-10-08
antes,false,2026-10-08
antic,true,2026-10-08
antis,false,2026-10-08
antra,false,2026-10-08
antre,false,2026-10-08
antsy,false,2026-10-08
anura,false,2026-10-08
anvil,true,2026-10-08
anyon,false,2026-10-08
aorta,true,2026-10-08
apace,false,2026-10-08
apage,false,2026-10-08
apaid,false,2026-10-08
apart,true,2026-10-08
apayd,false,2026-10-08
apays,false,2026-10-08
apeak,false,2026-10-08
apeek,false,2026-10-08
apers,false,2026-10-08
apert,false,2026-10-08
apery,false,2026-10-08
apgar,false,2026-10-08
aphid,true,2026-10-08
aphis,false,2026-10-08
apian,false,2026-10-08
aping,false,2026-10-08
apiol,false,2026-10-08
apish,false,2026-10-08
apism,false,2026-10-08
apnea,false,2026-10-08
apode,false,2026-10-08
apods,false,2026-10-08
apols,false,2026-10-08
apoop,false,2026-10-08
aport,false,2026-10-08
appal,false,2026-10-08
appam,false,2026-10-08
appay,false,2026-10-08
appel,false,2026-10-08
apple,true,2026-10-08
apply,true,2026-10-08
appro,false,2026-10-08
appts,false,2026-10-08
appui,false,2026-10-08
appuy,false,2026-10-08
apres,false,2026-10-08
apron,true,2026-10-08
apses,false,2026-10-08
apsis,false,2026-10-08
apsos,false,2026-10-08
apted,false,2026-10-08
apter,false,2026-10-08
aptly,true,2026-10-08
aquae,false,2026-10-08
aquas,false,2026-10-08
araba,false,2026-10-08
araks,false,2026-10-08
arame,false,2026-10-08
arars,false,2026-10-08
arbah,false,2026-10-08
arbas,false,2026-10-08
arbor,true,2026-10-08
arced,false,2026-10-08
archi,false,2026-10-08
arcos,false,2026-10-08
arcus,false,2026-10-08
ardeb,false,2026-10-08
ardor,true,2026-10-08
ardri,false,2026-10-08
aread,false,2026-10-08
areae,false,2026-10-08
areal,false,2026-10-08
arear,false,2026-10-08
areas,false,2026-10-08
areca,false,2026-10-08
aredd,false,2026-10-08
arede,false,2026-10-08
arefy,false,2026-10-08
areic,false,2026-10-08
arena,false,2026-10-08
arene,false,2026-10-08
arepa,false,2026-10-08
arere,false,2026-10-08
arete,false,2026-10-08
arets,false,2026-10-08
arett,false,2026-10-08
argal,false,2026-10-08
argan,false,2026-10-08
argil,false,2026-10-08
argle,false,2026-10-08
argol,false,2026-10-08
argon,false,2026-10-08
argot,false,2026-10-08
argue,true,2026-10-08
argus,false,2026-10-08
arhat,false,2026-10-08
arias,false,2026-10-08
ariel,false,2026-10-08
ariki,false,2026-10-08
arils,false,2026-10-08
ariot,false,2026-10-08
arise,true,2026-10-08
arish,false,2026-10-08
arith,false,2026-10-08
arked,false,2026-10-08
arled,false,2026-10-08
arles,false,2026-10-08
armed,false,2026-10-08
armer,false,2026-10-08
armet,false,2026-10-08
armil,false,2026-10-08
armor,false,2026-10-08
arnas,false,2026-10-08
arnis,false,2026-10-08
arnut,false,2026-10-08
aroba,false,2026-10-08
aroha,false,2026-10-08
aroid,false,2026-10-08
aroma,true,2026-10-08
arose,false,2026-10-08
arpas,false,2026-10-08
arpen,false,2026-10-08
arrah,false,2026-10-08
arras,false,2026-10-08
array,false,2026-10-08
arret,false,2026-10-08
arris,false,2026-10-08
arrow,true,2026-10-08
arroz,false,2026-10-08
arsed,false,2026-10-08
arses,false,2026-10-08
arsey,false,2026-10-08
arsis,false,2026-10-08
arson,false,2026-10-08
artal,false,2026-10-08
artel,false,2026-10-08
arter,false,2026-10-08
artic,false,2026-10-08
artis,false,2026-10-08
artly,false,2026-10-08
artsy,true,2026-10-08
aruhe,false,2026-10-08
arums,false,2026-10-08
arval,false,2026-10-08
arvee,false,2026-10-08
arvos,false,2026-10-08
aryls,false,2026-10-08
asada,false,2026-10-08
asana,false,2026-10-08
ascon,false,2026-10-08
ascot,true,2026-10-08
ascus,false,2026-10-08
asdic,false,2026-10-08
ashed,false,2026-10-08
ashen,true,2026-10-08
ashes,false,2026-10-08
ashet,false,2026-10-08
aside,true,2026-10-08
asity,false,2026-10-08
askar,false,2026-10-08
asked,false,2026-10-08
asker,false,2026-10-08
askew,true,2026-10-08
askoi,false,2026-10-08
askos,false,2026-10-08
aspen,false,2026-10-08
asper,false,2026-10-08
aspic,true,2026-10-08
aspie,false,2026-10-08
aspis,false,2026-10-08
aspro,false,2026-10-08
assai,false,2026-10-08
assam,false,2026-10-08
assay,true,2026-10-08
assed,false,2026-10-08
asses,false,2026-10-08
asset,true,2026-10-08
assez,false,2026-10-08
assot,false,2026-10-08
aster,true,2026-10-08
astir,false,2026-10-08
astun,false,2026-10-08
asura,false,2026-10-08
asway,false,2026-10-08
aswim,false,2026-10-08
asyla,false,2026-10-08
ataps,false,2026-10-08
ataxy,false,2026-10-08
atigi,false,2026-10-08
atilt,false,2026-10-08
atimy,false,2026-10-08
atlas,true,2026-10-08
atman,false,2026-10-08
atmas,false,2026-10-08
atmos,false,2026-10-08
atocs,false,2026-10-08
atoke,false,2026-10-08
atoks,false,2026-10-08
atoll,true,2026-10-08
atoms,false,2026-10-08
atomy,false,2026-10-08
atone,true,2026-10-08
atony,false,2026-10-08
atopy,false,2026-10-08
atria,true,2026-10-08
atrip,false,2026-10-08
attap,false,2026-10-08
attar,false,2026-10-08
attas,false,2026-10-08
atter,false,2026-10-08
attic,true,2026-10-08
atuas,false,2026-10-08
aucht,false,2026-10-08
audad,false,2026-10-08
audax,false,2026-10-08
audio,true,2026-10-08
audit,true,2026-10-08
augen,false,2026-10-08
auger,false,2026-10-08
auges,false,2026-10-08
aught,false,2026-10-08
augur,false,2026-10-08
aulas,false,2026-10-08
aulic,false,2026-10-08
auloi,false,2026-10-08
aulos,false,2026-10-08
aumil,false,2026-10-08
aunes,false,2026-10-08
aunts,false,2026-10-08
aunty,false,2026-10-08
aurae,false,2026-10-08
aural,false,2026-10-08
aurar,false,2026-10-08
auras,false,2026-10-08
aurei,false,2026-10-08
aures,false,2026-10-08
auric,false,2026-10-08
auris,false,2026-10-08
aurum,false,2026-10-08
autos,false,2026-10-08
auxin,false,2026-10-08
avail,true,2026-10-08
avale,false,2026-10-08
avant,false,2026-10-08
avast,false,2026-10-08
avels,false,2026-10-08
avens,false,2026-10-08
avers,false,2026-10-08
avert,true,2026-10-08
avgas,false,2026-10-08
avian,true,2026-10-08
avine,false,2026-10-08
avion,false,2026-10-08
avise,false,2026-10-08
aviso,false,2026-10-08
avize,false,2026-10-08
avoid,true,2026-10-08
avows,false,2026-10-08
avyze,false,2026-10-08
await,true,2026-10-08
awake,true,2026-10-08
award,true,2026-10-08
aware,true,2026-10-08
awari,false,2026-10-08
awarn,false,2026-10-08
awash,true,2026-10-08
awato,false,2026-10-08
awave,false,2026-10-08
aways,false,2026-10-08
awdls,false,2026-10-08
aweel,false,2026-10-08
aweto,false,2026-10-08
awful,true,2026-10-08
awing,false,2026-10-08
awkin,false,2026-10-08
awmry,false,2026-10-08
awned,false,2026-10-08
awner,false,2026-10-08
awoke,true,2026-10-08
awols,false,2026-10-08
awork,false,2026-10-08
axels,false,2026-10-08
axial,false,2026-10-08
axile,false,2026-10-08
axils,false,2026-10-08
axing,false,2026-10-08
axiom,true,2026-10-08
axion,false,2026-10-08
axite,false,2026-10-08
axled,false,2026-10-08
axles,false,2026-10-08
axman,false,2026-10-08
axmen,false,2026-10-08
axoid,false,2026-10-08
axone,false,2026-10-08
axons,false,2026-10-08
ayahs,false,2026-10-08
ayaya,false,2026-10-08
ayelp,false,2026-10-08
aygre,false,2026-10-08
ayins,false,2026-10-08
aymag,false,2026-10-08
ayont,false,2026-10-08
ayres,false,2026-10-08
ayrie,false,2026-10-08
azans,false,2026-10-08
azide,false,2026-10-08
azido,false,2026-10-08
azine,false,2026-10-08
azlon,false,2026-10-08
azoic,false,2026-10-08
azole,false,2026-10-08
azons,false,2026-10-08
azote,false,2026-10-08
azoth,false,2026-10-08
azuki,false,2026-10-08
azure,true,2026-10-08
azurn,false,2026-10-08
azury,false,2026-10-08
azygy,false,2026-10-08
azyme,false,2026-10-08
azyms,false,2026-10-08
baaed,false,2026-10-08
baals,false,2026-10-08
baaps,false,2026-10-08
babas,false,2026-10-08
babby,false,2026-10-08
babel,false,2026-10-08
babes,false,2026-10-08
babka,false,2026-10-08
baboo,false,2026-10-08
babul,false,2026-10-08
babus,false,2026-10-08
bacca,false,2026-10-08
bacco,false,2026-10-08
baccy,false,2026-10-08
bacha,false,2026-10-08
bachs,false,2026-10-08
backs,false,2026-10-08
backy,false,2026-10-08
bacne,false,2026-10-08
bacon,true,2026-10-08
badam,false,2026-10-08
baddy,false,2026-10-08
badge,true,2026-10-08
badly,true,2026-10-08
baels,false,2026-10-08
baffs,false,2026-10-08
baffy,false,2026-10-08
bafta,false,2026-10-08
bafts,false,2026-10-08
bagel,true,2026-10-08
baggy,false,2026-10-08
baghs,false,2026-10-08
bagie,false,2026-10-08
bagsy,false,2026-10-08
bagua,false,2026-10-08
bahts,false,2026-10-08
bahus,false,2026-10-08
bahut,false,2026-10-08
baiks,false,2026-10-08
baile,false,2026-10-08
bails,false,2026-10-08
bairn,false,2026-10-08
baisa,false,2026-10-08
baith,false,2026-10-08
baits,false,2026-10-08
baiza,false,2026-10-08
baize,false,2026-10-08
bajan,false,2026-10-08
bajra,false,2026-10-08
bajri,false,2026-10-08
bajus,false,2026-10-08
baked,false,2026-10-08
baken,false,2026-10-08
baker,true,2026-10-08
bakes,false,2026-10-08
bakra,false,2026-10-08
balas,false,2026-10-08
balds,false,2026-10-08
baldy,false,2026-10-08
baled,false,2026-10-08
baler,true,2026-10-08
bales,false,2026-10-08
balks,false,2026-10-08
balky,false,2026-10-08
ballo,false,2026-10-08
balls,false,2026-10-08
bally,false,2026-10-08
balms,false,2026-10-08
balmy,true,2026-10-08
baloi,false,2026-10-08
balon,false,2026-10-08
baloo,false,2026-10-08
balot,false,2026-10-08
balsa,true,2026-10-08
balti,false,2026-10-08
balun,false,2026-10-08
balus,false,2026-10-08
balut,false,2026-10-08
bamas,false,2026-10-08
bambi,false,2026-10-08
bamma,false,2026-10-08
bammy,false,2026-10-08
banak,false,2026-10-08
banal,true,2026-10-08
banco,false,2026-10-08
bancs,false,2026-10-08
banda,false,2026-10-08
bandh,false,2026-10-08
bands,false,2026-10-08
bandy,false,2026-10-08
baned,false,2026-10-08
banes,false,2026-10-08
bangs,false,2026-10-08
bania,false,2026-10-08
banjo,true,2026-10-08
banks,false,2026-10-08
banky,false,2026-10-08
banns,false,2026-10-08
bants,false,2026-10-08
bantu,false,2026-10-08
banty,false,2026-10-08
bantz,false,2026-10-08
banya,false,2026-10-08
baons,false,2026-10-08
baozi,false,2026-10-08
bappu,false,2026-10-08
bapus,false,2026-10-08
barbe,false,2026-10-08
barbs,false,2026-10-08
barby,false,2026-10-08
barca,false,2026-10-08
barde,false,2026-10-08
bardo,false,2026-10-08
bards,false,2026-10-08
bardy,false,2026-10-08
bared,false,2026-10-08
barer,false,2026-10-08
bares,false,2026-10-08
barfi,false,2026-10-08
barfs,false,2026-10-08
barfy,false,2026-10-08
barge,true,2026-10-08
baric,false,2026-10-08
barks,false,2026-10-08
barky,false,2026-10-08
barms,false,2026-10-08
barmy,false,2026-10-08
barns,false,2026-10-08
barny,false,2026-10-08
baron,true,2026-10-08
barps,false,2026-10-08
barra,false,2026-10-08
barre,false,2026-10-08
barro,false,2026-10-08
barry,false,2026-10-08
barye,false,2026-10-08
basal,false,2026-10-08
basan,false,2026-10-08
basas,false,2026-10-08
based,false,2026-10-08
basen,false,2026-10-08
baser,false,2026-10-08
bases,false,2026-10-08
basha,false,2026-10-08
basho,false,2026-10-08
basic,true,2026-10-08
basij,false,2026-10-08
basil,true,2026-10-08
basin,true,2026-10-08
basis,true,2026-10-08
basks,false,2026-10-08
bason,false,2026-10-08
basse,false,2026-10-08
bassi,false,2026-10-08
basso,false,2026-10-08
bassy,false,2026-10-08
basta,false,2026-10-08
baste,true,2026-10-08
basti,false,2026-10-08
basto,false,2026-10-08
basts,false,2026-10-08
batch,true,2026-10-08
bated,false,2026-10-08
bates,false,2026-10-08
bathe,true,2026-10-08
baths,false,2026-10-08
batik,false,2026-10-08
baton,true,2026-10-08
batos,false,2026-10-08
batta,false,2026-10-08
batts,false,2026-10-08
battu,false,2026-10-08
batty,true,2026-10-08
bauds,false,2026-10-08
bauks,false,2026-10-08
baulk,false,2026-10-08
baurs,false,2026-10-08
bavin,false,2026-10-08
bawds,false,2026-10-08
bawdy,true,2026-10-08
bawks,false,2026-10-08
bawls,false,2026-10-08
bawns,false,2026-10-08
bawrs,false,2026-10-08
bawty,false,2026-10-08
bayas,false,2026-10-08
bayed,false,2026-10-08
bayer,false,2026-10-08
bayes,false,2026-10-08
bayle,false,2026-10-08
bayou,true,2026-10-08
bayts,false,2026-10-08
bazar,false,2026-10-08
bazas,false,2026-10-08
bazoo,false,2026-10-08
bball,false,2026-10-08
bdays,false,2026-10-08
beach,true,2026-10-08
beads,false,2026-10-08
beady,true,2026-10-08
beaks,false,2026-10-08
beaky,false,2026-10-08
beals,false,2026-10-08
beams,false,2026-10-08
beamy,false,2026-10-08
beano,false,2026-10-08
beans,false,2026-10-08
beany,false,2026-10-08
beard,true,2026-10-08
beare,false,2026-10-08
bears,false,2026-10-08
beast,true,2026-10-08
beath,false,2026-10-08
beats,false,2026-10-08
beaty,false,2026-10-08
beaus,false,2026-10-08
beaut,true,2026-10-08
beaux,false,2026-10-08
bebop,false,2026-10-08
becap,false,2026-10-08
becke,false,2026-10-08
becks,false,2026-10-08
bedad,false,2026-10-08
bedel,false,2026-10-08
bedes,false,2026-10-08
bedew,false,2026-10-08
bedim,false,2026-10-08
bedye,false,2026-10-08
beech,false,2026-10-08
beedi,false,2026-10-08
beefs,false,2026-10-08
beefy,true,2026-10-08
beeps,false,2026-10-08
beers,false,2026-10-08
beery,false,2026-10-08
beets,false,2026-10-08
befit,true,2026-10-08
befog,false,2026-10-08
begad,false,2026-10-08
began,false,2026-10-08
begar,false,2026-10-08
begat,false,2026-10-08
begem,false,2026-10-08
beget,true,2026-10-08
begin,true,2026-10-08
begob,false,2026-10-08
begot,false,2026-10-08
begum,false,2026-10-08
begun,true,2026-10-08
beige,true,2026-10-08
beigy,false,2026-10-08
being,true,2026-10-08
beins,false,2026-10-08
beira,false,2026-10-08
beisa,false,2026-10-08
bekah,false,2026-10-08
belah,false,2026-10-08
belar,false,2026-10-08
belay,false,2026-10-08
belch,true,2026-10-08
belee,false,2026-10-08
belga,false,2026-10-08
belie,true,2026-10-08
belit,false,2026-10-08
belle,true,2026-10-08
belli,false,2026-10-08
bello,false,2026-10-08
bells,false,2026-10-08
belly,true,2026-10-08
belon,false,2026-10-08
below,true,2026-10-08
belts,false,2026-10-08
belve,false,2026-10-08
bemad,false,2026-10-08
bemas,false,2026-10-08
bemix,false,2026-10-08
bemud,false,2026-10-08
bench,true,2026-10-08
bends,false,2026-10-08
bendy,false,2026-10-08
benes,false,2026-10-08
benet,false,2026-10-08
benga,false,2026-10-08
benis,false,2026-10-08
benji,false,2026-10-08
benne,false,2026-10-08
benni,false,2026-10-08
benny,false,2026-10-08
bento,false,2026-10-08
bents,false,2026-10-08
benty,false,2026-10-08
bepat,false,2026-10-08
beray,false,2026-10-08
beres,false,2026-10-08
beret,true,2026-10-08
bergs,false,2026-10-08
berko,false,2026-10-08
berks,false,2026-10-08
berme,false,2026-10-08
berms,false,2026-10-08
berob,false,2026-10-08
berry,false,2026-10-08
berth,true,2026-10-08
beryl,false,2026-10-08
besat,false,2026-10-08
besaw,false,2026-10-08
besee,false,2026-10-08
beses,false,2026-10-08
beset,true,2026-10-08
besit,false,2026-10-08
besom,false,2026-10-08
besot,false,2026-10-08
besti,false,2026-10-08
bests,false,2026-10-08
betas,false,2026-10-08
beted,false,2026-10-08
betel,false,2026-10-08
betes,false,2026-10-08
beths,false,2026-10-08
betid,false,2026-10-08
beton,false,2026-10-08
betta,false,2026-10-08
betty,false,2026-10-08
bevan,false,2026-10-08
bevel,true,2026-10-08
bever,false,2026-10-08
bevor,false,2026-10-08
bevue,false,2026-10-08
bevvy,false,2026-10-08
bewdy,false,2026-10-08
bewet,false,2026-10-08
bewig,false,2026-10-08
bezel,false,2026-10-08
bezes,false,2026-10-08
bezil,false,2026-10-08
bezzy,false,2026-10-08
bhais,false,2026-10-08
bhaji,false,2026-10-08
bhang,false,2026-10-08
bhats,false,2026-10-08
bhava,false,2026-10-08
bhels,false,2026-10-08
bhoot,false,2026-10-08
bhuna,false,2026-10-08
bhuts,false,2026-10-08
biach,false,2026-10-08
biali,false,2026-10-08
bialy,false,2026-10-08
bibbs,false,2026-10-08
bibes,false,2026-10-08
bibis,false,2026-10-08
bible,false,2026-10-08
biccy,false,2026-10-08
bicep,true,2026-10-08
bices,false,2026-10-08
bicky,false,2026-10-08
biddy,false,2026-10-08
bided,false,2026-10-08
bider,false,2026-10-08
bides,false,2026-10-08
bidet,false,2026-10-08
bidis,false,2026-10-08
bidon,false,2026-10-08
bidri,false,2026-10-08
bield,false,2026-10-08
biers,false,2026-10-08
biffo,false,2026-10-08
biffs,false,2026-10-08
biffy,false,2026-10-08
bifid,false,2026-10-08
bigae,false,2026-10-08
biggs,false,2026-10-08
biggy,false,2026-10-08
bigha,false,2026-10-08
bight,false,2026-10-08
bigly,false,2026-10-08
bigos,false,2026-10-08
bigot,false,2026-10-08
bihon,false,2026-10-08
bijou,false,2026-10-08
biked,false,2026-10-08
biker,false,2026-10-08
bikes,false,2026-10-08
bikie,false,2026-10-08
bikky,false,2026-10-08
bilal,false,2026-10-08
bilat,false,2026-10-08
bilbo,false,2026-10-08
bilby,false,2026-10-08
biled,false,2026-10-08
biles,false,2026-10-08
bilge,true,2026-10-08
bilgy,false,2026-10-08
bilks,false,2026-10-08
bills,false,2026-10-08
billy,false,2026-10-08
bimah,false,2026-10-08
bimas,false,2026-10-08
bimbo,false,2026-10-08
binal,false,2026-10-08
bindi,false,2026-10-08
binds,false,2026-10-08
biner,false,2026-10-08
bines,false,2026-10-08
binge,true,2026-10-08
bingo,false,2026-10-08
bings,false,2026-10-08
bingy,false,2026-10-08
binit,false,2026-10-08
binks,false,2026-10-08
binky,false,2026-10-08
bints,false,2026-10-08
biogs,false,2026-10-08
biome,true,2026-10-08
bions,false,2026-10-08
biont,false,2026-10-08
biose,false,2026-10-08
biota,false,2026-10-08
biped,false,2026-10-08
bipod,false,2026-10-08
bippy,false,2026-10-08
birch,true,2026-10-08
birdo,false,2026-10-08
birds,false,2026-10-08
biris,false,2026-10-08
birks,false,2026-10-08
birle,false,2026-10-08
birls,false,2026-10-08
biros,false,2026-10-08
birrs,false,2026-10-08
birse,false,2026-10-08
birsy,false,2026-10-08
birth,true,2026-10-08
birze,false,2026-10-08
birzz,false,2026-10-08
bises,false,2026-10-08
bisks,false,2026-10-08
bisom,false,2026-10-08
bison,false,2026-10-08
bitch,false,2026-10-08
biter,false,2026-10-08
bites,false,2026-10-08
bitey,false,2026-10-08
bitos,false,2026-10-08
bitou,false,2026-10-08
bitsy,false,2026-10-08
bitte,false,2026-10-08
bitts,false,2026-10-08
bitty,false,2026-10-08
bivia,false,2026-10-08
bivvy,false,2026-10-08
bizes,false,2026-10-08
bizzo,false,2026-10-08
bizzy,false,2026-10-08
blabs,false,2026-10-08
black,true,2026-10-08
blade,true,2026-10-08
blads,false,2026-10-08
blady,false,2026-10-08
blaer,false,2026-10-08
blaes,false,2026-10-08
blaff,false,2026-10-08
blags,false,2026-10-08
blahs,false,2026-10-08
blain,false,2026-10-08
blame,true,2026-10-08
blams,false,2026-10-08
blanc,false,2026-10-08
bland,true,2026-10-08
blank,true,2026-10-08
blare,true,2026-10-08
blart,false,2026-10-08
blase,false,2026-10-08
blash,false,2026-10-08
blast,true,2026-10-08
blate,false,2026-10-08
blats,false,2026-10-08
blatt,false,2026-10-08
blaud,false,2026-10-08
blawn,false,2026-10-08
blaws,false,2026-10-08
blays,false,2026-10-08
blaze,true,2026-10-08
bleah,false,2026-10-08
bleak,true,2026-10-08
blear,false,2026-10-08
bleat,true,2026-10-08
blebs,false,2026-10-08
blech,false,2026-10-08
bleed,true,2026-10-08
bleep,true,2026-10-08
blees,false,2026-10-08
blend,true,2026-10-08
blent,false,2026-10-08
blert,false,2026-10-08
bless,false,2026-10-08
blest,false,2026-10-08
blets,false,2026-10-08
bleys,false,2026-10-08
blimp,true,2026-10-08
blimy,false,2026-10-08
blind,true,2026-10-08
bling,false,2026-10-08
blini,false,2026-10-08
blink,true,2026-10-08
blins,false,2026-10-08
bliny,false,2026-10-08
blips,false,2026-10-08
bliss,true,2026-10-08
blist,false,2026-10-08
blite,false,2026-10-08
blits,false,2026-10-08
blitz,false,2026-10-08
blive,false,2026-10-08
bloat,false,2026-10-08
blobs,false,2026-10-08
block,true,2026-10-08
blocs,false,2026-10-08
blogs,false,2026-10-08
bloke,true,2026-10-08
blond,true,2026-10-08
blonx,false,2026-10-08
blood,true,2026-10-08
blook,false,2026-10-08
bloom,true,2026-10-08
bloop,false,2026-10-08
blore,false,2026-10-08
blots,false,2026-10-08
blown,true,2026-10-08
blows,false,2026-10-08
blowy,false,2026-10-08
blubs,false,2026-10-08
blude,false,2026-10-08
bluds,false,2026-10-08
bludy,false,2026-10-08
blued,false,2026-10-08
bluer,false,2026-10-08
blues,false,2026-10-08
bluet,false,2026-10-08
bluey,false,2026-10-08
bluff,true,2026-10-08
bluid,false,2026-10-08
blume,false,2026-10-08
blunk,false,2026-10-08
blunt,true,2026-10-08
blurb,true,2026-10-08
blurs,false,2026-10-08
blurt,true,2026-10-08
blush,true,2026-10-08
blype,false,2026-10-08
boabs,false,2026-10-08
boaks,false,2026-10-08
board,true,2026-10-08
boars,false,2026-10-08
boart,false,2026-10-08
boast,true,2026-10-08
boats,false,2026-10-08
boaty,false,2026-10-08
bobac,false,2026-10-08
bobak,false,2026-10-08
bobas,false,2026-10-08
bobby,false,2026-10-08
bobol,false,2026-10-08
bobos,false,2026-10-08
bocca,false,2026-10-08
bocce,false,2026-10-08
bocci,false,2026-10-08
boche,false,2026-10-08
bocks,false,2026-10-08
boded,false,2026-10-08
bodes,false,2026-10-08
bodge,false,2026-10-08
bodgy,false,2026-10-08
bodhi,false,2026-10-08
bodle,false,2026-10-08
bodoh,false,2026-10-08
boeps,false,2026-10-08
boers,false,2026-10-08
boeti,false,2026-10-08
boets,false,2026-10-08
boeuf,false,2026-10-08
boffo,false,2026-10-08
boffs,false,2026-10-08
bogan,false,2026-10-08
bogey,false,2026-10-08
boggy,false,2026-10-08
bogie,false,2026-10-08
bogle,false,2026-10-08
bogue,false,2026-10-08
bogus,false,2026-10-08
bohea,false,2026-10-08
bohos,false,2026-10-08
boils,false,2026-10-08
boing,false,2026-10-08
boink,false,2026-10-08
boite,false,2026-10-08
boked,false,2026-10-08
bokeh,false,2026-10-08
bokes,false,2026-10-08
bokos,false,2026-10-08
bolar,false,2026-10-08
bolas,false,2026-10-08
boldo,false,2026-10-08
bolds,false,2026-10-08
boles,false,2026-10-08
bolet,false,2026-10-08
bolix,false,2026-10-08
bolks,false,2026-10-08
bolls,false,2026-10-08
bolos,false,2026-10-08
bolts,false,2026-10-08
bolus,false,2026-10-08
bomas,false,2026-10-08
bombe,false,2026-10-08
bombo,false,2026-10-08
bombs,false,2026-10-08
bomoh,false,2026-10-08
bomor,false,2026-10-08
bonce,false,2026-10-08
bonds,false,2026-10-08
boned,false,2026-10-08
boner,false,2026-10-08
bones,false,2026-10-08
boney,false,2026-10-08
bongo,true,2026-10-08
bongs,false,2026-10-08
bonie,false,2026-10-08
bonks,false,2026-10-08
bonne,false,2026-10-08
bonny,false,2026-10-08
bonum,false,2026-10-08
bonus,true,2026-10-08
bonza,false,2026-10-08
bonze,false,2026-10-08
booai,false,2026-10-08
booay,false,2026-10-08
boobs,false,2026-10-08
booby,true,2026-10-08
boody,false,2026-10-08
booed,false,2026-10-08
boofy,false,2026-10-08
boogy,false,2026-10-08
boohs,false,2026-10-08
books,false,2026-10-08
booky,false,2026-10-08
bools,false,2026-10-08
booms,false,2026-10-08
boomy,false,2026-10-08
boong,false,2026-10-08
boons,false,2026-10-08
boord,false,2026-10-08
boors,false,2026-10-08
boose,false,2026-10-08
boost,true,2026-10-08
booth,true,2026-10-08
boots,false,2026-10-08
booty,true,2026-10-08
booze,true,2026-10-08
boozy,true,2026-10-08
boppy,false,2026-10-08
borak,false,2026-10-08
boral,false,2026-10-08
boras,false,2026-10-08
borax,true,2026-10-08
borde,false,2026-10-08
bords,false,2026-10-08
bored,false,2026-10-08
boree,false,2026-10-08
borek,false,2026-10-08
borel,false,2026-10-08
borer,false,2026-10-08
bores,false,2026-10-08
borgo,false,2026-10-08
boric,false,2026-10-08
borks,false,2026-10-08
borms,false,2026-10-08
borna,false,2026-10-08
borne,true,2026-10-08
boron,false,2026-10-08
borts,false,2026-10-08
borty,false,2026-10-08
bortz,false,2026-10-08
bosey,false,2026-10-08
bosie,false,2026-10-08
bosks,false,2026-10-08
bosky,false,2026-10-08
bosom,false,2026-10-08
boson,false,2026-10-08
bossa,false,2026-10-08
bossy,true,2026-10-08
bosun,false,2026-10-08
botas,false,2026-10-08
botch,false,2026-10-08
boteh,false,2026-10-08
botel,false,2026-10-08
botes,false,2026-10-08
botew,false,2026-10-08
bothy,false,2026-10-08
botos,false,2026-10-08
botte,false,2026-10-08
botts,false,2026-10-08
botty,false,2026-10-08
bouge,false,2026-10-08
bough,true,2026-10-08
bouks,false,2026-10-08
boule,false,2026-10-08
boult,false,2026-10-08
bound,false,2026-10-08
bouns,false,2026-10-08
bourd,false,2026-10-08
bourg,false,2026-10-08
bourn,false,2026-10-08
bouse,false,2026-10-08
bousy,false,2026-10-08
bouts,false,2026-10-08
boutu,false,2026-10-08
bovid,false,2026-10-08
bowat,false,2026-10-08
bowed,false,2026-10-08
bowel,false,2026-10-08
bower,false,2026-10-08
bowes,false,2026-10-08
bowet,false,2026-10-08
bowie,false,2026-10-08
bowls,false,2026-10-08
bowne,false,2026-10-08
bowrs,false,2026-10-08
bowse,false,2026-10-08
boxed,false,2026-10-08
boxen,false,2026-10-08
boxer,true,2026-10-08
boxes,false,2026-10-08
boxla,false,2026-10-08
boxty,false,2026-10-08
boyar,false,2026-10-08
boyau,false,2026-10-08
boyed,false,2026-10-08
boyey,false,2026-10-08
boyfs,false,2026-10-08
boygs,false,2026-10-08
boyla,false,2026-10-08
boyly,false,2026-10-08
boyos,false,2026-10-08
boysy,false,2026-10-08
bozos,false,2026-10-08
braai,false,2026-10-08
brace,true,2026-10-08
brach,false,2026-10-08
brack,false,2026-10-08
bract,false,2026-10-08
brads,false,2026-10-08
braes,false,2026-10-08
brags,false,2026-10-08
brahs,false,2026-10-08
braid,true,2026-10-08
brail,false,2026-10-08
brain,true,2026-10-08
brake,true,2026-10-08
braks,false,2026-10-08
braky,false,2026-10-08
brame,false,2026-10-08
brand,true,2026-10-08
brane,false,2026-10-08
brank,false,2026-10-08
brans,false,2026-10-08
brant,false,2026-10-08
brash,true,2026-10-08
brass,true,2026-10-08
brast,false,2026-10-08
brats,false,2026-10-08
brava,false,2026-10-08
brave,true,2026-10-08
bravi,false,2026-10-08
bravo,true,2026-10-08
brawl,false,2026-10-08
brawn,true,2026-10-08
braws,false,2026-10-08
braxy,false,2026-10-08
brays,false,2026-10-08
braza,false,2026-10-08
braze,false,2026-10-08
bread,true,2026-10-08
break,true,2026-10-08
bream,false,2026-10-08
brede,false,2026-10-08
breds,false,2026-10-08
breed,true,2026-10-08
breem,false,2026-10-08
breer,false,2026-10-08
brees,false,2026-10-08
breid,false,2026-10-08
breis,false,2026-10-08
breme,false,2026-10-08
brens,false,2026-10-08
brent,false,2026-10-08
brere,false,2026-10-08
brers,false,2026-10-08
breve,false,2026-10-08
brews,false,2026-10-08
breys,false,2026-10-08
briar,true,2026-10-08
bribe,true,2026-10-08
brick,false,2026-10-08
bride,true,2026-10-08
brief,true,2026-10-08
brier,false,2026-10-08
bries,false,2026-10-08
brigs,false,2026-10-08
briki,false,2026-10-08
briks,false,2026-10-08
brill,false,2026-10-08
brims,false,2026-10-08
brine,true,2026-10-08
bring,true,2026-10-08
brink,true,2026-10-08
brins,false,2026-10-08
briny,true,2026-10-08
brios,false,2026-10-08
brise,false,2026-10-08
brisk,true,2026-10-08
briss,false,2026-10-08
brith,false,2026-10-08
brits,false,2026-10-08
britt,false,2026-10-08
brize,false,2026-10-08
broad,true,2026-10-08
broch,false,2026-10-08
brock,false,2026-10-08
brods,false,2026-10-08
brogh,false,2026-10-08
brogs,false,2026-10-08
broil,true,2026-10-08
broke,true,2026-10-08
brome,false,2026-10-08
bromo,false,2026-10-08
bronc,false,2026-10-08
brond,false,2026-10-08
brood,true,2026-10-08
brook,true,2026-10-08
brool,false,2026-10-08
broom,true,2026-10-08
broos,false,2026-10-08
brose,false,2026-10-08
brosy,false,2026-10-08
broth,true,2026-10-08
brown,true,2026-10-08
brows,false,2026-10-08
bruck,false,2026-10-08
brugh,false,2026-10-08
bruhs,false,2026-10-08
bruin,false,2026-10-08
bruit,false,2026-10-08
bruja,false,2026-10-08
brujo,false,2026-10-08
brule,false,2026-10-08
brume,false,2026-10-08
brung,false,2026-10-08
brunt,false,2026-10-08
brush,true,2026-10-08
brusk,false,2026-10-08
brust,false,2026-10-08
brute,true,2026-10-08
bruts,false,2026-10-08
bruvs,false,2026-10-08
buats,false,2026-10-08
buaze,false,2026-10-08
bubal,false,2026-10-08
bubas,false,2026-10-08
bubba,false,2026-10-08
bubbe,false,2026-10-08
bubby,false,2026-10-08
bubus,false,2026-10-08
buchu,false,2026-10-08
bucko,false,2026-10-08
bucks,false,2026-10-08
bucku,false,2026-10-08
budas,false,2026-10-08
buddy,true,2026-10-08
buded,false,2026-10-08
budes,false,2026-10-08
budge,true,2026-10-08
budis,false,2026-10-08
budos,false,2026-10-08
buena,false,2026-10-08
buffa,false,2026-10-08
buffe,false,2026-10-08
buffi,false,2026-10-08
buffo,false,2026-10-08
buffs,false,2026-10-08
buffy,false,2026-10-08
bufos,false,2026-10-08
bufty,false,2026-10-08
bugan,false,2026-10-08
buggy,true,2026-10-08
bugle,true,2026-10-08
buhls,false,2026-10-08
buhrs,false,2026-10-08
buiks,false,2026-10-08
build,true,2026-10-08
built,true,2026-10-08
buist,false,2026-10-08
bukes,false,2026-10-08
bukos,false,2026-10-08
bulbs,false,2026-10-08
bulge,true,2026-10-08
bulgy,false,2026-10-08
bulks,false,2026-10-08
bulky,true,2026-10-08
bulla,false,2026-10-08
bulls,false,2026-10-08
bully,true,2026-10-08
bulse,false,2026-10-08
bumbo,false,2026-10-08
bumfs,false,2026-10-08
bumph,false,2026-10-08
bumps,false,2026-10-08
bumpy,false,2026-10-08
bunas,false,2026-10-08
bunce,false,2026-10-08
bunch,true,2026-10-08
bunco,false,2026-10-08
bunde,false,2026-10-08
bundh,false,2026-10-08
bunds,false,2026-10-08
bundt,false,2026-10-08
bundu,false,2026-10-08
bundy,false,2026-10-08
bungs,false,2026-10-08
bungy,false,2026-10-08
bunia,false,2026-10-08
bunje,false,2026-10-08
bunjy,false,2026-10-08
bunko,false,2026-10-08
bunks,false,2026-10-08
bunns,false,2026-10-08
bunny,true,2026-10-08
bunts,false,2026-10-08
bunty,false,2026-10-08
bunya,false,2026-10-08
buoys,false,2026-10-08
buppy,false,2026-10-08
buran,false,2026-10-08
buras,false,2026-10-08
burbs,false,2026-10-08
burds,false,2026-10-08
buret,false,2026-10-08
burfi,false,2026-10-08
burgh,false,2026-10-08
burgs,false,2026-10-08
burin,false,2026-10-08
burka,false,2026-10-08
burke,false,2026-10-08
burks,false,2026-10-08
burls,false,2026-10-08
burly,true,2026-10-08
burns,false,2026-10-08
burnt,true,2026-10-08
buroo,false,2026-10-08
burps,false,2026-10-08
burqa,false,2026-10-08
burra,false,2026-10-08
burro,false,2026-10-08
burrs,false,2026-10-08
burry,false,2026-10-08
bursa,false,2026-10-08
burse,false,2026-10-08
burst,true,2026-10-08
busby,false,2026-10-08
bused,false,2026-10-08
buses,false,2026-10-08
bushy,false,2026-10-08
busks,false,2026-10-08
busky,false,2026-10-08
bussu,false,2026-10-08
busti,false,2026-10-08
busts,false,2026-10-08
busty,false,2026-10-08
butch,false,2026-10-08
buteo,false,2026-10-08
butes,false,2026-10-08
butle,false,2026-10-08
butoh,false,2026-10-08
butte,true,2026-10-08
butts,false,2026-10-08
butty,false,2026-10-08
butut,false,2026-10-08
butyl,false,2026-10-08
buxom,false,2026-10-08
buyer,true,2026-10-08
buyin,false,2026-10-08
buzzy,false,2026-10-08
bwana,false,2026-10-08
bwazi,false,2026-10-08
byded,false,2026-10-08
bydes,false,2026-10-08
byked,false,2026-10-08
bykes,false,2026-10-08
bylaw,true,2026-10-08
byres,false,2026-10-08
byrls,false,2026-10-08
byssi,false,2026-10-08
bytes,false,2026-10-08
byway,false,2026-10-08
caaed,false,2026-10-08
cabal,false,2026-10-08
cabas,false,2026-10-08
cabby,false,2026-10-08
caber,false,2026-10-08
cabin,false,2026-10-08
cable,true,2026-10-08
cabob,false,2026-10-08
caboc,false,2026-10-08
cabre,false,2026-10-08
cacao,true,2026-10-08
cacas,false,2026-10-08
cache,true,2026-10-08
cacks,false,2026-10-08
cacky,false,2026-10-08
cacti,true,2026-10-08
caddy,false,2026-10-08
cadee,false,2026-10-08
cades,false,2026-10-08
cadet,true,2026-10-08
cadge,false,2026-10-08
cadgy,false,2026-10-08
cadie,false,2026-10-08
cadis,false,2026-10-08
cadre,false,2026-10-08
caeca,false,2026-10-08
caese,false,2026-10-08
cafes,false,2026-10-08
caffe,false,2026-10-08
caffs,false,2026-10-08
caged,false,2026-10-08
cager,false,2026-10-08
cages,false,2026-10-08
cagey,false,2026-10-08
cagot,false,2026-10-08
cahow,false,2026-10-08
caids,false,2026-10-08
cains,false,2026-10-08
caird,false,2026-10-08
cairn,false,2026-10-08
cajon,false,2026-10-08
cajun,false,2026-10-08
caked,false,2026-10-08
cakes,false,2026-10-08
cakey,false,2026-10-08
calfs,false,2026-10-08
calid,false,2026-10-08
calif,false,2026-10-08
calix,false,2026-10-08
calks,false,2026-10-08
calla,false,2026-10-08
calle,false,2026-10-08
calls,false,2026-10-08
calms,false,2026-10-08
calmy,false,2026-10-08
calos,false,2026-10-08
calpa,false,2026-10-08
calps,false,2026-10-08
calve,false,2026-10-08
calyx,false,2026-10-08
caman,false,2026-10-08
camas,false,2026-10-08
camel,true,2026-10-08
cameo,true,2026-10-08
cames,false,2026-10-08
camis,false,2026-10-08
camos,false,2026-10-08
campi,false,2026-10-08
campo,false,2026-10-08
camps,false,2026-10-08
campy,false,2026-10-08
camus,false,2026-10-08
canal,true,2026-10-08
cando,false,2026-10-08
candy,true,2026-10-08
caned,false,2026-10-08
caneh,false,2026-10-08
caner,false,2026-10-08
canes,false,2026-10-08
cangs,false,2026-10-08
canid,false,2026-10-08
canna,false,2026-10-08
canns,false,2026-10-08
canny,true,2026-10-08
canoe,true,2026-10-08
canon,true,2026-10-08
canso,false,2026-10-08
canst,false,2026-10-08
canti,false,2026-10-08
canto,false,2026-10-08
cants,false,2026-10-08
canty,false,2026-10-08
capas,false,2026-10-08
capax,false,2026-10-08
caped,false,2026-10-08
caper,true,2026-10-08
capes,false,2026-10-08
capex,false,2026-10-08
caphs,false,2026-10-08
capiz,false,2026-10-08
caple,false,2026-10-08
capon,true,2026-10-08
capos,false,2026-10-08
capot,false,2026-10-08
capri,false,2026-10-08
capul,false,2026-10-08
caput,false,2026-10-08
carap,false,2026-10-08
carat,true,2026-10-08
carbo,false,2026-10-08
carbs,false,2026-10-08
carby,false,2026-10-08
cardi,false,2026-10-08
cards,false,2026-10-08
cardy,false,2026-10-08
cared,false,2026-10-08
carer,false,2026-10-08
cares,false,2026-10-08
caret,false,2026-10-08
carex,false,2026-10-08
cargo,true,2026-10-08
carks,false,2026-10-08
carle,false,2026-10-08
carls,false,2026-10-08
carne,false,2026-10-08
carns,false,2026-10-08
carny,false,2026-10-08
carob,false,2026-10-08
carol,true,2026-10-08
carom,true,2026-10-08
caron,false,2026-10-08
carpe,false,2026-10-08
carpi,false,2026-10-08
carps,false,2026-10-08
carrs,false,2026-10-08
carry,true,2026-10-08
carse,false,2026-10-08
carta,false,2026-10-08
carte,false,2026-10-08
carts,false,2026-10-08
carve,true,2026-10-08
carvy,false,2026-10-08
casas,false,2026-10-08
casco,false,2026-10-08
cased,false,2026-10-08
caser,false,2026-10-08
cases,false,2026-10-08
casks,false,2026-10-08
casky,false,2026-10-08
caste,false,2026-10-08
casts,false,2026-10-08
casus,false,2026-10-08
catch,true,2026-10-08
cater,true,2026-10-08
cates,false,2026-10-08
catty,true,2026-10-08
cauda,false,2026-10-08
cauks,false,2026-10-08
cauld,false,2026-10-08
caulk,true,2026-10-08
cauls,false,2026-10-08
caums,false,2026-10-08
caups,false,2026-10-08
cauri,false,2026-10-08
causa,false,2026-10-08
cause,true,2026-10-08
cavas,false,2026-10-08
caved,false,2026-10-08
cavel,false,2026-10-08
caver,false,2026-10-08
caves,false,2026-10-08
cavie,false,2026-10-08
cavil,false,2026-10-08
cavus,false,2026-10-08
cawed,false,2026-10-08
cawks,false,2026-10-08
caxon,false,2026-10-08
cease,true,2026-10-08
ceaze,false,2026-10-08
cebid,false,2026-10-08
cecal,false,2026-10-08
cecum,false,2026-10-08
cedar,true,2026-10-08
ceded,false,2026-10-08
ceder,false,2026-10-08
cedes,false,2026-10-08
cedis,false,2026-10-08
ceiba,false,2026-10-08
ceili,false,2026-10-08
ceils,false,2026-10-08
celeb,false,2026-10-08
cella,false,2026-10-08
celli,false,2026-10-08
cello,true,2026-10-08
cells,false,2026-10-08
celly,false,2026-10-08
celom,false,2026-10-08
celts,false,2026-10-08
cense,false,2026-10-08
cento,false,2026-10-08
cents,false,2026-10-08
centu,false,2026-10-08
ceorl,false,2026-10-08
cepes,false,2026-10-08
cerci,false,2026-10-08
cered,false,2026-10-08
ceres,false,2026-10-08
cerge,false,2026-10-08
ceria,false,2026-10-08
ceric,false,2026-10-08
cerne,false,2026-10-08
ceroc,false,2026-10-08
ceros,false,2026-10-08
certs,false,2026-10-08
certy,false,2026-10-08
cesse,false,2026-10-08
cesta,false,2026-10-08
cesti,false,2026-10-08
cetes,false,2026-10-08
cetyl,false,2026-10-08
cezve,false,2026-10-08
chaap,false,2026-10-08
chaat,false,2026-10-08
chace,false,2026-10-08
chack,false,2026-10-08
chaco,false,2026-10-08
chado,false,2026-10-08
chads,false,2026-10-08
chafe,true,2026-10-08
chaff,false,2026-10-08
chaft,false,2026-10-08
chain,true,2026-10-08
chair,true,2026-10-08
chais,false,2026-10-08
chalk,true,2026-10-08
chals,false,2026-10-08
champ,true,2026-10-08
chams,false,2026-10-08
chana,false,2026-10-08
chang,false,2026-10-08
chank,false,2026-10-08
chant,true,2026-10-08
chaos,true,2026-10-08
chape,false,2026-10-08
chaps,false,2026-10-08
chapt,false,2026-10-08
chara,false,2026-10-08
chard,true,2026-10-08
chare,false,2026-10-08
chark,false,2026-10-08
charm,true,2026-10-08
charr,false,2026-10-08
chars,false,2026-10-08
chart,true,2026-10-08
chary,false,2026-10-08
chase,true,2026-10-08
chasm,true,2026-10-08
chats,false,2026-10-08
chava,false,2026-10-08
chave,false,2026-10-08
chavs,false,2026-10-08
chawk,false,2026-10-08
chawl,false,2026-10-08
chaws,false,2026-10-08
chaya,false,2026-10-08
chays,false,2026-10-08
cheap,true,2026-10-08
cheat,true,2026-10-08
cheba,false,2026-10-08
check,true,2026-10-08
chedi,false,2026-10-08
cheeb,false,2026-10-08
cheek,true,2026-10-08
cheep,false,2026-10-08
cheer,true,2026-10-08
cheet,false,2026-10-08
chefs,false,2026-10-08
cheka,false,2026-10-08
chela,false,2026-10-08
chelp,false,2026-10-08
chemo,false,2026-10-08
chems,false,2026-10-08
chere,false,2026-10-08
chert,false,2026-10-08
chess,false,2026-10-08
chest,true,2026-10-08
cheth,false,2026-10-08
chevy,false,2026-10-08
chews,false,2026-10-08
chewy,false,2026-10-08
chiao,false,2026-10-08
chias,false,2026-10-08
chiba,false,2026-10-08
chibs,false,2026-10-08
chica,false,2026-10-08
chich,false,2026-10-08
chick,false,2026-10-08
chico,false,2026-10-08
chics,false,2026-10-08
chide,true,2026-10-08
chief,true,2026-10-08
chiel,false,2026-10-08
chiko,false,2026-10-08
chiks,false,2026-10-08
child,true,2026-10-08
chile,false,2026-10-08
chili,true,2026-10-08
chill,true,2026-10-08
chimb,false,2026-10-08
chime,true,2026-10-08
chimo,false,2026-10-08
chimp,false,2026-10-08
china,false,2026-10-08
chine,false,2026-10-08
ching,false,2026-10-08
chink,false,2026-10-08
chino,false,2026-10-08
chins,false,2026-10-08
chips,false,2026-10-08
chirk,false,2026-10-08
chirl,false,2026-10-08
chirm,false,2026-10-08
chiro,false,2026-10-08
chirp,true,2026-10-08
chirr,false,2026-10-08
chirt,false,2026-10-08
chiru,false,2026-10-08
chiti,false,2026-10-08
chits,false,2026-10-08
chiva,false,2026-10-08
chive,false,2026-10-08
chivs,false,2026-10-08
chivy,false,2026-10-08
chizz,false,2026-10-08
chock,true,2026-10-08
choco,false,2026-10-08
chocs,false,2026-10-08
chode,false,2026-10-08
chogs,false,2026-10-08
choil,false,2026-10-08
choir,true,2026-10-08
choke,true,2026-10-08
choko,false,2026-10-08
choky,false,2026-10-08
chola,false,2026-10-08
choli,false,2026-10-08
cholo,false,2026-10-08
chomp,false,2026-10-08
chons,false,2026-10-08
choof,false,2026-10-08
chook,false,2026-10-08
choom,false,2026-10-08
choon,false,2026-10-08
chops,false,2026-10-08
chord,true,2026-10-08
chore,true,2026-10-08
chose,true,2026-10-08
choss,false,2026-10-08
chota,false,2026-10-08
chott,false,2026-10-08
chout,false,2026-10-08
choux,false,2026-10-08
chowk,false,2026-10-08
chows,false,2026-10-08
chubs,false,2026-10-08
chuck,true,2026-10-08
chufa,false,2026-10-08
chuff,false,2026-10-08
chugs,false,2026-10-08
chump,true,2026-10-08
chums,false,2026-10-08
chunk,true,2026-10-08
churl,false,2026-10-08
churn,true,2026-10-08
churr,false,2026-10-08
chuse,false,2026-10-08
chute,true,2026-10-08
chuts,false,2026-10-08
chyle,false,2026-10-08
chyme,false,2026-10-08
chynd,false,2026-10-08
cibol,false,2026-10-08
cided,false,2026-10-08
cider,true,2026-10-08
cides,false,2026-10-08
ciels,false,2026-10-08
cigar,true,2026-10-08
ciggy,false,2026-10-08
cilia,false,2026-10-08
cills,false,2026-10-08
cimar,false,2026-10-08
cimex,false,2026-10-08
cinch,true,2026-10-08
cinct,false,2026-10-08
cines,false,2026-10-08
cinqs,false,2026-10-08
cions,false,2026-10-08
cippi,false,2026-10-08
circa,true,2026-10-08
circs,false,2026-10-08
cires,false,2026-10-08
cirls,false,2026-10-08
cirri,false,2026-10-08
cisco,false,2026-10-08
cissy,false,2026-10-08
cists,false,2026-10-08
cital,false,2026-10-08
cited,false,2026-10-08
citee,false,2026-10-08
citer,false,2026-10-08
cites,false,2026-10-08
cives,false,2026-10-08
civet,false,2026-10-08
civic,true,2026-10-08
civie,false,2026-10-08
civil,true,2026-10-08
civvy,false,2026-10-08
clach,false,2026-10-08
clack,true,2026-10-08
clade,false,2026-10-08
clads,false,2026-10-08
claes,false,2026-10-08
clags,false,2026-10-08
claim,false,2026-10-08
clair,false,2026-10-08
clame,false,2026-10-08
clamp,true,2026-10-08
clams,false,2026-10-08
clang,true,2026-10-08
clank,false,2026-10-08
clans,false,2026-10-08
claps,false,2026-10-08
clapt,false,2026-10-08
claro,false,2026-10-08
clart,false,2026-10-08
clary,false,2026-10-08
clash,true,2026-10-08
clasp,true,2026-10-08
class,true,2026-10-08
clast,false,2026-10-08
clats,false,2026-10-08
claut,false,2026-10-08
clave,false,2026-10-08
clavi,false,2026-10-08
claws,false,2026-10-08
clays,false,2026-10-08
clean,true,2026-10-08
clear,true,2026-10-08
cleat,false,2026-10-08
cleck,false,2026-10-08
cleek,false,2026-10-08
cleep,false,2026-10-08
clefs,false,2026-10-08
cleft,true,2026-10-08
clegs,false,2026-10-08
cleik,false,2026-10-08
clems,false,2026-10-08
clepe,false,2026-10-08
clept,false,2026-10-08
clerk,true,2026-10-08
cleve,false,2026-10-08
clews,false,2026-10-08
click,true,2026-10-08
clied,false,2026-10-08
clies,false,2026-10-08
cliff,true,2026-10-08
clift,false,2026-10-08
climb,true,2026-10-08
clime,false,2026-10-08
cline,false,2026-10-08
cling,true,2026-10-08
clink,true,2026-10-08
clint,false,2026-10-08
clipe,false,2026-10-08
clips,false,2026-10-08
clipt,false,2026-10-08
clits,false,2026-10-08
cloak,true,2026-10-08
cloam,false,2026-10-08
clock,true,2026-10-08
clods,false,2026-10-08
cloff,false,2026-10-08
clogs,false,2026-10-08
cloke,false,2026-10-08
clomb,false,2026-10-08
clomp,false,2026-10-08
clone,true,2026-10-08
clonk,false,2026-10-08
clons,false,2026-10-08
cloop,false,2026-10-08
cloot,false,2026-10-08
clops,false,2026-10-08
close,true,2026-10-08
clote,false,2026-10-08
cloth,true,2026-10-08
clots,false,2026-10-08
cloud,true,2026-10-08
clour,false,2026-10-08
clous,false,2026-10-08
clout,false,2026-10-08
clove,true,2026-10-08
clown,true,2026-10-08
clows,false,2026-10-08
cloye,false,2026-10-08
cloys,false,2026-10-08
cloze,false,2026-10-08
clubs,false,2026-10-08
cluck,true,2026-10-08
clued,false,2026-10-08
clues,false,2026-10-08
cluey,false,2026-10-08
clump,true,2026-10-08
clung,true,2026-10-08
clunk,true,2026-10-08
clype,false,2026-10-08
cnida,false,2026-10-08
coach,true,2026-10-08
coact,false,2026-10-08
coady,false,2026-10-08
coala,false,2026-10-08
coals,false,2026-10-08
coaly,false,2026-10-08
coapt,false,2026-10-08
coarb,false,2026-10-08
coast,true,2026-10-08
coate,false,2026-10-08
coati,false,2026-10-08
coats,false,2026-10-08
cobbs,false,2026-10-08
cobby,false,2026-10-08
cobia,false,2026-10-08
coble,false,2026-10-08
cobot,false,2026-10-08
cobra,false,2026-10-08
cobza,false,2026-10-08
cocas,false,2026-10-08
cocci,false,2026-10-08
cocco,false,2026-10-08
cocks,false,2026-10-08
cocky,false,2026-10-08
cocoa,true,2026-10-08
cocos,false,2026-10-08
cocus,false,2026-10-08
codas,false,2026-10-08
codec,false,2026-10-08
coded,false,2026-10-08
coden,false,2026-10-08
coder,false,2026-10-08
codes,false,2026-10-08
codex,false,2026-10-08
codon,false,2026-10-08
coeds,false,2026-10-08
coffs,false,2026-10-08
cogie,false,2026-10-08
cogon,false,2026-10-08
cogue,false,2026-10-08
cohab,false,2026-10-08
cohen,false,2026-10-08
cohoe,false,2026-10-08
cohog,false,2026-10-08
cohos,false,2026-10-08
coifs,false,2026-10-08
coign,false,2026-10-08
coils,false,2026-10-08
coins,false,2026-10-08
coirs,false,2026-10-08
coits,false,2026-10-08
coked,false,2026-10-08
cokes,false,2026-10-08
cokey,false,2026-10-08
colas,false,2026-10-08
colby,false,2026-10-08
colds,false,2026-10-08
coled,false,2026-10-08
coles,false,2026-10-08
coley,false,2026-10-08
colic,true,2026-10-08
colin,false,2026-10-08
colle,false,2026-10-08
colls,false,2026-10-08
colly,false,2026-10-08
colog,false,2026-10-08
colon,true,2026-10-08
color,false,2026-10-08
colts,false,2026-10-08
colza,false,2026-10-08
comae,false,2026-10-08
comal,false,2026-10-08
comas,false,2026-10-08
combe,false,2026-10-08
combi,false,2026-10-08
combo,false,2026-10-08
combs,false,2026-10-08
comby,false,2026-10-08
comer,false,2026-10-08
comes,false,2026-10-08
comet,true,2026-10-08
comfy,true,2026-10-08
comic,false,2026-10-08
comix,false,2026-10-08
comma,true,2026-10-08
comme,false,2026-10-08
commo,false,2026-10-08
comms,false,2026-10-08
commy,false,2026-10-08
compo,false,2026-10-08
comps,false,2026-10-08
compt,false,2026-10-08
comte,false,2026-10-08
comus,false,2026-10-08
conch,true,2026-10-08
condo,true,2026-10-08
coned,false,2026-10-08
cones,false,2026-10-08
conex,false,2026-10-08
coney,false,2026-10-08
confs,false,2026-10-08
conga,false,2026-10-08
conge,false,2026-10-08
congo,false,2026-10-08
conia,false,2026-10-08
conic,true,2026-10-08
conin,false,2026-10-08
conks,false,2026-10-08
conky,false,2026-10-08
conne,false,2026-10-08
conns,false,2026-10-08
conte,false,2026-10-08
conto,false,2026-10-08
conus,false,2026-10-08
convo,false,2026-10-08
cooch,false,2026-10-08
cooed,false,2026-10-08
cooee,false,2026-10-08
cooer,false,2026-10-08
cooey,false,2026-10-08
coofs,false,2026-10-08
cooks,false,2026-10-08
cooky,false,2026-10-08
cools,false,2026-10-08
cooly,false,2026-10-08
coomb,false,2026-10-08
cooms,false,2026-10-08
coomy,false,2026-10-08
coons,false,2026-10-08
coops,false,2026-10-08
coopt,false,2026-10-08
coost,false,2026-10-08
coots,false,2026-10-08
cooty,false,2026-10-08
cooze,false,2026-10-08
copal,false,2026-10-08
copay,false,2026-10-08
coped,false,2026-10-08
copen,false,2026-10-08
coper,false,2026-10-08
copes,false,2026-10-08
copha,false,2026-10-08
coppy,false,2026-10-08
copra,false,2026-10-08
copse,true,2026-10-08
copsy,false,2026-10-08
coqui,false,2026-10-08
coral,true,2026-10-08
coram,false,2026-10-08
corbe,false,2026-10-08
corby,false,2026-10-08
corda,false,2026-10-08
cords,false,2026-10-08
cored,false,2026-10-08
corer,true,2026-10-08
cores,false,2026-10-08
corey,false,2026-10-08
corgi,false,2026-10-08
coria,false,2026-10-08
corks,false,2026-10-08
corky,false,2026-10-08
corms,false,2026-10-08
corni,false,2026-10-08
corno,false,2026-10-08
corns,false,2026-10-08
cornu,false,2026-10-08
corny,true,2026-10-08
corps,false,2026-10-08
corse,false,2026-10-08
corso,false,2026-10-08
cosec,false,2026-10-08
cosed,false,2026-10-08
coses,false,2026-10-08
coset,false,2026-10-08
cosey,false,2026-10-08
cosie,false,2026-10-08
costa,false,2026-10-08
coste,false,2026-10-08
costs,false,2026-10-08
cotan,false,2026-10-08
cotch,false,2026-10-08
coted,false,2026-10-08
cotes,false,2026-10-08
coths,false,2026-10-08
cotta,false,2026-10-08
cotts,false,2026-10-08
couch,true,2026-10-08
coude,false,2026-10-08
cough,false,2026-10-08
could,true,2026-10-08
count,true,2026-10-08
coupe,false,2026-10-08
coups,false,2026-10-08
courb,false,2026-10-08
courd,false,2026-10-08
coure,false,2026-10-08
cours,false,2026-10-08
court,true,2026-10-08
couta,false,2026-10-08
couth,false,2026-10-08
coved,false,2026-10-08
coven,true,2026-10-08
cover,true,2026-10-08
coves,false,2026-10-08
covet,true,2026-10-08
covey,false,2026-10-08
covin,false,2026-10-08
cowal,false,2026-10-08
cowan,false,2026-10-08
cowed,false,2026-10-08
cower,true,2026-10-08
cowks,false,2026-10-08
cowls,false,2026-10-08
cowps,false,2026-10-08
cowry,false,2026-10-08
coxae,false,2026-10-08
coxal,false,2026-10-08
coxed,false,2026-10-08
coxes,false,2026-10-08
coxib,false,2026-10-08
coyau,false,2026-10-08
coyed,false,2026-10-08
coyer,false,2026-10-08
coyly,true,2026-10-08
coypu,false,2026-10-08
cozed,false,2026-10-08
cozen,false,2026-10-08
cozes,false,2026-10-08
cozey,false,2026-10-08
cozie,false,2026-10-08
craal,false,2026-10-08
crabs,false,2026-10-08
crack,false,2026-10-08
craft,true,2026-10-08
crags,false,2026-10-08
craic,false,2026-10-08
craig,false,2026-10-08
crake,false,2026-10-08
crame,false,2026-10-08
cramp,true,2026-10-08
crams,false,2026-10-08
crane,true,2026-10-08
crank,true,2026-10-08
crans,false,2026-10-08
crape,false,2026-10-08
craps,false,2026-10-08
crapy,false,2026-10-08
crare,false,2026-10-08
crash,true,2026-10-08
crass,true,2026-10-08
crate,true,2026-10-08
crave,true,2026-10-08
crawl,true,2026-10-08
craws,false,2026-10-08
crays,false,2026-10-08
craze,true,2026-10-08
crazy,true,2026-10-08
creak,true,2026-10-08
cream,true,2026-10-08
credo,true,2026-10-08
creds,false,2026-10-08
creed,true,2026-10-08
creek,false,2026-10-08
creel,false,2026-10-08
creep,false,2026-10-08
crees,false,2026-10-08
crein,false,2026-10-08
crema,false,2026-10-08
creme,false,2026-10-08
crems,false,2026-10-08
crena,false,2026-10-08
crepe,true,2026-10-08
creps,false,2026-10-08
crept,true,2026-10-08
crepy,false,2026-10-08
cress,false,2026-10-08
crest,true,2026-10-08
crewe,false,2026-10-08
crews,false,2026-10-08
crias,false,2026-10-08
cribo,false,2026-10-08
cribs,false,2026-10-08
crick,false,2026-10-08
cried,false,2026-10-08
crier,false,2026-10-08
cries,false,2026-10-08
crime,true,2026-10-08
crimp,true,2026-10-08
crims,false,2026-10-08
crine,false,2026-10-08
crink,false,2026-10-08
crins,false,2026-10-08
crios,false,2026-10-08
cripe,false,2026-10-08
crips,false,2026-10-08
crise,false,2026-10-08
crisp,true,2026-10-08
criss,false,2026-10-08
crith,false,2026-10-08
crits,false,2026-10-08
croak,true,2026-10-08
croci,false,2026-10-08
crock,true,2026-10-08
crocs,false,2026-10-08
croft,false,2026-10-08
crogs,false,2026-10-08
cromb,false,2026-10-08
crome,false,2026-10-08
crone,true,2026-10-08
cronk,false,2026-10-08
crons,false,2026-10-08
crony,false,2026-10-08
crook,true,2026-10-08
crool,false,2026-10-08
croon,false,2026-10-08
crops,false,2026-10-08
crore,false,2026-10-08
cross,true,2026-10-08
crost,false,2026-10-08
croup,false,2026-10-08
crout,false,2026-10-08
crowd,true,2026-10-08
crowl,false,2026-10-08
crown,true,2026-10-08
crows,false,2026-10-08
croze,false,2026-10-08
cruck,false,2026-10-08
crude,true,2026-10-08
crudo,false,2026-10-08
cruds,false,2026-10-08
crudy,false,2026-10-08
cruel,true,2026-10-08
crues,false,2026-10-08
cruet,false,2026-10-08
cruft,false,2026-10-08
crumb,true,2026-10-08
crump,false,2026-10-08
crunk,false,2026-10-08
cruor,false,2026-10-08
crura,false,2026-10-08
cruse,false,2026-10-08
crush,true,2026-10-08
crust,true,2026-10-08
crusy,false,2026-10-08
cruve,false,2026-10-08
crwth,false,2026-10-08
cryer,false,2026-10-08
cryne,false,2026-10-08
crypt,true,2026-10-08
ctene,false,2026-10-08
cubby,false,2026-10-08
cubeb,false,2026-10-08
cubed,false,2026-10-08
cuber,false,2026-10-08
cubes,false,2026-10-08
cubic,true,2026-10-08
cubit,true,2026-10-08
cucks,false,2026-10-08
cudda,false,2026-10-08
cuddy,false,2026-10-08
cueca,false,2026-10-08
cuffo,false,2026-10-08
cuffs,false,2026-10-08
cuifs,false,2026-10-08
cuing,false,2026-10-08
cuish,false,2026-10-08
cuits,false,2026-10-08
cukes,false,2026-10-08
culch,false,2026-10-08
culet,false,2026-10-08
culex,false,2026-10-08
culls,false,2026-10-08
cully,false,2026-10-08
culms,false,2026-10-08
culpa,false,2026-10-08
culti,false,2026-10-08
cults,false,2026-10-08
culty,false,2026-10-08
cumec,false,2026-10-08
cumin,true,2026-10-08
cundy,false,2026-10-08
cunei,false,2026-10-08
cunit,false,2026-10-08
cunny,false,2026-10-08
cunts,false,2026-10-08
cupel,false,2026-10-08
cupid,false,2026-10-08
cuppa,false,2026-10-08
cuppy,false,2026-10-08
cupro,false,2026-10-08
curat,false,2026-10-08
curbs,false,2026-10-08
curch,false,2026-10-08
curds,false,2026-10-08
curdy,false,2026-10-08
cured,false,2026-10-08
curer,false,2026-10-08
cures,false,2026-10-08
curet,false,2026-10-08
curfs,false,2026-10-08
curia,false,2026-10-08
curie,false,2026-10-08
curio,true,2026-10-08
curli,false,2026-10-08
curls,false,2026-10-08
curly,true,2026-10-08
curns,false,2026-10-08
curny,false,2026-10-08
currs,false,2026-10-08
curry,true,2026-10-08
curse,true,2026-10-08
cursi,false,2026-10-08
curst,false,2026-10-08
curve,true,2026-10-08
curvy,false,2026-10-08
cusec,false,2026-10-08
cushy,false,2026-10-08
cusks,false,2026-10-08
cusps,false,2026-10-08
cuspy,false,2026-10-08
cusso,false,2026-10-08
cusum,false,2026-10-08
cutch,false,2026-10-08
cuter,false,2026-10-08
cutes,false,2026-10-08
cutey,false,2026-10-08
cutie,false,2026-10-08
cutin,false,2026-10-08
cutis,false,2026-10-08
cutto,false,2026-10-08
cutty,false,2026-10-08
cutup,false,2026-10-08
cuvee,false,2026-10-08
cuzes,false,2026-10-08
cwtch,false,2026-10-08
cyano,false,2026-10-08
cyans,false,2026-10-08
cyber,true,2026-10-08
cycad,false,2026-10-08
cycas,false,2026-10-08
cycle,true,2026-10-08
cyclo,false,2026-10-08
cyder,false,2026-10-08
cylix,false,2026-10-08
cymae,false,2026-10-08
cymar,false,2026-10-08
cymas,false,2026-10-08
cymes,false,2026-10-08
cymol,false,2026-10-08
cynic,true,2026-10-08
cysts,false,2026-10-08
cytes,false,2026-10-08
cyton,false,2026-10-08
czars,false,2026-10-08
daals,false,2026-10-08
dabba,false,2026-10-08
daces,false,2026-10-08
dacha,false,2026-10-08
dacks,false,2026-10-08
dadah,false,2026-10-08
dadas,false,2026-10-08
daddy,true,2026-10-08
dadis,false,2026-10-08
dadla,false,2026-10-08
dados,false,2026-10-08
daffs,false,2026-10-08
daffy,false,2026-10-08
dagga,false,2026-10-08
daggy,false,2026-10-08
dagos,false,2026-10-08
dahis,false,2026-10-08
dahls,false,2026-10-08
daiko,false,2026-10-08
daily,true,2026-10-08
daine,false,2026-10-08
daint,false,2026-10-08
dairy,false,2026-10-08
daisy,true,2026-10-08
daker,false,2026-10-08
daled,false,2026-10-08
dalek,false,2026-10-08
dales,false,2026-10-08
dalis,false,2026-10-08
dalle,false,2026-10-08
dally,true,2026-10-08
dalts,false,2026-10-08
daman,false,2026-10-08
damar,false,2026-10-08
dames,false,2026-10-08
damme,false,2026-10-08
damna,false,2026-10-08
damns,false,2026-10-08
damps,false,2026-10-08
dampy,false,2026-10-08
dance,true,2026-10-08
dancy,false,2026-10-08
danda,false,2026-10-08
dandy,true,2026-10-08
dangs,false,2026-10-08
danio,false,2026-10-08
danks,false,2026-10-08
danny,false,2026-10-08
danse,false,2026-10-08
dants,false,2026-10-08
dappy,false,2026-10-08
daraf,false,2026-10-08
darbs,false,2026-10-08
darcy,false,2026-10-08
dared,false,2026-10-08
darer,false,2026-10-08
dares,false,2026-10-08
darga,false,2026-10-08
dargs,false,2026-10-08
daric,false,2026-10-08
daris,false,2026-10-08
darks,false,2026-10-08
darky,false,2026-10-08
darls,false,2026-10-08
darns,false,2026-10-08
darre,false,2026-10-08
darts,false,2026-10-08
darzi,false,2026-10-08
dashi,false,2026-10-08
dashy,false,2026-10-08
datal,false,2026-10-08
dated,false,2026-10-08
dater,false,2026-10-08
dates,false,2026-10-08
datil,false,2026-10-08
datos,false,2026-10-08
datto,false,2026-10-08
datum,true,2026-10-08
daube,false,2026-10-08
daubs,false,2026-10-08
dauby,false,2026-10-08
dauds,false,2026-10-08
dault,false,2026-10-08
daunt,true,2026-10-08
daurs,false,2026-10-08
dauts,false,2026-10-08
daven,false,2026-10-08
davit,false,2026-10-08
dawah,false,2026-10-08
dawds,false,2026-10-08
dawed,false,2026-10-08
dawen,false,2026-10-08
dawgs,false,2026-10-08
dawks,false,2026-10-08
dawns,false,2026-10-08
dawts,false,2026-10-08
dayal,false,2026-10-08
dayan,false,2026-10-08
daych,false,2026-10-08
daynt,false,2026-10-08
dazed,false,2026-10-08
dazer,false,2026-10-08
dazes,false,2026-10-08
dbags,false,2026-10-08
deads,false,2026-10-08
deair,false,2026-10-08
deals,false,2026-10-08
dealt,true,2026-10-08
deans,false,2026-10-08
deare,false,2026-10-08
dearn,false,2026-10-08
dears,false,2026-10-08
deary,false,2026-10-08
deash,false,2026-10-08
death,true,2026-10-08
deave,false,2026-10-08
deaws,false,2026-10-08
deawy,false,2026-10-08
debag,false,2026-10-08
debar,false,2026-10-08
debby,false,2026-10-08
debel,false,2026-10-08
debes,false,2026-10-08
debit,true,2026-10-08
debts,false,2026-10-08
debud,false,2026-10-08
debug,true,2026-10-08
debur,false,2026-10-08
debus,false,2026-10-08
debut,true,2026-10-08
debye,false,2026-10-08
decad,false,2026-10-08
decaf,false,2026-10-08
decal,true,2026-10-08
decan,false,2026-10-08
decay,true,2026-10-08
decim,false,2026-10-08
decko,false,2026-10-08
decks,false,2026-10-08
decor,true,2026-10-08
decos,false,2026-10-08
decoy,true,2026-10-08
decry,true,2026-10-08
decyl,false,2026-10-08
dedal,false,2026-10-08
deeds,false,2026-10-08
deedy,false,2026-10-08
deely,false,2026-10-08
deems,false,2026-10-08
deens,false,2026-10-08
deeps,false,2026-10-08
deere,false,2026-10-08
deers,false,2026-10-08
deets,false,2026-10-08
deeve,false,2026-10-08
deevs,false,2026-10-08
defat,false,2026-10-08
defer,true,2026-10-08
deffo,false,2026-10-08
defis,false,2026-10-08
defog,false,2026-10-08
degas,false,2026-10-08
degum,false,2026-10-08
degus,false,2026-10-08
deice,false,2026-10-08
deids,false,2026-10-08
deify,false,2026-10-08
deign,false,2026-10-08
deils,false,2026-10-08
deink,false,2026-10-08
deism,false,2026-10-08
deist,false,2026-10-08
deity,true,2026-10-08
deked,false,2026-10-08
dekes,false,2026-10-08
dekko,false,2026-10-08
delay,true,2026-10-08
deled,false,2026-10-08
deles,false,2026-10-08
delfs,false,2026-10-08
delft,false,2026-10-08
delis,false,2026-10-08
della,false,2026-10-08
dells,false,2026-10-08
delly,false,2026-10-08
delos,false,2026-10-08
delph,false,2026-10-08
delta,true,2026-10-08
delts,false,2026-10-08
delve,true,2026-10-08
deman,false,2026-10-08
demes,false,2026-10-08
demic,false,2026-10-08
demit,false,2026-10-08
demob,false,2026-10-08
demoi,false,2026-10-08
demon,true,2026-10-08
demos,false,2026-10-08
demot,false,2026-10-08
dempt,false,2026-10-08
demur,true,2026-10-08
denar,false,2026-10-08
denay,false,2026-10-08
dench,false,2026-10-08
denes,false,2026-10-08
denet,false,2026-10-08
denim,true,2026-10-08
denis,false,2026-10-08
dense,true,2026-10-08
dente,false,2026-10-08
dents,false,2026-10-08
deoch,false,2026-10-08
deoxy,false,2026-10-08
depot,true,2026-10-08
depth,true,2026-10-08
derat,false,2026-10-08
deray,false,2026-10-08
derby,false,2026-10-08
dered,false,2026-10-08
deres,false,2026-10-08
derig,false,2026-10-08
derma,false,2026-10-08
derms,false,2026-10-08
derns,false,2026-10-08
derny,false,2026-10-08
deros,false,2026-10-08
derpy,false,2026-10-08
derro,false,2026-10-08
derry,false,2026-10-08
derth,false,2026-10-08
dervs,false,2026-10-08
desex,false,2026-10-08
deshi,false,2026-10-08
desis,false,2026-10-08
desks,false,2026-10-08
desse,false,2026-10-08
detag,false,2026-10-08
deter,true,2026-10-08
detox,true,2026-10-08
deuce,true,2026-10-08
devas,false,2026-10-08
devel,false,2026-10-08
devil,true,2026-10-08
devis,false,2026-10-08
devon,false,2026-10-08
devos,false,2026-10-08
devot,false,2026-10-08
dewan,false,2026-10-08
dewar,false,2026-10-08
dewax,false,2026-10-08
dewed,false,2026-10-08
dexes,false,2026-10-08
dexie,false,2026-10-08
dexys,false,2026-10-08
dhaba,false,2026-10-08
dhaks,false,2026-10-08
dhals,false,2026-10-08
dhikr,false,2026-10-08
dhobi,false,2026-10-08
dhole,false,2026-10-08
dholl,false,2026-10-08
dhols,false,2026-10-08
dhoni,false,2026-10-08
dhoti,false,2026-10-08
dhows,false,2026-10-08
dhuti,false,2026-10-08
diact,false,2026-10-08
dials,false,2026-10-08
diana,false,2026-10-08
diane,false,2026-10-08
diary,true,2026-10-08
diazo,false,2026-10-08
dibbs,false,2026-10-08
diced,false,2026-10-08
dicer,false,2026-10-08
dices,false,2026-10-08
dicey,true,2026-10-08
dicht,false,2026-10-08
dicks,false,2026-10-08
dicky,false,2026-10-08
dicot,false,2026-10-08
dicta,false,2026-10-08
dicto,false,2026-10-08
dicts,false,2026-10-08
dictu,false,2026-10-08
dicty,false,2026-10-08
diddy,false,2026-10-08
didie,false,2026-10-08
didis,false,2026-10-08
didos,false,2026-10-08
didst,false,2026-10-08
diebs,false,2026-10-08
diels,false,2026-10-08
diene,false,2026-10-08
diets,false,2026-10-08
diffs,false,2026-10-08
dight,false,2026-10-08
digit,true,2026-10-08
dikas,false,2026-10-08
diked,false,2026-10-08
diker,false,2026-10-08
dikes,false,2026-10-08
dikey,false,2026-10-08
dildo,false,2026-10-08
dilli,false,2026-10-08
dills,false,2026-10-08
dilly,false,2026-10-08
dimbo,false,2026-10-08
dimer,false,2026-10-08
dimes,false,2026-10-08
dimly,false,2026-10-08
dimps,false,2026-10-08
dinar,false,2026-10-08
dined,false,2026-10-08
diner,true,2026-10-08
dines,false,2026-10-08
dinge,false,2026-10-08
dingo,true,2026-10-08
dings,false,2026-10-08
dingy,true,2026-10-08
dinic,false,2026-10-08
dinks,false,2026-10-08
dinky,false,2026-10-08
dinlo,false,2026-10-08
dinna,false,2026-10-08
dinos,false,2026-10-08
dints,false,2026-10-08
dioch,false,2026-10-08
diode,false,2026-10-08
diols,false,2026-10-08
diota,false,2026-10-08
dippy,false,2026-10-08
dipso,false,2026-10-08
diram,false,2026-10-08
direr,false,2026-10-08
dirge,true,2026-10-08
dirke,false,2026-10-08
dirks,false,2026-10-08
dirls,false,2026-10-08
dirts,false,2026-10-08
dirty,false,2026-10-08
disas,false,2026-10-08
disci,false,2026-10-08
disco,true,2026-10-08
discs,false,2026-10-08
dishy,false,2026-10-08
disks,false,2026-10-08
disme,false,2026-10-08
dital,false,2026-10-08
ditas,false,2026-10-08
ditch,false,2026-10-08
dited,false,2026-10-08
dites,false,2026-10-08
ditsy,false,2026-10-08
ditto,true,2026-10-08
ditts,false,2026-10-08
ditty,true,2026-10-08
ditzy,false,2026-10-08
divan,false,2026-10-08
divas,false,2026-10-08
dived,false,2026-10-08
diver,true,2026-10-08
dives,false,2026-10-08
divey,false,2026-10-08
divis,false,2026-10-08
divna,false,2026-10-08
divos,false,2026-10-08
divot,true,2026-10-08
divvy,false,2026-10-08
diwan,false,2026-10-08
dixie,false,2026-10-08
dixit,false,2026-10-08
diyas,false,2026-10-08
dizen,false,2026-10-08
dizzy,true,2026-10-08
djinn,false,2026-10-08
djins,false,2026-10-08
doabs,false,2026-10-08
doats,false,2026-10-08
dobby,false,2026-10-08
dobes,false,2026-10-08
dobie,false,2026-10-08
dobla,false,2026-10-08
doble,false,2026-10-08
dobra,false,2026-10-08
dobro,false,2026-10-08
docht,false,2026-10-08
docks,false,2026-10-08
docos,false,2026-10-08
docus,false,2026-10-08
doddy,false,2026-10-08
dodge,true,2026-10-08
dodgy,true,2026-10-08
dodos,false,2026-10-08
doeks,false,2026-10-08
doers,false,2026-10-08
doest,false,2026-10-08
doeth,false,2026-10-08
doffs,false,2026-10-08
dogal,false,2026-10-08
dogan,false,2026-10-08
doges,false,2026-10-08
dogey,false,2026-10-08
doggo,false,2026-10-08
doggy,false,2026-10-08
dogie,false,2026-10-08
dogly,false,2026-10-08
dogma,true,2026-10-08
dohyo,false,2026-10-08
doilt,false,2026-10-08
doily,false,2026-10-08
doing,true,2026-10-08
doits,false,2026-10-08
dojos,false,2026-10-08
dolce,false,2026-10-08
dolci,false,2026-10-08
doled,false,2026-10-08
dolee,false,2026-10-08
doles,false,2026-10-08
doley,false,2026-10-08
dolia,false,2026-10-08
dolie,false,2026-10-08
dolls,false,2026-10-08
dolly,true,2026-10-08
dolma,false,2026-10-08
dolor,false,2026-10-08
dolos,false,2026-10-08
dolts,false,2026-10-08
domal,false,2026-10-08
domed,false,2026-10-08
domes,false,2026-10-08
domic,false,2026-10-08
donah,false,2026-10-08
donas,false,2026-10-08
donee,false,2026-10-08
doner,false,2026-10-08
donga,false,2026-10-08
dongs,false,2026-10-08
donko,false,2026-10-08
donna,false,2026-10-08
donne,false,2026-10-08
donny,false,2026-10-08
donor,true,2026-10-08
donsy,false,2026-10-08
donut,true,2026-10-08
doobs,false,2026-10-08
dooce,false,2026-10-08
doody,false,2026-10-08
doofs,false,2026-10-08
dooks,false,2026-10-08
dooky,false,2026-10-08
doole,false,2026-10-08
dools,false,2026-10-08
dooly,false,2026-10-08
dooms,false,2026-10-08
doomy,false,2026-10-08
doona,false,2026-10-08
doorn,false,2026-10-08
doors,false,2026-10-08
doozy,false,2026-10-08
dopas,false,2026-10-08
doped,false,2026-10-08
doper,false,2026-10-08
dopes,false,2026-10-08
dopey,true,2026-10-08
doppe,false,2026-10-08
dorad,false,2026-10-08
dorba,false,2026-10-08
dorbs,false,2026-10-08
doree,false,2026-10-08
dores,false,2026-10-08
doric,false,2026-10-08
doris,false,2026-10-08
dorje,false,2026-10-08
dorks,false,2026-10-08
dorky,false,2026-10-08
dorms,false,2026-10-08
dormy,false,2026-10-08
dorps,false,2026-10-08
dorrs,false,2026-10-08
dorsa,false,2026-10-08
dorse,false,2026-10-08
dorts,false,2026-10-08
dorty,false,2026-10-08
dosai,false,2026-10-08
dosas,false,2026-10-08
dosed,false,2026-10-08
doseh,false,2026-10-08
doser,false,2026-10-08
doses,false,2026-10-08
dosha,false,2026-10-08
dotal,false,2026-10-08
doted,false,2026-10-08
doter,false,2026-10-08
dotes,false,2026-10-08
dotty,false,2026-10-08
douar,false,2026-10-08
doubt,true,2026-10-08
douce,false,2026-10-08
doucs,false,2026-10-08
dough,true,2026-10-08
douks,false,2026-10-08
doula,false,2026-10-08
douma,false,2026-10-08
doums,false,2026-10-08
doups,false,2026-10-08
doura,false,2026-10-08
douse,false,2026-10-08
douts,false,2026-10-08
doved,false,2026-10-08
doven,false,2026-10-08
dover,false,2026-10-08
doves,false,2026-10-08
dovie,false,2026-10-08
dowak,false,2026-10-08
dowar,false,2026-10-08
dowds,false,2026-10-08
dowdy,true,2026-10-08
dowed,false,2026-10-08
dowel,true,2026-10-08
dower,false,2026-10-08
dowfs,false,2026-10-08
dowie,false,2026-10-08
dowle,false,2026-10-08
dowls,false,2026-10-08
dowly,false,2026-10-08
downa,false,2026-10-08
downs,false,2026-10-08
downy,false,2026-10-08
dowps,false,2026-10-08
dowry,true,2026-10-08
dowse,false,2026-10-08
dowts,false,2026-10-08
doxed,false,2026-10-08
doxes,false,2026-10-08
doxie,false,2026-10-08
doyen,false,2026-10-08
doyly,false,2026-10-08
dozed,false,2026-10-08
dozen,true,2026-10-08
dozer,false,2026-10-08
dozes,false,2026-10-08
drabs,false,2026-10-08
drack,false,2026-10-08
draco,false,2026-10-08
draff,false,2026-10-08
draft,true,2026-10-08
drags,false,2026-10-08
drail,false,2026-10-08
drain,true,2026-10-08
drake,true,2026-10-08
drama,true,2026-10-08
drams,false,2026-10-08
drank,false,2026-10-08
drant,false,2026-10-08
drape,true,2026-10-08
draps,false,2026-10-08
drapy,false,2026-10-08
drats,false,2026-10-08
drave,false,2026-10-08
drawl,false,2026-10-08
drawn,true,2026-10-08
draws,false,2026-10-08
drays,false,2026-10-08
dread,true,2026-10-08
dream,true,2026-10-08
drear,false,2026-10-08
dreck,false,2026-10-08
dreed,false,2026-10-08
dreer,false,2026-10-08
drees,false,2026-10-08
dregs,false,2026-10-08
dreks,false,2026-10-08
drent,false,2026-10-08
drere,false,2026-10-08
dress,false,2026-10-08
drest,false,2026-10-08
dreys,false,2026-10-08
dribs,false,2026-10-08
drice,false,2026-10-08
dried,false,2026-10-08
drier,false,2026-10-08
dries,false,2026-10-08
drift,true,2026-10-08
drill,true,2026-10-08
drily,false,2026-10-08
drink,true,2026-10-08
drips,false,2026-10-08
dript,false,2026-10-08
drive,true,2026-10-08
drock,false,2026-10-08
droid,false,2026-10-08
droil,false,2026-10-08
droit,false,2026-10-08
droke,false,2026-10-08
drole,false,2026-10-08
droll,true,2026-10-08
drome,false,2026-10-08
drone,true,2026-10-08
drony,false,2026-10-08
droob,false,2026-10-08
droog,false,2026-10-08
drook,false,2026-10-08
drool,true,2026-10-08
droop,true,2026-10-08
drops,false,2026-10-08
dropt,false,2026-10-08
dross,false,2026-10-08
drouk,false,2026-10-08
drove,true,2026-10-08
drown,false,2026-10-08
drows,false,2026-10-08
drubs,false,2026-10-08
drugs,false,2026-10-08
druid,false,2026-10-08
drums,false,2026-10-08
drunk,true,2026-10-08
drupe,false,2026-10-08
druse,false,2026-10-08
drusy,false,2026-10-08
druxy,false,2026-10-08
dryad,false,2026-10-08
dryas,false,2026-10-08
dryer,true,2026-10-08
dryly,true,2026-10-08
dsobo,false,2026-10-08
dsomo,false,2026-10-08
duads,false,2026-10-08
duals,false,2026-10-08
duans,false,2026-10-08
duars,false,2026-10-08
dubbo,false,2026-10-08
dubby,false,2026-10-08
ducal,false,2026-10-08
ducat,false,2026-10-08
duces,false,2026-10-08
duchy,true,2026-10-08
ducks,false,2026-10-08
ducky,false,2026-10-08
ducti,false,2026-10-08
ducts,false,2026-10-08
duddy,false,2026-10-08
duded,false,2026-10-08
dudes,false,2026-10-08
duels,false,2026-10-08
duets,false,2026-10-08
duett,false,2026-10-08
duffs,false,2026-10-08
dufus,false,2026-10-08
duing,false,2026-10-08
duits,false,2026-10-08
dukas,false,2026-10-08
duked,false,2026-10-08
dukes,false,2026-10-08
dukka,false,2026-10-08
dukun,false,2026-10-08
dulce,false,2026-10-08
dules,false,2026-10-08
dulia,false,2026-10-08
dulls,false,2026-10-08
dully,false,2026-10-08
dulse,false,2026-10-08
dumas,false,2026-10-08
dumbo,false,2026-10-08
dumbs,false,2026-10-08
dumka,false,2026-10-08
dumky,false,2026-10-08
dummy,true,2026-10-08
dumps,false,2026-10-08
dumpy,false,2026-10-08
dunam,false,2026-10-08
dunce,false,2026-10-08
dunch,false,2026-10-08
dunes,false,2026-10-08
dungs,false,2026-10-08
dungy,false,2026-10-08
dunks,false,2026-10-08
dunno,false,2026-10-08
dunny,false,2026-10-08
dunsh,false,2026-10-08
dunts,false,2026-10-08
duomi,false,2026-10-08
duomo,false,2026-10-08
duped,false,2026-10-08
duper,false,2026-10-08
dupes,false,2026-10-08
duple,false,2026-10-08
duply,false,2026-10-08
duppy,false,2026-10-08
dural,false,2026-10-08
duras,false,2026-10-08
dured,false,2026-10-08
dures,false,2026-10-08
durgy,false,2026-10-08
durns,false,2026-10-08
duroc,false,2026-10-08
duros,false,2026-10-08
duroy,false,2026-10-08
durra,false,2026-10-08
durrs,false,2026-10-08
durry,false,2026-10-08
durst,false,2026-10-08
durum,false,2026-10-08
durzi,false,2026-10-08
dusks,false,2026-10-08
dusky,true,2026-10-08
dusts,false,2026-10-08
dusty,true,2026-10-08
dutch,true,2026-10-08
duvet,true,2026-10-08
duxes,false,2026-10-08
dwaal,false,2026-10-08
dwale,false,2026-10-08
dwalm,false,2026-10-08
dwams,false,2026-10-08
dwamy,false,2026-10-08
dwang,false,2026-10-08
dwarf,true,2026-10-08
dwaum,false,2026-10-08
dweeb,false,2026-10-08
dwell,true,2026-10-08
dwelt,true,2026-10-08
dwile,false,2026-10-08
dwine,false,2026-10-08
dyads,false,2026-10-08
dyers,false,2026-10-08
dying,false,2026-10-08
dyked,false,2026-10-08
dykes,false,2026-10-08
dykey,false,2026-10-08
dykon,false,2026-10-08
dynel,false,2026-10-08
dynes,false,2026-10-08
dynos,false,2026-10-08
dzhos,false,2026-10-08
eager,true,2026-10-08
eagle,true,2026-10-08
eagly,false,2026-10-08
eagre,false,2026-10-08
ealed,false,2026-10-08
eales,false,2026-10-08
eaned,false,2026-10-08
eards,false,2026-10-08
eared,false,2026-10-08
earls,false,2026-10-08
early,true,2026-10-08
earns,false,2026-10-08
earnt,false,2026-10-08
earst,false,2026-10-08
earth,true,2026-10-08
eased,false,2026-10-08
easel,true,2026-10-08
easer,false,2026-10-08
eases,false,2026-10-08
easle,false,2026-10-08
easts,false,2026-10-08
eaten,true,2026-10-08
eater,false,2026-10-08
eathe,false,2026-10-08
eatin,false,2026-10-08
eaved,false,2026-10-08
eaver,false,2026-10-08
eaves,false,2026-10-08
ebank,false,2026-10-08
ebbed,false,2026-10-08
ebbet,false,2026-10-08
ebena,false,2026-10-08
ebene,false,2026-10-08
ebike,false,2026-10-08
ebons,false,2026-10-08
ebony,true,2026-10-08
ebook,false,2026-10-08
ecads,false,2026-10-08
ecard,false,2026-10-08
ecash,false,2026-10-08
eched,false,2026-10-08
eches,false,2026-10-08
echos,false,2026-10-08
ecigs,false,2026-10-08
eclat,false,2026-10-08
ecole,false,2026-10-08
ecrus,false,2026-10-08
edema,false,2026-10-08
edged,false,2026-10-08
edger,false,2026-10-08
edges,false,2026-10-08
edict,true,2026-10-08
edify,true,2026-10-08
edile,false,2026-10-08
edits,false,2026-10-08
educe,false,2026-10-08
educt,false,2026-10-08
eejit,false,2026-10-08
eensy,false,2026-10-08
eerie,true,2026-10-08
eeven,false,2026-10-08
eever,false,2026-10-08
eevns,false,2026-10-08
effed,false,2026-10-08
effer,false,2026-10-08
efits,false,2026-10-08
egads,false,2026-10-08
egers,false,2026-10-08
egest,false,2026-10-08
eggar,false,2026-10-08
egged,false,2026-10-08
egger,false,2026-10-08
egmas,false,2026-10-08
egret,true,2026-10-08
ehing,false,2026-10-08
eider,false,2026-10-08
eidos,false,2026-10-08
eight,true,2026-10-08
eigne,false,2026-10-08
eiked,false,2026-10-08
eikon,false,2026-10-08
eilds,false,2026-10-08
eiron,false,2026-10-08
eisel,false,2026-10-08
eject,true,2026-10-08
ejido,false,2026-10-08
ekdam,false,2026-10-08
eking,false,2026-10-08
ekkas,false,2026-10-08
elain,false,2026-10-08
eland,false,2026-10-08
elans,false,2026-10-08
elate,true,2026-10-08
elbow,true,2026-10-08
elchi,false,2026-10-08
elder,true,2026-10-08
eldin,false,2026-10-08
elect,false,2026-10-08
eleet,false,2026-10-08
elegy,true,2026-10-08
elemi,false,2026-10-08
elfed,false,2026-10-08
elfin,true,2026-10-08
eliad,false,2026-10-08
elide,false,2026-10-08
elint,false,2026-10-08
elite,true,2026-10-08
elmen,false,2026-10-08
eloge,false,2026-10-08
elogy,false,2026-10-08
eloin,false,2026-10-08
elope,true,2026-10-08
elops,false,2026-10-08
elpee,false,2026-10-08
elsin,false,2026-10-08
elude,true,2026-10-08
elute,false,2026-10-08
elvan,false,2026-10-08
elven,false,2026-10-08
elver,false,2026-10-08
elves,false,2026-10-08
emacs,false,2026-10-08
email,true,2026-10-08
embar,false,2026-10-08
embay,false,2026-10-08
embed,true,2026-10-08
ember,true,2026-10-08
embog,false,2026-10-08
embow,false,2026-10-08
embox,false,2026-10-08
embus,false,2026-10-08
emcee,true,2026-10-08
emeer,false,2026-10-08
emend,false,2026-10-08
emerg,false,2026-10-08
emery,false,2026-10-08
emeus,false,2026-10-08
emics,false,2026-10-08
emirs,false,2026-10-08
emits,false,2026-10-08
emmas,false,2026-10-08
emmer,false,2026-10-08
emmet,false,2026-10-08
emmew,false,2026-10-08
emmys,false,2026-10-08
emoji,true,2026-10-08
emong,false,2026-10-08
emote,false,2026-10-08
emove,false,2026-10-08
empts,false,2026-10-08
empty,true,2026-10-08
emule,false,2026-10-08
emure,false,2026-10-08
emyde,false,2026-10-08
emyds,false,2026-10-08
enact,true,2026-10-08
enarm,false,2026-10-08
enate,false,2026-10-08
ended,false,2026-10-08
ender,false,2026-10-08
endew,false,2026-10-08
endow,true,2026-10-08
endue,false,2026-10-08
enema,true,2026-10-08
enemy,false,2026-10-08
enews,false,2026-10-08
enfix,false,2026-10-08
eniac,false,2026-10-08
enjoy,true,2026-10-08
enlit,false,2026-10-08
enmew,false,2026-10-08
ennog,false,2026-10-08
ennui,true,2026-10-08
enoki,false,2026-10-08
enols,false,2026-10-08
enorm,false,2026-10-08
enows,false,2026-10-08
enrol,false,2026-10-08
ensew,false,2026-10-08
ensky,false,2026-10-08
ensue,true,2026-10-08
enter,true,2026-10-08
entia,false,2026-10-08
entre,false,2026-10-08
entry,true,2026-10-08
enure,false,2026-10-08
enurn,false,2026-10-08
envoi,false,2026-10-08
envoy,true,2026-10-08
enzym,false,2026-10-08
eolid,false,2026-10-08
eorls,false,2026-10-08
eosin,false,2026-10-08
epact,false,2026-10-08
epees,false,2026-10-08
epena,false,2026-10-08
epene,false,2026-10-08
ephah,false,2026-10-08
ephas,false,2026-10-08
ephod,false,2026-10-08
ephor,false,2026-10-08
epics,false,2026-10-08
epoch,true,2026-10-08
epode,false,2026-10-08
epopt,false,2026-10-08
epoxy,true,2026-10-08
eppie,false,2026-10-08
epris,false,2026-10-08
equal,true,2026-10-08
eques,false,2026-10-08
equid,false,2026-10-08
equip,true,2026-10-08
erase,true,2026-10-08
erbia,false,2026-10-08
erect,false,2026-10-08
erevs,false,2026-10-08
ergon,false,2026-10-08
ergos,false,2026-10-08
ergot,false,2026-10-08
erhus,false,2026-10-08
erica,false,2026-10-08
erick,false,2026-10-08
erics,false,2026-10-08
ering,false,2026-10-08
erned,false,2026-10-08
ernes,false,2026-10-08
erode,true,2026-10-08
erose,false,2026-10-08
erred,false,2026-10-08
error,true,2026-10-08
erses,false,2026-10-08
eruct,false,2026-10-08
erugo,false,2026-10-08
erupt,true,2026-10-08
eruvs,false,2026-10-08
erven,false,2026-10-08
ervil,false,2026-10-08
escar,false,2026-10-08
escot,false,2026-10-08
esile,false,2026-10-08
eskar,false,2026-10-08
esker,false,2026-10-08
esnes,false,2026-10-08
esrog,false,2026-10-08
essay,true,2026-10-08
esses,false,2026-10-08
ester,false,2026-10-08
estoc,false,2026-10-08
estop,false,2026-10-08
estro,false,2026-10-08
etage,false,2026-10-08
etape,false,2026-10-08
etats,false,2026-10-08
etens,false,2026-10-08
ethal,false,2026-10-08
ether,true,2026-10-08
ethic,true,2026-10-08
ethne,false,2026-10-08
ethos,true,2026-10-08
ethyl,false,2026-10-08
etics,false,2026-10-08
etnas,false,2026-10-08
etrog,false,2026-10-08
ettin,false,2026-10-08
ettle,false,2026-10-08
etude,true,2026-10-08
etuis,false,2026-10-08
etwee,false,2026-10-08
etyma,false,2026-10-08
eughs,false,2026-10-08
euked,false,2026-10-08
eupad,false,2026-10-08
euros,false,2026-10-08
eusol,false,2026-10-08
evade,true,2026-10-08
evegs,false,2026-10-08
evens,false,2026-10-08
event,true,2026-10-08
evert,false,2026-10-08
every,true,2026-10-08
evets,false,2026-10-08
evhoe,false,2026-10-08
evict,false,2026-10-08
evils,false,2026-10-08
evite,false,2026-10-08
evohe,false,2026-10-08
evoke,true,2026-10-08
ewers,false,2026-10-08
ewest,false,2026-10-08
ewhow,false,2026-10-08
ewked,false,2026-10-08
exact,true,2026-10-08
exalt,true,2026-10-08
exams,false,2026-10-08
excel,true,2026-10-08
exeat,false,2026-10-08
execs,false,2026-10-08
exeem,false,2026-10-08
exeme,false,2026-10-08
exert,true,2026-10-08
exfil,false,2026-10-08
exier,false,2026-10-08
exies,false,2026-10-08
exile,true,2026-10-08
exine,false,2026-10-08
exing,false,2026-10-08
exist,true,2026-10-08
exite,false,2026-10-08
exits,false,2026-10-08
exode,false,2026-10-08
exome,false,2026-10-08
exons,false,2026-10-08
expat,false,2026-10-08
expel,true,2026-10-08
expos,false,2026-10-08
extol,true,2026-10-08
extra,true,2026-10-08
exude,false,2026-10-08
exuls,false,2026-10-08
exult,true,2026-10-08
exurb,false,2026-10-08
eyass,false,2026-10-08
eyers,false,2026-10-08
eying,false,2026-10-08
eyots,false,2026-10-08
eyras,false,2026-10-08
eyres,false,2026-10-08
eyrie,false,2026-10-08
eyrir,false,2026-10-08
ezine,false,2026-10-08
fabbo,false,2026-10-08
fabby,false,2026-10-08
fable,true,2026-10-08
faced,false,2026-10-08
facer,false,2026-10-08
faces,false,2026-10-08
facet,true,2026-10-08
facey,false,2026-10-08
facia,false,2026-10-08
facie,false,2026-10-08
facta,false,2026-10-08
facto,false,2026-10-08
facts,false,2026-10-08
facty,false,2026-10-08
faddy,false,2026-10-08
faded,false,2026-10-08
fader,false,2026-10-08
fades,false,2026-10-08
fadge,false,2026-10-08
fados,false,2026-10-08
faena,false,2026-10-08
faery,false,2026-10-08
faffs,false,2026-10-08
faffy,false,2026-10-08
faggy,false,2026-10-08
fagin,false,2026-10-08
fagot,false,2026-10-08
faiks,false,2026-10-08
fails,false,2026-10-08
faine,false,2026-10-08
fains,false,2026-10-08
faint,true,2026-10-08
faire,false,2026-10-08
fairs,false,2026-10-08
fairy,false,2026-10-08
faith,true,2026-10-08
faked,false,2026-10-08
faker,false,2026-10-08
fakes,false,2026-10-08
fakey,false,2026-10-08
fakie,false,2026-10-08
fakir,false,2026-10-08
falaj,false,2026-10-08
fales,false,2026-10-08
falls,false,2026-10-08
false,true,2026-10-08
falsy,false,2026-10-08
famed,false,2026-10-08
fames,false,2026-10-08
fanal,false,2026-10-08
fancy,true,2026-10-08
fands,false,2026-10-08
fanes,false,2026-10-08
fanga,false,2026-10-08
fango,false,2026-10-08
fangs,false,2026-10-08
fanks,false,2026-10-08
fanny,false,2026-10-08
fanon,false,2026-10-08
fanos,false,2026-10-08
fanum,false,2026-10-08
faqir,false,2026-10-08
farad,false,2026-10-08
farce,true,2026-10-08
farci,false,2026-10-08
farcy,false,2026-10-08
fards,false,2026-10-08
fared,false,2026-10-08
farer,false,2026-10-08
fares,false,2026-10-08
farle,false,2026-10-08
farls,false,2026-10-08
farms,false,2026-10-08
faros,false,2026-10-08
farro,false,2026-10-08
farse,false,2026-10-08
farts,false,2026-10-08
fasci,false,2026-10-08
fasti,false,2026-10-08
fasts,false,2026-10-08
fatal,false,2026-10-08
fated,false,2026-10-08
fates,false,2026-10-08
fatly,false,2026-10-08
fatso,false,2026-10-08
fatty,false,2026-10-08
fatwa,false,2026-10-08
fauch,false,2026-10-08
faugh,false,2026-10-08
fauld,false,2026-10-08
fault,true,2026-10-08
fauna,false,2026-10-08
fauns,false,2026-10-08
faurd,false,2026-10-08
faute,false,2026-10-08
fauts,false,2026-10-08
fauve,false,2026-10-08
favas,false,2026-10-08
favel,false,2026-10-08
faver,false,2026-10-08
faves,false,2026-10-08
favor,true,2026-10-08
favus,false,2026-10-08
fawns,false,2026-10-08
fawny,false,2026-10-08
faxed,false,2026-10-08
faxes,false,2026-10-08
fayed,false,2026-10-08
fayer,false,2026-10-08
fayne,false,2026-10-08
fayre,false,2026-10-08
fazed,false,2026-10-08
fazes,false,2026-10-08
feals,false,2026-10-08
feard,false,2026-10-08
feare,false,2026-10-08
fears,false,2026-10-08
feart,false,2026-10-08
fease,false,2026-10-08
feast,true,2026-10-08
feats,false,2026-10-08
feaze,false,2026-10-08
fecal,false,2026-10-08
feces,false,2026-10-08
fecht,false,2026-10-08
fecit,false,2026-10-08
fecks,false,2026-10-08
fedai,false,2026-10-08
fedex,false,2026-10-08
feebs,false,2026-10-08
feeds,false,2026-10-08
feels,false,2026-10-08
feely,false,2026-10-08
feens,false,2026-10-08
feers,false,2026-10-08
feese,false,2026-10-08
feeze,false,2026-10-08
fehme,false,2026-10-08
feign,true,2026-10-08
feint,false,2026-10-08
feist,false,2026-10-08
felch,false,2026-10-08
felid,false,2026-10-08
felix,false,2026-10-08
fella,false,2026-10-08
fells,false,2026-10-08
felly,false,2026-10-08
felon,false,2026-10-08
felts,false,2026-10-08
felty,false,2026-10-08
femal,false,2026-10-08
femes,false,2026-10-08
femic,false,2026-10-08
femme,false,2026-10-08
femmy,false,2026-10-08
femur,false,2026-10-08
fence,true,2026-10-08
fends,false,2026-10-08
fendy,false,2026-10-08
fenis,false,2026-10-08
fenks,false,2026-10-08
fenny,false,2026-10-08
fents,false,2026-10-08
feods,false,2026-10-08
feoff,false,2026-10-08
feral,true,2026-10-08
ferer,false,2026-10-08
feres,false,2026-10-08
feria,false,2026-10-08
ferly,false,2026-10-08
fermi,false,2026-10-08
ferms,false,2026-10-08
ferns,false,2026-10-08
ferny,false,2026-10-08
ferox,false,2026-10-08
ferry,true,2026-10-08
fesse,false,2026-10-08
festa,false,2026-10-08
fests,false,2026-10-08
festy,false,2026-10-08
fetal,false,2026-10-08
fetas,false,2026-10-08
fetch,true,2026-10-08
feted,false,2026-10-08
fetes,false,2026-10-08
fetid,true,2026-10-08
fetor,false,2026-10-08
fetta,false,2026-10-08
fetts,false,2026-10-08
fetus,false,2026-10-08
fetwa,false,2026-10-08
feuar,false,2026-10-08
feuds,false,2026-10-08
feued,false,2026-10-08
fever,true,2026-10-08
fewer,true,2026-10-08
feyed,false,2026-10-08
feyer,false,2026-10-08
feyly,false,2026-10-08
fezes,false,2026-10-08
fezzy,false,2026-10-08
fiars,false,2026-10-08
fiats,false,2026-10-08
fiber,true,2026-10-08
fibre,false,2026-10-08
fibro,false,2026-10-08
fices,false,2026-10-08
fiche,false,2026-10-08
fichu,false,2026-10-08
ficin,false,2026-10-08
ficos,false,2026-10-08
ficta,false,2026-10-08
ficus,false,2026-10-08
fides,false,2026-10-08
fidge,false,2026-10-08
fidos,false,2026-10-08
fidus,false,2026-10-08
fiefs,false,2026-10-08
field,true,2026-10-08
fiend,true,2026-10-08
fient,false,2026-10-08
fiere,false,2026-10-08
fieri,false,2026-10-08
fiers,false,2026-10-08
fiery,true,2026-10-08
fiest,false,2026-10-08
fifed,false,2026-10-08
fifer,false,2026-10-08
fifes,false,2026-10-08
fifis,false,2026-10-08
fifth,true,2026-10-08
fifty,true,2026-10-08
figgy,false,2026-10-08
fight,false,2026-10-08
figos,false,2026-10-08
fiked,false,2026-10-08
fikes,false,2026-10-08
filar,false,2026-10-08
filch,false,2026-10-08
filed,false,2026-10-08
filer,false,2026-10-08
files,false,2026-10-08
filet,true,2026-10-08
filii,false,2026-10-08
filks,false,2026-10-08
fille,false,2026-10-08
fillo,false,2026-10-08
fills,false,2026-10-08
filly,true,2026-10-08
filmi,false,2026-10-08
films,false,2026-10-08
filmy,false,2026-10-08
filon,false,2026-10-08
filos,false,2026-10-08
filth,false,2026-10-08
filum,false,2026-10-08
final,true,2026-10-08
finca,false,2026-10-08
finch,true,2026-10-08
finds,false,2026-10-08
fined,false,2026-10-08
finer,true,2026-10-08
fines,false,2026-10-08
finis,false,2026-10-08
finks,false,2026-10-08
finny,false,2026-10-08
finos,false,2026-10-08
fiord,false,2026-10-08
fiqhs,false,2026-10-08
fique,false,2026-10-08
fired,false,2026-10-08
firer,false,2026-10-08
fires,false,2026-10-08
firie,false,2026-10-08
firks,false,2026-10-08
firma,false,2026-10-08
firms,false,2026-10-08
firni,false,2026-10-08
firns,false,2026-10-08
firry,false,2026-10-08
first,true,2026-10-08
firth,false,2026-10-08
fiscs,false,2026-10-08
fisho,false,2026-10-08
fishy,true,2026-10-08
fisks,false,2026-10-08
fists,false,2026-10-08
fisty,false,2026-10-08
fitch,false,2026-10-08
fitly,false,2026-10-08
fitna,false,2026-10-08
fitte,false,2026-10-08
fitts,false,2026-10-08
fiver,false,2026-10-08
fives,false,2026-10-08
fixed,false,2026-10-08
fixer,true,2026-10-08
fixes,false,2026-10-08
fixie,false,2026-10-08
fixit,false,2026-10-08
fizzy,true,2026-10-08
fjeld,false,2026-10-08
fjord,true,2026-10-08
flabs,false,2026-10-08
flack,false,2026-10-08
flaff,false,2026-10-08
flags,false,2026-10-08
flail,true,2026-10-08
flair,true,2026-10-08
flake,true,2026-10-08
flaks,false,2026-10-08
flaky,true,2026-10-08
flame,true,2026-10-08
flamm,false,2026-10-08
flams,false,2026-10-08
flamy,false,2026-10-08
flane,false,2026-10-08
flank,true,2026-10-08
flans,false,2026-10-08
flaps,false,2026-10-08
flare,true,2026-10-08
flary,false,2026-10-08
flash,true,2026-10-08
flask,true,2026-10-08
flats,false,2026-10-08
flava,false,2026-10-08
flawn,false,2026-10-08
flaws,false,2026-10-08
flawy,false,2026-10-08
flaxy,false,2026-10-08
flays,false,2026-10-08
fleam,false,2026-10-08
fleas,false,2026-10-08
fleck,false,2026-10-08
fleek,false,2026-10-08
fleer,false,2026-10-08
flees,false,2026-10-08
fleet,false,2026-10-08
flegs,false,2026-10-08
fleme,false,2026-10-08
flesh,true,2026-10-08
fleur,false,2026-10-08
flews,false,2026-10-08
flexi,false,2026-10-08
flexo,false,2026-10-08
fleys,false,2026-10-08
flick,true,2026-10-08
flics,false,2026-10-08
flied,false,2026-10-08
flier,false,2026-10-08
flies,false,2026-10-08
flimp,false,2026-10-08
flims,false,2026-10-08
fling,true,2026-10-08
flint,true,2026-10-08
flips,false,2026-10-08
flirs,false,2026-10-08
flirt,true,2026-10-08
flisk,false,2026-10-08
flite,false,2026-10-08
flits,false,2026-10-08
flitt,false,2026-10-08
float,true,2026-10-08
flobs,false,2026-10-08
flock,true,2026-10-08
flocs,false,2026-10-08
floes,false,2026-10-08
flogs,false,2026-10-08
flong,false,2026-10-08
flood,true,2026-10-08
floor,true,2026-10-08
flops,false,2026-10-08
flora,true,2026-10-08
flore,false,2026-10-08
flors,false,2026-10-08
flory,false,2026-10-08
flosh,false,2026-10-08
floss,true,2026-10-08
flota,false,2026-10-08
flote,false,2026-10-08
flour,true,2026-10-08
flout,true,2026-10-08
flown,true,2026-10-08
flows,false,2026-10-08
flowy,false,2026-10-08
flubs,false,2026-10-08
flued,false,2026-10-08
flues,false,2026-10-08
fluey,false,2026-10-08
fluff,true,2026-10-08
fluid,false,2026-10-08
fluke,true,2026-10-08
fluky,false,2026-10-08
flume,true,2026-10-08
flump,false,2026-10-08
flung,true,2026-10-08
flunk,true,2026-10-08
fluor,false,2026-10-08
flurr,false,2026-10-08
flush,false,2026-10-08
flute,true,2026-10-08
fluty,false,2026-10-08
fluyt,false,2026-10-08
flyby,false,2026-10-08
flyer,true,2026-10-08
flyin,false,2026-10-08
flype,false,2026-10-08
flyte,false,2026-10-08
fnarr,false,2026-10-08
foals,false,2026-10-08
foams,false,2026-10-08
foamy,true,2026-10-08
focal,true,2026-10-08
focus,true,2026-10-08
foehn,false,2026-10-08
fogey,false,2026-10-08
foggy,true,2026-10-08
fogie,false,2026-10-08
fogle,false,2026-10-08
fogos,false,2026-10-08
fogou,false,2026-10-08
fohns,false,2026-10-08
foids,false,2026-10-08
foils,false,2026-10-08
foins,false,2026-10-08
foist,true,2026-10-08
folds,false,2026-10-08
foley,false,2026-10-08
folia,false,2026-10-08
folic,false,2026-10-08
folie,false,2026-10-08
folio,true,2026-10-08
folks,false,2026-10-08
folky,false,2026-10-08
folly,true,2026-10-08
fomes,false,2026-10-08
fonda,false,2026-10-08
fonds,false,2026-10-08
fondu,false,2026-10-08
fones,false,2026-10-08
fonio,false,2026-10-08
fonly,false,2026-10-08
fonts,false,2026-10-08
foods,false,2026-10-08
foody,false,2026-10-08
fools,false,2026-10-08
foots,false,2026-10-08
footy,false,2026-10-08
foram,false,2026-10-08
foray,true,2026-10-08
forbs,false,2026-10-08
forby,false,2026-10-08
force,true,2026-10-08
fordo,false,2026-10-08
fords,false,2026-10-08
forel,false,2026-10-08
fores,false,2026-10-08
forex,false,2026-10-08
forge,true,2026-10-08
forgo,true,2026-10-08
forks,false,2026-10-08
forky,false,2026-10-08
forma,false,2026-10-08
forme,false,2026-10-08
forms,false,2026-10-08
forte,true,2026-10-08
forth,true,2026-10-08
forts,false,2026-10-08
forty,true,2026-10-08
forum,true,2026-10-08
forza,false,2026-10-08
forze,false,2026-10-08
fossa,false,2026-10-08
fosse,false,2026-10-08
fouat,false,2026-10-08
fouds,false,2026-10-08
fouer,false,2026-10-08
fouet,false,2026-10-08
foule,false,2026-10-08
fouls,false,2026-10-08
found,true,2026-10-08
fount,false,2026-10-08
fours,false,2026-10-08
fouth,false,2026-10-08
fovea,false,2026-10-08
fowls,false,2026-10-08
fowth,false,2026-10-08
foxed,false,2026-10-08
foxes,false,2026-10-08
foxie,false,2026-10-08
foyer,true,2026-10-08
foyle,false,2026-10-08
foyne,false,2026-10-08
frabs,false,2026-10-08
frack,false,2026-10-08
fract,false,2026-10-08
frags,false,2026-10-08
frail,true,2026-10-08
fraim,false,2026-10-08
frais,false,2026-10-08
frame,true,2026-10-08
franc,false,2026-10-08
frank,true,2026-10-08
frape,false,2026-10-08
fraps,false,2026-10-08
frass,false,2026-10-08
frate,false,2026-10-08
frati,false,2026-10-08
frats,false,2026-10-08
fraud,false,2026-10-08
fraus,false,2026-10-08
frays,false,2026-10-08
freak,true,2026-10-08
freed,false,2026-10-08
freer,false,2026-10-08
frees,false,2026-10-08
freet,false,2026-10-08
freit,false,2026-10-08
fremd,false,2026-10-08
frena,false,2026-10-08
freon,false,2026-10-08
frere,false,2026-10-08
fresh,true,2026-10-08
frets,false,2026-10-08
friar,false,2026-10-08
fribs,false,2026-10-08
fried,true,2026-10-08
frier,false,2026-10-08
fries,false,2026-10-08
frigs,false,2026-10-08
frill,true,2026-10-08
frise,false,2026-10-08
frisk,false,2026-10-08
frist,false,2026-10-08
frita,false,2026-10-08
frite,false,2026-10-08
frith,false,2026-10-08
frits,false,2026-10-08
fritt,false,2026-10-08
fritz,true,2026-10-08
frize,false,2026-10-08
frizz,false,2026-10-08
frock,true,2026-10-08
froes,false,2026-10-08
frogs,false,2026-10-08
fromm,false,2026-10-08
frond,true,2026-10-08
frons,false,2026-10-08
front,true,2026-10-08
froom,false,2026-10-08
frore,false,2026-10-08
frorn,false,2026-10-08
frory,false,2026-10-08
frosh,false,2026-10-08
frost,true,2026-10-08
froth,true,2026-10-08
frown,true,2026-10-08
frows,false,2026-10-08
frowy,false,2026-10-08
froyo,false,2026-10-08
froze,true,2026-10-08
frugs,false,2026-10-08
fruit,true,2026-10-08
frump,false,2026-10-08
frush,false,2026-10-08
frust,false,2026-10-08
fryer,false,2026-10-08
fubar,false,2026-10-08
fubby,false,2026-10-08
fubsy,false,2026-10-08
fucks,false,2026-10-08
fucus,false,2026-10-08
fuddy,false,2026-10-08
fudge,false,2026-10-08
fudgy,false,2026-10-08
fuels,false,2026-10-08
fuero,false,2026-10-08
fuffs,false,2026-10-08
fuffy,false,2026-10-08
fugal,false,2026-10-08
fuggy,false,2026-10-08
fugie,false,2026-10-08
fugio,false,2026-10-08
fugis,false,2026-10-08
fugle,false,2026-10-08
fugly,false,2026-10-08
fugue,true,2026-10-08
fugus,false,2026-10-08
fujis,false,2026-10-08
fulla,false,2026-10-08
fulls,false,2026-10-08
fully,true,2026-10-08
fulth,false,2026-10-08
fulwa,false,2026-10-08
fumed,false,2026-10-08
fumer,false,2026-10-08
fumes,false,2026-10-08
fumet,false,2026-10-08
funda,false,2026-10-08
fundi,false,2026-10-08
fundo,false,2026-10-08
funds,false,2026-10-08
fundy,false,2026-10-08
fungi,true,2026-10-08
fungo,false,2026-10-08
fungs,false,2026-10-08
funic,false,2026-10-08
funis,false,2026-10-08
funks,false,2026-10-08
funky,true,2026-10-08
funny,true,2026-10-08
funsy,false,2026-10-08
funts,false,2026-10-08
fural,false,2026-10-08
furan,false,2026-10-08
furca,false,2026-10-08
furls,false,2026-10-08
furol,false,2026-10-08
furor,false,2026-10-08
furos,false,2026-10-08
furrs,false,2026-10-08
furry,false,2026-10-08
furth,false,2026-10-08
furze,false,2026-10-08
furzy,false,2026-10-08
fused,false,2026-10-08
fusee,false,2026-10-08
fusel,false,2026-10-08
fuses,false,2026-10-08
fusil,false,2026-10-08
fusks,false,2026-10-08
fussy,false,2026-10-08
fusts,false,2026-10-08
fusty,false,2026-10-08
futon,false,2026-10-08
fuzed,false,2026-10-08
fuzee,false,2026-10-08
fuzes,false,2026-10-08
fuzil,false,2026-10-08
fuzzy,true,2026-10-08
fyces,false,2026-10-08
fyked,false,2026-10-08
fykes,false,2026-10-08
fyles,false,2026-10-08
fyrds,false,2026-10-08
fytte,false,2026-10-08
gabba,false,2026-10-08
gabby,false,2026-10-08
gable,false,2026-10-08
gaddi,false,2026-10-08
gades,false,2026-10-08
gadge,false,2026-10-08
gadgy,false,2026-10-08
gadid,false,2026-10-08
gadis,false,2026-10-08
gadje,false,2026-10-08
gadjo,false,2026-10-08
gadso,false,2026-10-08
gaffe,false,2026-10-08
gaffs,false,2026-10-08
gaged,false,2026-10-08
gager,false,2026-10-08
gages,false,2026-10-08
gaids,false,2026-10-08
gaily,false,2026-10-08
gains,false,2026-10-08
gairs,false,2026-10-08
gaita,false,2026-10-08
gaits,false,2026-10-08
gaitt,false,2026-10-08
gajos,false,2026-10-08
galah,false,2026-10-08
galas,false,2026-10-08
galax,false,2026-10-08
galea,false,2026-10-08
galed,false,2026-10-08
gales,false,2026-10-08
galia,false,2026-10-08
galis,false,2026-10-08
galls,false,2026-10-08
gally,false,2026-10-08
galop,false,2026-10-08
galut,false,2026-10-08
galvo,false,2026-10-08
gamas,false,2026-10-08
gamay,false,2026-10-08
gamba,false,2026-10-08
gambe,false,2026-10-08
gambo,false,2026-10-08
gambs,false,2026-10-08
gamed,false,2026-10-08
gamer,true,2026-10-08
games,true,2026-10-08
gamey,false,2026-10-08
gamic,false,2026-10-08
gamin,false,2026-10-08
gamma,true,2026-10-08
gamme,false,2026-10-08
gammy,false,2026-10-08
gamps,false,2026-10-08
gamut,true,2026-10-08
ganch,false,2026-10-08
gandy,false,2026-10-08
ganef,false,2026-10-08
ganev,false,2026-10-08
gangs,false,2026-10-08
ganja,false,2026-10-08
ganks,false,2026-10-08
ganof,false,2026-10-08
gants,false,2026-10-08
gaols,false,2026-10-08
gaped,false,2026-10-08
gaper,false,2026-10-08
gapes,false,2026-10-08
gapos,false,2026-10-08
gappy,false,2026-10-08
garam,false,2026-10-08
garba,false,2026-10-08
garbe,false,2026-10-08
garbo,false,2026-10-08
garbs,false,2026-10-08
garda,false,2026-10-08
garde,false,2026-10-08
gares,false,2026-10-08
garis,false,2026-10-08
garms,false,2026-10-08
garni,false,2026-10-08
garre,false,2026-10-08
garri,false,2026-10-08
garth,false,2026-10-08
garum,false,2026-10-08
gases,false,2026-10-08
gashy,false,2026-10-08
gasps,false,2026-10-08
gaspy,false,2026-10-08
gassy,false,2026-10-08
gasts,false,2026-10-08
gatch,false,2026-10-08
gated,false,2026-10-08
gater,false,2026-10-08
gates,false,2026-10-08
gaths,false,2026-10-08
gator,false,2026-10-08
gauch,false,2026-10-08
gaucy,false,2026-10-08
gauds,false,2026-10-08
gaudy,true,2026-10-08
gauge,true,2026-10-08
gauje,false,2026-10-08
gault,false,2026-10-08
gaums,false,2026-10-08
gaumy,false,2026-10-08
gaunt,true,2026-10-08
gaups,false,2026-10-08
gaurs,false,2026-10-08
gauss,false,2026-10-08
gauze,true,2026-10-08
gauzy,false,2026-10-08
gavel,true,2026-10-08
gavot,false,2026-10-08
gawcy,false,2026-10-08
gawds,false,2026-10-08
gawks,false,2026-10-08
gawky,true,2026-10-08
gawps,false,2026-10-08
gawsy,false,2026-10-08
gayal,false,2026-10-08
gayer,false,2026-10-08
gayly,false,2026-10-08
gazal,false,2026-10-08
gazar,false,2026-10-08
gazed,false,2026-10-08
gazer,false,2026-10-08
gazes,false,2026-10-08
gazon,false,2026-10-08
gazoo,false,2026-10-08
geals,false,2026-10-08
geans,false,2026-10-08
geare,false,2026-10-08
gears,false,2026-10-08
geasa,false,2026-10-08
geats,false,2026-10-08
gebur,false,2026-10-08
gecko,true,2026-10-08
gecks,false,2026-10-08
geeks,false,2026-10-08
geeky,false,2026-10-08
geeps,false,2026-10-08
geese,true,2026-10-08
geest,false,2026-10-08
geist,false,2026-10-08
geits,false,2026-10-08
gelds,false,2026-10-08
gelee,false,2026-10-08
gelid,false,2026-10-08
gelly,false,2026-10-08
gelts,false,2026-10-08
gemel,false,2026-10-08
gemma,false,2026-10-08
gemmy,false,2026-10-08
gemot,false,2026-10-08
genae,false,2026-10-08
genal,false,2026-10-08
genas,false,2026-10-08
genes,false,2026-10-08
genet,false,2026-10-08
genic,false,2026-10-08
genie,true,2026-10-08
genii,false,2026-10-08
genin,false,2026-10-08
genio,false,2026-10-08
genip,false,2026-10-08
genny,false,2026-10-08
genoa,false,2026-10-08
genom,false,2026-10-08
genre,true,2026-10-08
genro,false,2026-10-08
gents,false,2026-10-08
genty,false,2026-10-08
genua,false,2026-10-08
genus,false,2026-10-08
geode,true,2026-10-08
geoid,false,2026-10-08
gerah,false,2026-10-08
gerbe,false,2026-10-08
geres,false,2026-10-08
gerle,false,2026-10-08
germs,false,2026-10-08
germy,false,2026-10-08
gerne,false,2026-10-08
gesse,false,2026-10-08
gesso,false,2026-10-08
geste,false,2026-10-08
gests,false,2026-10-08
getas,false,2026-10-08
getup,false,2026-10-08
geums,false,2026-10-08
geyan,false,2026-10-08
geyer,false,2026-10-08
ghast,false,2026-10-08
ghats,false,2026-10-08
ghaut,false,2026-10-08
ghazi,false,2026-10-08
ghees,false,2026-10-08
ghest,false,2026-10-08
ghost,true,2026-10-08
ghoul,true,2026-10-08
ghusl,false,2026-10-08
ghyll,false,2026-10-08
giant,true,2026-10-08
gibed,false,2026-10-08
gibel,false,2026-10-08
giber,false,2026-10-08
gibes,false,2026-10-08
gibli,false,2026-10-08
gibus,false,2026-10-08
giddy,true,2026-10-08
gifts,false,2026-10-08
gigas,false,2026-10-08
gighe,false,2026-10-08
gigot,false,2026-10-08
gigue,false,2026-10-08
gilas,false,2026-10-08
gilds,false,2026-10-08
gilet,false,2026-10-08
gilia,false,2026-10-08
gills,false,2026-10-08
gilly,false,2026-10-08
gilpy,false,2026-10-08
gilts,false,2026-10-08
gimel,false,2026-10-08
gimme,false,2026-10-08
gimps,false,2026-10-08
gimpy,false,2026-10-08
ginch,false,2026-10-08
ginga,false,2026-10-08
ginge,false,2026-10-08
gings,false,2026-10-08
ginks,false,2026-10-08
ginny,false,2026-10-08
ginzo,false,2026-10-08
gipon,false,2026-10-08
gippo,false,2026-10-08
gippy,false,2026-10-08
gipsy,false,2026-10-08
girds,false,2026-10-08
girlf,false,2026-10-08
girls,false,2026-10-08
girly,false,2026-10-08
girns,false,2026-10-08
giron,false,2026-10-08
giros,false,2026-10-08
girrs,false,2026-10-08
girsh,false,2026-10-08
girth,true,2026-10-08
girts,false,2026-10-08
gismo,false,2026-10-08
gisms,false,2026-10-08
gists,false,2026-10-08
gitch,false,2026-10-08
gites,false,2026-10-08
giust,false,2026-10-08
gived,false,2026-10-08
given,true,2026-10-08
giver,false,2026-10-08
gives,false,2026-10-08
gizmo,true,2026-10-08
glace,false,2026-10-08
glade,true,2026-10-08
glads,false,2026-10-08
glady,false,2026-10-08
glaik,false,2026-10-08
glair,false,2026-10-08
glamp,false,2026-10-08
glams,false,2026-10-08
gland,true,2026-10-08
glans,false,2026-10-08
glare,true,2026-10-08
glary,false,2026-10-08
glass,true,2026-10-08
glatt,false,2026-10-08
glaum,false,2026-10-08
glaur,false,2026-10-08
glaze,true,2026-10-08
glazy,false,2026-10-08
gleam,true,2026-10-08
glean,true,2026-10-08
gleba,false,2026-10-08
glebe,false,2026-10-08
gleby,false,2026-10-08
glede,false,2026-10-08
gleds,false,2026-10-08
gleed,false,2026-10-08
gleek,false,2026-10-08
glees,false,2026-10-08
gleet,false,2026-10-08
gleis,false,2026-10-08
glens,false,2026-10-08
glent,false,2026-10-08
gleys,false,2026-10-08
glial,false,2026-10-08
glias,false,2026-10-08
glibs,false,2026-10-08
glide,true,2026-10-08
gliff,false,2026-10-08
glift,false,2026-10-08
glike,false,2026-10-08
glime,false,2026-10-08
glims,false,2026-10-08
glint,true,2026-10-08
glisk,false,2026-10-08
glits,false,2026-10-08
glitz,false,2026-10-08
gloam,false,2026-10-08
gloat,true,2026-10-08
globe,true,2026-10-08
globi,false,2026-10-08
globs,false,2026-10-08
globy,false,2026-10-08
glode,false,2026-10-08
glogg,false,2026-10-08
gloms,false,2026-10-08
gloom,true,2026-10-08
gloop,false,2026-10-08
glops,false,2026-10-08
glory,true,2026-10-08
gloss,true,2026-10-08
glost,false,2026-10-08
glout,false,2026-10-08
glove,true,2026-10-08
glows,false,2026-10-08
glowy,false,2026-10-08
gloze,false,2026-10-08
glued,false,2026-10-08
gluer,false,2026-10-08
glues,false,2026-10-08
gluey,false,2026-10-08
glugg,false,2026-10-08
glugs,false,2026-10-08
glume,false,2026-10-08
glums,false,2026-10-08
gluon,false,2026-10-08
glute,false,2026-10-08
gluts,false,2026-10-08
glyph,true,2026-10-08
gnapi,false,2026-10-08
gnarl,false,2026-10-08
gnarr,false,2026-10-08
gnars,false,2026-10-08
gnash,true,2026-10-08
gnats,false,2026-10-08
gnawn,false,2026-10-08
gnaws,false,2026-10-08
gnome,true,2026-10-08
gnows,false,2026-10-08
goads,false,2026-10-08
goafs,false,2026-10-08
goaft,false,2026-10-08
goals,false,2026-10-08
goary,false,2026-10-08
goats,false,2026-10-08
goaty,false,2026-10-08
goave,false,2026-10-08
goban,false,2026-10-08
gobar,false,2026-10-08
gobbe,false,2026-10-08
gobbi,false,2026-10-08
gobbo,false,2026-10-08
gobby,false,2026-10-08
gobis,false,2026-10-08
gobos,false,2026-10-08
godet,false,2026-10-08
godly,false,2026-10-08
godso,false,2026-10-08
goels,false,2026-10-08
goers,false,2026-10-08
goest,false,2026-10-08
goeth,false,2026-10-08
goety,false,2026-10-08
gofer,true,2026-10-08
goffs,false,2026-10-08
gogga,false,2026-10-08
gogos,false,2026-10-08
goier,false,2026-10-08
going,true,2026-10-08
gojis,false,2026-10-08
gokes,false,2026-10-08
golds,false,2026-10-08
goldy,false,2026-10-08
golem,true,2026-10-08
goles,false,2026-10-08
golfs,false,2026-10-08
golly,false,2026-10-08
golpe,false,2026-10-08
golps,false,2026-10-08
gombo,false,2026-10-08
gomer,false,2026-10-08
gompa,false,2026-10-08
gonad,false,2026-10-08
gonch,false,2026-10-08
gonef,false,2026-10-08
goner,true,2026-10-08
gongs,false,2026-10-08
gonia,false,2026-10-08
gonif,false,2026-10-08
gonks,false,2026-10-08
gonna,false,2026-10-08
gonof,false,2026-10-08
gonys,false,2026-10-08
gonzo,false,2026-10-08
gooby,false,2026-10-08
goodo,false,2026-10-08
goods,false,2026-10-08
goody,true,2026-10-08
gooey,true,2026-10-08
goofs,false,2026-10-08
goofy,true,2026-10-08
googs,false,2026-10-08
gooks,false,2026-10-08
gooky,false,2026-10-08
goold,false,2026-10-08
gools,false,2026-10-08
gooly,false,2026-10-08
goomy,false,2026-10-08
goons,false,2026-10-08
goony,false,2026-10-08
goops,false,2026-10-08
goopy,false,2026-10-08
goors,false,2026-10-08
goory,false,2026-10-08
goose,true,2026-10-08
goosy,false,2026-10-08
gopak,false,2026-10-08
gopik,false,2026-10-08
goral,false,2026-10-08
goras,false,2026-10-08
goray,false,2026-10-08
gorbs,false,2026-10-08
gordo,false,2026-10-08
gored,false,2026-10-08
gores,false,2026-10-08
gorge,true,2026-10-08
goris,false,2026-10-08
gorms,false,2026-10-08
gormy,false,2026-10-08
gorps,false,2026-10-08
gorse,false,2026-10-08
gorsy,false,2026-10-08
gosht,false,2026-10-08
gosse,false,2026-10-08
gotch,false,2026-10-08
goths,false,2026-10-08
gothy,false,2026-10-08
gotta,false,2026-10-08
gouch,false,2026-10-08
gouge,true,2026-10-08
gouks,false,2026-10-08
goura,false,2026-10-08
gourd,false,2026-10-08
gouts,false,2026-10-08
gouty,false,2026-10-08
goved,false,2026-10-08
goves,false,2026-10-08
gowan,false,2026-10-08
gowds,false,2026-10-08
gowfs,false,2026-10-08
gowks,false,2026-10-08
gowls,false,2026-10-08
gowns,false,2026-10-08
goxes,false,2026-10-08
goyim,false,2026-10-08
goyle,false,2026-10-08
graal,false,2026-10-08
grabs,false,2026-10-08
grace,true,2026-10-08
grade,true,2026-10-08
grads,false,2026-10-08
graff,false,2026-10-08
graft,true,2026-10-08
grail,true,2026-10-08
grain,true,2026-10-08
graip,false,2026-10-08
grama,false,2026-10-08
grame,false,2026-10-08
gramp,false,2026-10-08
grams,false,2026-10-08
grana,false,2026-10-08
grand,true,2026-10-08
grano,false,2026-10-08
grans,false,2026-10-08
grant,true,2026-10-08
grape,true,2026-10-08
graph,true,2026-10-08
grapy,false,2026-10-08
grasp,true,2026-10-08
grass,true,2026-10-08
grata,false,2026-10-08
grate,true,2026-10-08
grats,false,2026-10-08
grave,true,2026-10-08
gravs,false,2026-10-08
gravy,true,2026-10-08
grays,false,2026-10-08
graze,false,2026-10-08
great,true,2026-10-08
grebe,false,2026-10-08
grebo,false,2026-10-08
grece,false,2026-10-08
greed,true,2026-10-08
greek,false,2026-10-08
green,true,2026-10-08
grees,false,2026-10-08
greet,true,2026-10-08
grege,false,2026-10-08
grego,false,2026-10-08
grein,false,2026-10-08
grens,false,2026-10-08
greps,false,2026-10-08
grese,false,2026-10-08
greve,false,2026-10-08
grews,false,2026-10-08
greys,false,2026-10-08
grice,false,2026-10-08
gride,false,2026-10-08
grids,false,2026-10-08
grief,true,2026-10-08
griff,false,2026-10-08
grift,true,2026-10-08
grigs,false,2026-10-08
grike,false,2026-10-08
grill,true,2026-10-08
grime,true,2026-10-08
grimy,true,2026-10-08
grind,true,2026-10-08
grins,false,2026-10-08
griot,false,2026-10-08
gripe,true,2026-10-08
grips,false,2026-10-08
gript,false,2026-10-08
gripy,false,2026-10-08
grise,false,2026-10-08
grist,false,2026-10-08
grisy,false,2026-10-08
grith,false,2026-10-08
grits,false,2026-10-08
grize,false,2026-10-08
groan,true,2026-10-08
groat,false,2026-10-08
grody,false,2026-10-08
grogs,false,2026-10-08
groin,true,2026-10-08
groks,false,2026-10-08
groma,false,2026-10-08
groms,false,2026-10-08
grone,false,2026-10-08
groof,false,2026-10-08
groom,true,2026-10-08
grope,false,2026-10-08
gross,true,2026-10-08
grosz,false,2026-10-08
grots,false,2026-10-08
grouf,false,2026-10-08
group,true,2026-10-08
grout,true,2026-10-08
grove,true,2026-10-08
grovy,false,2026-10-08
growl,true,2026-10-08
grown,true,2026-10-08
grows,false,2026-10-08
grrls,false,2026-10-08
grrrl,false,2026-10-08
grubs,false,2026-10-08
grued,false,2026-10-08
gruel,true,2026-10-08
grues,false,2026-10-08
grufe,false,2026-10-08
gruff,true,2026-10-08
grume,false,2026-10-08
grump,false,2026-10-08
grund,false,2026-10-08
grunt,false,2026-10-08
gryce,false,2026-10-08
gryde,false,2026-10-08
gryke,false,2026-10-08
grype,false,2026-10-08
grypt,false,2026-10-08
guaco,false,2026-10-08
guana,false,2026-10-08
guano,true,2026-10-08
guans,false,2026-10-08
guard,true,2026-10-08
guars,false,2026-10-08
guava,true,2026-10-08
gubba,false,2026-10-08
gucks,false,2026-10-08
gucky,false,2026-10-08
gudes,false,2026-10-08
guess,true,2026-10-08
guest,true,2026-10-08
guffs,false,2026-10-08
gugas,false,2026-10-08
guggl,false,2026-10-08
guide,true,2026-10-08
guido,false,2026-10-08
guids,false,2026-10-08
guild,true,2026-10-08
guile,true,2026-10-08
guilt,false,2026-10-08
guimp,false,2026-10-08
guiro,false,2026-10-08
guise,true,2026-10-08
gulab,false,2026-10-08
gulag,false,2026-10-08
gular,false,2026-10-08
gulas,false,2026-10-08
gulch,false,2026-10-08
gules,false,2026-10-08
gulet,false,2026-10-08
gulfs,false,2026-10-08
gulfy,false,2026-10-08
gulls,false,2026-10-08
gully,true,2026-10-08
gulph,false,2026-10-08
gulps,false,2026-10-08
gulpy,false,2026-10-08
gumbo,true,2026-10-08
gumma,false,2026-10-08
gummi,false,2026-10-08
gummy,true,2026-10-08
gumps,false,2026-10-08
gunas,false,2026-10-08
gundi,false,2026-10-08
gundy,false,2026-10-08
gunge,false,2026-10-08
gungy,false,2026-10-08
gunks,false,2026-10-08
gunky,true,2026-10-08
gunny,false,2026-10-08
guppy,true,2026-10-08
guqin,false,2026-10-08
gurdy,false,2026-10-08
gurge,false,2026-10-08
gurks,false,2026-10-08
gurls,false,2026-10-08
gurly,false,2026-10-08
gurns,false,2026-10-08
gurry,false,2026-10-08
gursh,false,2026-10-08
gurus,false,2026-10-08
gushy,false,2026-10-08
gusla,false,2026-10-08
gusle,false,2026-10-08
gusli,false,2026-10-08
gussy,false,2026-10-08
gusto,false,2026-10-08
gusts,false,2026-10-08
gusty,true,2026-10-08
gutsy,false,2026-10-08
gutta,false,2026-10-08
gutty,false,2026-10-08
guyed,false,2026-10-08
guyle,false,2026-10-08
guyot,false,2026-10-08
guyse,false,2026-10-08
gwine,false,2026-10-08
gyals,false,2026-10-08
gyans,false,2026-10-08
gybed,false,2026-10-08
gybes,false,2026-10-08
gyeld,false,2026-10-08
gymps,false,2026-10-08
gynae,false,2026-10-08
gynie,false,2026-10-08
gynny,false,2026-10-08
gynos,false,2026-10-08
gyoza,false,2026-10-08
gypes,false,2026-10-08
gypos,false,2026-10-08
gyppo,false,2026-10-08
gyppy,false,2026-10-08
gypsy,false,2026-10-08
gyral,false,2026-10-08
gyred,false,2026-10-08
gyres,false,2026-10-08
gyron,false,2026-10-08
gyros,false,2026-10-08
gyrus,false,2026-10-08
gytes,false,2026-10-08
gyved,false,2026-10-08
gyver,false,2026-10-08
gyves,false,2026-10-08
haafs,false,2026-10-08
haars,false,2026-10-08
haats,false,2026-10-08
habit,true,2026-10-08
hable,false,2026-10-08
habus,false,2026-10-08
hacek,false,2026-10-08
hacks,false,2026-10-08
hacky,false,2026-10-08
hadal,false,2026-10-08
haded,false,2026-10-08
hades,false,2026-10-08
hadji,false,2026-10-08
hadst,false,2026-10-08
haems,false,2026-10-08
haere,false,2026-10-08
haets,false,2026-10-08
haffs,false,2026-10-08
hafiz,false,2026-10-08
hafta,false,2026-10-08
hafts,false,2026-10-08
haggs,false,2026-10-08
haham,false,2026-10-08
hahas,false,2026-10-08
haick,false,2026-10-08
haika,false,2026-10-08
haiks,false,2026-10-08
haiku,false,2026-10-08
hails,false,2026-10-08
haily,false,2026-10-08
hains,false,2026-10-08
haint,false,2026-10-08
hairs,false,2026-10-08
hairy,true,2026-10-08
haith,false,2026-10-08
hajes,false,2026-10-08
hajis,false,2026-10-08
hajji,false,2026-10-08
hakam,false,2026-10-08
hakas,false,2026-10-08
hakea,false,2026-10-08
hakes,false,2026-10-08
hakim,false,2026-10-08
hakus,false,2026-10-08
halal,false,2026-10-08
haldi,false,2026-10-08
haled,false,2026-10-08
haler,false,2026-10-08
hales,false,2026-10-08
halfa,false,2026-10-08
halfs,false,2026-10-08
halid,false,2026-10-08
hallo,false,2026-10-08
halls,false,2026-10-08
halma,false,2026-10-08
halms,false,2026-10-08
halon,false,2026-10-08
halos,false,2026-10-08
halse,false,2026-10-08
halsh,false,2026-10-08
halts,false,2026-10-08
halva,false,2026-10-08
halve,true,2026-10-08
halwa,false,2026-10-08
hamal,false,2026-10-08
hamba,false,2026-10-08
hamed,false,2026-10-08
hamel,false,2026-10-08
hames,false,2026-10-08
hammy,false,2026-10-08
hamza,false,2026-10-08
hanap,false,2026-10-08
hance,false,2026-10-08
hanch,false,2026-10-08
handi,false,2026-10-08
hands,false,2026-10-08
handy,true,2026-10-08
hangi,false,2026-10-08
hangs,false,2026-10-08
hanks,false,2026-10-08
hanky,false,2026-10-08
hansa,false,2026-10-08
hanse,false,2026-10-08
hants,false,2026-10-08
haole,false,2026-10-08
haoma,false,2026-10-08
hapas,false,2026-10-08
hapax,false,2026-10-08
haply,false,2026-10-08
happi,false,2026-10-08
happy,true,2026-10-08
hapus,false,2026-10-08
haram,false,2026-10-08
hards,false,2026-10-08
hardy,true,2026-10-08
hared,false,2026-10-08
harem,false,2026-10-08
hares,false,2026-10-08
harim,false,2026-10-08
harks,false,2026-10-08
harls,false,2026-10-08
harms,false,2026-10-08
harns,false,2026-10-08
haros,false,2026-10-08
harps,false,2026-10-08
harpy,false,2026-10-08
harry,false,2026-10-08
harsh,true,2026-10-08
harts,false,2026-10-08
hashy,false,2026-10-08
hasks,false,2026-10-08
hasps,false,2026-10-08
hasta,false,2026-10-08
haste,true,2026-10-08
hasty,true,2026-10-08
hatch,true,2026-10-08
hated,false,2026-10-08
hater,true,2026-10-08
hates,false,2026-10-08
hatha,false,2026-10-08
hathi,false,2026-10-08
hatty,false,2026-10-08
hauds,false,2026-10-08
haufs,false,2026-10-08
haugh,false,2026-10-08
haugo,false,2026-10-08
hauld,false,2026-10-08
haulm,false,2026-10-08
hauls,false,2026-10-08
hault,false,2026-10-08
hauns,false,2026-10-08
haunt,true,2026-10-08
hause,false,2026-10-08
haute,false,2026-10-08
havan,false,2026-10-08
havel,false,2026-10-08
haven,true,2026-10-08
haver,false,2026-10-08
haves,false,2026-10-08
havoc,true,2026-10-08
hawed,false,2026-10-08
hawks,false,2026-10-08
hawms,false,2026-10-08
hawse,false,2026-10-08
hayed,false,2026-10-08
hayer,false,2026-10-08
hayey,false,2026-10-08
hayle,false,2026-10-08
hazan,false,2026-10-08
hazed,false,2026-10-08
hazel,true,2026-10-08
hazer,false,2026-10-08
hazes,false,2026-10-08
hazle,false,2026-10-08
heads,false,2026-10-08
heady,true,2026-10-08
heald,false,2026-10-08
heals,false,2026-10-08
heame,false,2026-10-08
heaps,false,2026-10-08
heapy,false,2026-10-08
heard,true,2026-10-08
heare,false,2026-10-08
hears,false,2026-10-08
heart,true,2026-10-08
heast,false,2026-10-08
heath,true,2026-10-08
heats,false,2026-10-08
heaty,false,2026-10-08
heave,true,2026-10-08
heavy,true,2026-10-08
heben,false,2026-10-08
hebes,false,2026-10-08
hecht,false,2026-10-08
hecks,false,2026-10-08
heder,false,2026-10-08
hedge,false,2026-10-08
hedgy,false,2026-10-08
heeds,false,2026-10-08
heedy,false,2026-10-08
heels,false,2026-10-08
heeze,false,2026-10-08
hefte,false,2026-10-08
hefts,false,2026-10-08
hefty,true,2026-10-08
heiau,false,2026-10-08
heids,false,2026-10-08
heigh,false,2026-10-08
heils,false,2026-10-08
heirs,false,2026-10-08
heist,true,2026-10-08
hejab,false,2026-10-08
hejra,false,2026-10-08
heled,false,2026-10-08
heles,false,2026-10-08
helio,false,2026-10-08
helix,true,2026-10-08
hella,false,2026-10-08
hello,true,2026-10-08
hells,false,2026-10-08
helly,false,2026-10-08
helms,false,2026-10-08
helos,false,2026-10-08
helot,false,2026-10-08
helps,false,2026-10-08
helve,false,2026-10-08
hemal,false,2026-10-08
hemes,false,2026-10-08
hemic,false,2026-10-08
hemin,false,2026-10-08
hemps,false,2026-10-08
hempy,false,2026-10-08
hence,true,2026-10-08
hench,false,2026-10-08
hends,false,2026-10-08
henge,false,2026-10-08
henna,false,2026-10-08
henny,false,2026-10-08
henry,false,2026-10-08
hents,false,2026-10-08
hepar,false,2026-10-08
herbs,false,2026-10-08
herby,false,2026-10-08
herds,false,2026-10-08
heres,false,2026-10-08
herls,false,2026-10-08
herma,false,2026-10-08
herms,false,2026-10-08
herns,false,2026-10-08
heron,true,2026-10-08
heros,false,2026-10-08
herps,false,2026-10-08
herry,false,2026-10-08
herse,false,2026-10-08
hertz,false,2026-10-08
herye,false,2026-10-08
hesps,false,2026-10-08
hests,false,2026-10-08
hetes,false,2026-10-08
heths,false,2026-10-08
heuch,false,2026-10-08
heugh,false,2026-10-08
hevea,false,2026-10-08
hevel,false,2026-10-08
hewed,false,2026-10-08
hewer,false,2026-10-08
hewgh,false,2026-10-08
hexad,false,2026-10-08
hexed,false,2026-10-08
hexer,false,2026-10-08
hexes,false,2026-10-08
hexyl,false,2026-10-08
heyed,false,2026-10-08
hiant,false,2026-10-08
hibas,false,2026-10-08
hicks,false,2026-10-08
hided,false,2026-10-08
hider,false,2026-10-08
hides,false,2026-10-08
hiems,false,2026-10-08
hifis,false,2026-10-08
highs,false,2026-10-08
hight,false,2026-10-08
hijab,false,2026-10-08
hijra,false,2026-10-08
hiked,false,2026-10-08
hiker,false,2026-10-08
hikes,false,2026-10-08
hikoi,false,2026-10-08
hilar,false,2026-10-08
hilch,false,2026-10-08
hillo,false,2026-10-08
hills,false,2026-10-08
hilly,true,2026-10-08
hilsa,false,2026-10-08
hilts,false,2026-10-08
hilum,false,2026-10-08
hilus,false,2026-10-08
himbo,false,2026-10-08
hinau,false,2026-10-08
hinds,false,2026-10-08
hinge,true,2026-10-08
hings,false,2026-10-08
hinky,false,2026-10-08
hinny,false,2026-10-08
hints,true,2026-10-08
hiois,false,2026-10-08
hiped,false,2026-10-08
hiper,false,2026-10-08
hipes,false,2026-10-08
hiply,false,2026-10-08
hippo,true,2026-10-08
hippy,false,2026-10-08
hired,false,2026-10-08
hiree,false,2026-10-08
hirer,false,2026-10-08
hires,false,2026-10-08
hissy,false,2026-10-08
hists,false,2026-10-08
hitch,true,2026-10-08
hithe,false,2026-10-08
hived,false,2026-10-08
hiver,false,2026-10-08
hives,false,2026-10-08
hizen,false,2026-10-08
hoach,false,2026-10-08
hoaed,false,2026-10-08
hoagy,false,2026-10-08
hoard,true,2026-10-08
hoars,false,2026-10-08
hoary,false,2026-10-08
hoast,false,2026-10-08
hobby,true,2026-10-08
hobos,false,2026-10-08
hocks,false,2026-10-08
hocus,false,2026-10-08
hodad,false,2026-10-08
hodja,false,2026-10-08
hoers,false,2026-10-08
hogan,false,2026-10-08
hogen,false,2026-10-08
hoggs,false,2026-10-08
hoghs,false,2026-10-08
hogoh,false,2026-10-08
hogos,false,2026-10-08
hohed,false,2026-10-08
hoick,false,2026-10-08
hoied,false,2026-10-08
hoiks,false,2026-10-08
hoing,false,2026-10-08
hoise,false,2026-10-08
hoist,true,2026-10-08
hokas,false,2026-10-08
hoked,false,2026-10-08
hokes,false,2026-10-08
hokey,false,2026-10-08
hokis,false,2026-10-08
hokku,false,2026-10-08
hokum,false,2026-10-08
holds,false,2026-10-08
holed,false,2026-10-08
holes,false,2026-10-08
holey,false,2026-10-08
holks,false,2026-10-08
holla,false,2026-10-08
hollo,false,2026-10-08
holly,true,2026-10-08
holme,false,2026-10-08
holms,false,2026-10-08
holon,false,2026-10-08
holos,false,2026-10-08
holts,false,2026-10-08
homas,false,2026-10-08
homed,false,2026-10-08
homer,true,2026-10-08
homes,false,2026-10-08
homey,false,2026-10-08
homie,false,2026-10-08
homme,false,2026-10-08
homos,false,2026-10-08
honan,false,2026-10-08
honda,false,2026-10-08
honds,false,2026-10-08
honed,false,2026-10-08
honer,false,2026-10-08
hones,false,2026-10-08
honey,true,2026-10-08
hongi,false,2026-10-08
hongs,false,2026-10-08
honks,false,2026-10-08
honky,false,2026-10-08
honor,false,2026-10-08
hooch,false,2026-10-08
hoods,false,2026-10-08
hoody,false,2026-10-08
hooey,false,2026-10-08
hoofs,false,2026-10-08
hoogo,false,2026-10-08
hooha,false,2026-10-08
hooka,false,2026-10-08
hooks,false,2026-10-08
hooky,false,2026-10-08
hooly,false,2026-10-08
hoons,false,2026-10-08
hoops,false,2026-10-08
hoord,false,2026-10-08
hoors,false,2026-10-08
hoosh,false,2026-10-08
hoots,false,2026-10-08
hooty,false,2026-10-08
hoove,false,2026-10-08
hopak,false,2026-10-08
hoped,false,2026-10-08
hoper,false,2026-10-08
hopes,false,2026-10-08
hoppy,false,2026-10-08
horah,false,2026-10-08
horal,false,2026-10-08
horas,false,2026-10-08
horde,true,2026-10-08
horis,false,2026-10-08
horks,false,2026-10-08
horme,false,2026-10-08
horns,false,2026-10-08
horny,false,2026-10-08
horse,true,2026-10-08
horst,false,2026-10-08
horsy,false,2026-10-08
hosed,false,2026-10-08
hosel,false,2026-10-08
hosen,false,2026-10-08
hoser,false,2026-10-08
hoses,false,2026-10-08
hosey,false,2026-10-08
hosta,false,2026-10-08
hosts,false,2026-10-08
hotch,false,2026-10-08
hotel,true,2026-10-08
hoten,false,2026-10-08
hotis,false,2026-10-08
hotly,false,2026-10-08
hotte,false,2026-10-08
hotty,false,2026-10-08
houff,false,2026-10-08
houfs,false,2026-10-08
hough,false,2026-10-08
hound,true,2026-10-08
houri,false,2026-10-08
hours,false,2026-10-08
house,true,2026-10-08
houts,false,2026-10-08
hovea,false,2026-10-08
hoved,false,2026-10-08
hovel,true,2026-10-08
hoven,false,2026-10-08
hover,true,2026-10-08
hoves,false,2026-10-08
howay,false,2026-10-08
howbe,false,2026-10-08
howdy,true,2026-10-08
howes,false,2026-10-08
howff,false,2026-10-08
howfs,false,2026-10-08
howks,false,2026-10-08
howls,false,2026-10-08
howre,false,2026-10-08
howso,false,2026-10-08
howto,false,2026-10-08
hoxed,false,2026-10-08
hoxes,false,2026-10-08
hoyas,false,2026-10-08
hoyed,false,2026-10-08
hoyle,false,2026-10-08
hubba,false,2026-10-08
hubby,false,2026-10-08
hucks,false,2026-10-08
hudna,false,2026-10-08
hudud,false,2026-10-08
huers,false,2026-10-08
huffs,false,2026-10-08
huffy,false,2026-10-08
huger,false,2026-10-08
huggy,false,2026-10-08
huhus,false,2026-10-08
huias,false,2026-10-08
huies,false,2026-10-08
hukou,false,2026-10-08
hulas,false,2026-10-08
hules,false,2026-10-08
hulks,false,2026-10-08
hulky,false,2026-10-08
hullo,false,2026-10-08
hulls,false,2026-10-08
hully,false,2026-10-08
human,true,2026-10-08
humas,false,2026-10-08
humfs,false,2026-10-08
humic,false,2026-10-08
humid,true,2026-10-08
humor,true,2026-10-08
humph,true,2026-10-08
humps,false,2026-10-08
humpy,false,2026-10-08
humus,false,2026-10-08
hunch,true,2026-10-08
hundo,false,2026-10-08
hunks,false,2026-10-08
hunky,true,2026-10-08
hunts,false,2026-10-08
hurds,false,2026-10-08
hurls,false,2026-10-08
hurly,false,2026-10-08
hurra,false,2026-10-08
hurry,true,2026-10-08
hurst,false,2026-10-08
hurts,false,2026-10-08
hurty,false,2026-10-08
hushy,false,2026-10-08
husks,false,2026-10-08
husky,false,2026-10-08
husos,false,2026-10-08
hussy,false,2026-10-08
hutch,true,2026-10-08
hutia,false,2026-10-08
huzza,false,2026-10-08
huzzy,false,2026-10-08
hwyls,false,2026-10-08
hydel,false,2026-10-08
hydra,true,2026-10-08
hydro,false,2026-10-08
hyena,true,2026-10-08
hyens,false,2026-10-08
hygge,false,2026-10-08
hying,false,2026-10-08
hykes,false,2026-10-08
hylas,false,2026-10-08
hyleg,false,2026-10-08
hyles,false,2026-10-08
hylic,false,2026-10-08
hymen,false,2026-10-08
hymns,false,2026-10-08
hynde,false,2026-10-08
hyoid,false,2026-10-08
hyped,false,2026-10-08
hyper,true,2026-10-08
hypes,false,2026-10-08
hypha,false,2026-10-08
hyphy,false,2026-10-08
hypos,false,2026-10-08
hyrax,false,2026-10-08
hyson,false,2026-10-08
hythe,false,2026-10-08
iambi,false,2026-10-08
iambs,false,2026-10-08
ibrik,false,2026-10-08
icers,false,2026-10-08
iched,false,2026-10-08
iches,false,2026-10-08
ichor,false,2026-10-08
icier,false,2026-10-08
icily,false,2026-10-08
icing,true,2026-10-08
icker,false,2026-10-08
ickle,false,2026-10-08
icons,false,2026-10-08
ictal,false,2026-10-08
ictic,false,2026-10-08
ictus,false,2026-10-08
idant,false,2026-10-08
iddah,false,2026-10-08
iddat,false,2026-10-08
iddut,false,2026-10-08
ideal,true,2026-10-08
ideas,false,2026-10-08
idees,false,2026-10-08
ident,false,2026-10-08
idiom,true,2026-10-08
idiot,false,2026-10-08
idled,false,2026-10-08
idler,true,2026-10-08
idles,false,2026-10-08
idlis,false,2026-10-08
idola,false,2026-10-08
idols,false,2026-10-08
idyll,false,2026-10-08
idyls,false,2026-10-08
iftar,false,2026-10-08
igapo,false,2026-10-08
igged,false,2026-10-08
igloo,true,2026-10-08
iglus,false,2026-10-08
ignis,false,2026-10-08
ihram,false,2026-10-08
iiwis,false,2026-10-08
ikans,false,2026-10-08
ikats,false,2026-10-08
ikons,false,2026-10-08
ileac,false,2026-10-08
ileal,false,2026-10-08
ileum,false,2026-10-08
ileus,false,2026-10-08
iliac,false,2026-10-08
iliad,false,2026-10-08
ilial,false,2026-10-08
ilium,false,2026-10-08
iller,false,2026-10-08
illth,false,2026-10-08
image,true,2026-10-08
imago,false,2026-10-08
imagy,false,2026-10-08
imams,false,2026-10-08
imari,false,2026-10-08
imaum,false,2026-10-08
imbar,false,2026-10-08
imbed,false,2026-10-08
imbos,false,2026-10-08
imbue,true,2026-10-08
imide,false,2026-10-08
imido,false,2026-10-08
imids,false,2026-10-08
imine,false,2026-10-08
imino,false,2026-10-08
imlis,false,2026-10-08
immew,false,2026-10-08
immit,false,2026-10-08
immix,false,2026-10-08
imped,false,2026-10-08
impel,true,2026-10-08
impis,false,2026-10-08
imply,false,2026-10-08
impot,false,2026-10-08
impro,false,2026-10-08
imshi,false,2026-10-08
imshy,false,2026-10-08
inane,true,2026-10-08
inapt,false,2026-10-08
inarm,false,2026-10-08
inbox,true,2026-10-08
inbye,false,2026-10-08
incas,false,2026-10-08
incel,false,2026-10-08
incle,false,2026-10-08
incog,false,2026-10-08
incur,true,2026-10-08
incus,false,2026-10-08
incut,false,2026-10-08
indew,false,2026-10-08
index,true,2026-10-08
india,false,2026-10-08
indie,true,2026-10-08
indol,false,2026-10-08
indow,false,2026-10-08
indri,false,2026-10-08
indue,false,2026-10-08
inept,true,2026-10-08
inerm,false,2026-10-08
inert,true,2026-10-08
infer,true,2026-10-08
infix,false,2026-10-08
infos,false,2026-10-08
infra,false,2026-10-08
ingan,false,2026-10-08
ingle,false,2026-10-08
ingot,false,2026-10-08
inion,false,2026-10-08
inked,false,2026-10-08
inker,false,2026-10-08
inkle,false,2026-10-08
inlay,true,2026-10-08
inlet,true,2026-10-08
inned,false,2026-10-08
inner,true,2026-10-08
innie,false,2026-10-08
innit,false,2026-10-08
inorb,false,2026-10-08
input,true,2026-10-08
inros,false,2026-10-08
inrun,false,2026-10-08
insee,false,2026-10-08
inset,false,2026-10-08
inspo,false,2026-10-08
intel,true,2026-10-08
inter,true,2026-10-08
intil,false,2026-10-08
intis,false,2026-10-08
intra,false,2026-10-08
intro,true,2026-10-08
inula,false,2026-10-08
inure,false,2026-10-08
inurn,false,2026-10-08
inust,false,2026-10-08
invar,false,2026-10-08
inver,false,2026-10-08
inwit,false,2026-10-08
iodic,false,2026-10-08
iodid,false,2026-10-08
iodin,false,2026-10-08
ionic,true,2026-10-08
ioras,false,2026-10-08
iotas,false,2026-10-08
ippon,false,2026-10-08
irade,false,2026-10-08
irate,true,2026-10-08
irids,false,2026-10-08
iring,false,2026-10-08
irked,false,2026-10-08
iroko,false,2026-10-08
irone,false,2026-10-08
irons,false,2026-10-08
irony,true,2026-10-08
isbas,false,2026-10-08
ishes,false,2026-10-08
isled,false,2026-10-08
isles,false,2026-10-08
islet,true,2026-10-08
isnae,false,2026-10-08
issei,false,2026-10-08
issue,true,2026-10-08
istle,false,2026-10-08
itchy,true,2026-10-08
items,false,2026-10-08
ither,false,2026-10-08
ivied,false,2026-10-08
ivies,false,2026-10-08
ivory,true,2026-10-08
ixias,false,2026-10-08
ixnay,false,2026-10-08
ixora,false,2026-10-08
ixtle,false,2026-10-08
izard,false,2026-10-08
izars,false,2026-10-08
izzat,false,2026-10-08
jaaps,false,2026-10-08
jabot,false,2026-10-08
jacal,false,2026-10-08
jacet,false,2026-10-08
jacks,false,2026-10-08
jacky,false,2026-10-08
jaded,false,2026-10-08
jades,false,2026-10-08
jafas,false,2026-10-08
jaffa,false,2026-10-08
jagas,false,2026-10-08
jager,false,2026-10-08
jaggs,false,2026-10-08
jaggy,false,2026-10-08
jagir,false,2026-10-08
jagra,false,2026-10-08
jails,false,2026-10-08
jaker,false,2026-10-08
jakes,false,2026-10-08
jakey,false,2026-10-08
jakie,false,2026-10-08
jalap,false,2026-10-08
jaleo,false,2026-10-08
jalop,false,2026-10-08
jambe,false,2026-10-08
jambo,false,2026-10-08
jambs,false,2026-10-08
jambu,false,2026-10-08
james,false,2026-10-08
jammy,false,2026-10-08
jamon,false,2026-10-08
jamun,false,2026-10-08
janes,false,2026-10-08
janky,false,2026-10-08
janns,false,2026-10-08
janny,false,2026-10-08
janty,false,2026-10-08
japan,false,2026-10-08
japed,false,2026-10-08
japer,false,2026-10-08
japes,false,2026-10-08
jarks,false,2026-10-08
jarls,false,2026-10-08
jarps,false,2026-10-08
jarta,false,2026-10-08
jarul,false,2026-10-08
jasey,false,2026-10-08
jaspe,false,2026-10-08
jasps,false,2026-10-08
jatha,false,2026-10-08
jatis,false,2026-10-08
jatos,false,2026-10-08
jauks,false,2026-10-08
jaune,false,2026-10-08
jaunt,true,2026-10-08
jaups,false,2026-10-08
javas,false,2026-10-08
javel,false,2026-10-08
jawan,false,2026-10-08
jawed,false,2026-10-08
jawns,false,2026-10-08
jaxie,false,2026-10-08
jazzy,true,2026-10-08
jeans,false,2026-10-08
jeats,false,2026-10-08
jebel,false,2026-10-08
jedis,false,2026-10-08
jeels,false,2026-10-08
jeely,false,2026-10-08
jeeps,false,2026-10-08
jeera,false,2026-10-08
jeers,false,2026-10-08
jeeze,false,2026-10-08
jefes,false,2026-10-08
jeffs,false,2026-10-08
jehad,false,2026-10-08
jehus,false,2026-10-08
jelab,false,2026-10-08
jello,false,2026-10-08
jells,false,2026-10-08
jelly,true,2026-10-08
jembe,false,2026-10-08
jemmy,false,2026-10-08
jenny,false,2026-10-08
jeons,false,2026-10-08
jerid,false,2026-10-08
jerks,false,2026-10-08
jerky,true,2026-10-08
jerry,false,2026-10-08
jesse,false,2026-10-08
jessy,false,2026-10-08
jests,false,2026-10-08
jesus,false,2026-10-08
jetee,false,2026-10-08
jetes,false,2026-10-08
jeton,false,2026-10-08
jetty,false,2026-10-08
jeune,false,2026-10-08
jewed,false,2026-10-08
jewel,true,2026-10-08
jewie,false,2026-10-08
jhala,false,2026-10-08
jheel,false,2026-10-08
jhils,false,2026-10-08
jiaos,false,2026-10-08
jibba,false,2026-10-08
jibbs,false,2026-10-08
jibed,false,2026-10-08
jiber,false,2026-10-08
jibes,false,2026-10-08
jiffs,false,2026-10-08
jiffy,true,2026-10-08
jiggy,false,2026-10-08
jigot,false,2026-10-08
jihad,false,2026-10-08
jills,false,2026-10-08
jilts,false,2026-10-08
jimmy,false,2026-10-08
jimpy,false,2026-10-08
jingo,false,2026-10-08
jings,false,2026-10-08
jinks,false,2026-10-08
jinne,false,2026-10-08
jinni,false,2026-10-08
jinns,false,2026-10-08
jirds,false,2026-10-08
jirga,false,2026-10-08
jirre,false,2026-10-08
jisms,false,2026-10-08
jitis,false,2026-10-08
jitty,false,2026-10-08
jived,false,2026-10-08
jiver,false,2026-10-08
jives,false,2026-10-08
jivey,false,2026-10-08
jnana,false,2026-10-08
jobed,false,2026-10-08
jobes,false,2026-10-08
jocko,false,2026-10-08
jocks,false,2026-10-08
jocky,false,2026-10-08
jocos,false,2026-10-08
jodel,false,2026-10-08
joeys,false,2026-10-08
johns,false,2026-10-08
joins,false,2026-10-08
joint,true,2026-10-08
joist,true,2026-10-08
joked,false,2026-10-08
joker,true,2026-10-08
jokes,false,2026-10-08
jokey,false,2026-10-08
jokol,false,2026-10-08
joled,false,2026-10-08
joles,false,2026-10-08
jolie,false,2026-10-08
jollo,false,2026-10-08
jolls,false,2026-10-08
jolly,true,2026-10-08
jolts,false,2026-10-08
jolty,false,2026-10-08
jomon,false,2026-10-08
jomos,false,2026-10-08
jones,false,2026-10-08
jongs,false,2026-10-08
jonty,false,2026-10-08
jooks,false,2026-10-08
joram,false,2026-10-08
jorts,false,2026-10-08
jorum,false,2026-10-08
jotas,false,2026-10-08
jotty,false,2026-10-08
jotun,false,2026-10-08
joual,false,2026-10-08
jougs,false,2026-10-08
jouks,false,2026-10-08
joule,false,2026-10-08
jours,false,2026-10-08
joust,true,2026-10-08
jowar,false,2026-10-08
jowed,false,2026-10-08
jowls,false,2026-10-08
jowly,false,2026-10-08
joyed,false,2026-10-08
jubas,false,2026-10-08
jubes,false,2026-10-08
jucos,false,2026-10-08
judas,false,2026-10-08
judge,true,2026-10-08
judgy,false,2026-10-08
judos,false,2026-10-08
jugal,false,2026-10-08
jugum,false,2026-10-08
juice,true,2026-10-08
juicy,false,2026-10-08
jujus,false,2026-10-08
juked,false,2026-10-08
jukes,false,2026-10-08
jukus,false,2026-10-08
julep,false,2026-10-08
julia,false,2026-10-08
jumar,false,2026-10-08
jumbo,true,2026-10-08
jumby,false,2026-10-08
jumps,false,2026-10-08
jumpy,true,2026-10-08
junco,false,2026-10-08
junks,false,2026-10-08
junky,false,2026-10-08
junta,false,2026-10-08
junto,false,2026-10-08
jupes,false,2026-10-08
jupon,false,2026-10-08
jural,false,2026-10-08
jurat,false,2026-10-08
jurel,false,2026-10-08
jures,false,2026-10-08
juris,false,2026-10-08
juror,false,2026-10-08
juste,false,2026-10-08
justs,false,2026-10-08
jutes,false,2026-10-08
jutty,false,2026-10-08
juves,false,2026-10-08
juvie,false,2026-10-08
kaama,false,2026-10-08
kabab,false,2026-10-08
kabar,false,2026-10-08
kabob,false,2026-10-08
kacha,false,2026-10-08
kacks,false,2026-10-08
kadai,false,2026-10-08
kades,false,2026-10-08
kadis,false,2026-10-08
kafir,false,2026-10-08
kagos,false,2026-10-08
kagus,false,2026-10-08
kahal,false,2026-10-08
kaiak,false,2026-10-08
kaids,false,2026-10-08
kaies,false,2026-10-08
kaifs,false,2026-10-08
kaika,false,2026-10-08
kaiks,false,2026-10-08
kails,false,2026-10-08
kaims,false,2026-10-08
kaing,false,2026-10-08
kains,false,2026-10-08
kajal,false,2026-10-08
kakas,false,2026-10-08
kakis,false,2026-10-08
kalam,false,2026-10-08
kalas,false,2026-10-08
kales,false,2026-10-08
kalif,false,2026-10-08
kalis,false,2026-10-08
kalpa,false,2026-10-08
kalua,false,2026-10-08
kamas,false,2026-10-08
kames,false,2026-10-08
kamik,false,2026-10-08
kamis,false,2026-10-08
kamme,false,2026-10-08
kanae,false,2026-10-08
kanal,false,2026-10-08
kanas,false,2026-10-08
kanat,false,2026-10-08
kandy,false,2026-10-08
kaneh,false,2026-10-08
kanes,false,2026-10-08
kanga,false,2026-10-08
kangs,false,2026-10-08
kanji,false,2026-10-08
kants,false,2026-10-08
kanzu,false,2026-10-08
kaons,false,2026-10-08
kapai,false,2026-10-08
kapas,false,2026-10-08
kapha,false,2026-10-08
kaphs,false,2026-10-08
kapok,false,2026-10-08
kapow,false,2026-10-08
kappa,false,2026-10-08
kapur,false,2026-10-08
kapus,false,2026-10-08
kaput,false,2026-10-08
karai,false,2026-10-08
karas,false,2026-10-08
karat,false,2026-10-08
karee,false,2026-10-08
karez,false,2026-10-08
karks,false,2026-10-08
karma,true,2026-10-08
karns,false,2026-10-08
karoo,false,2026-10-08
karos,false,2026-10-08
karri,false,2026-10-08
karst,false,2026-10-08
karsy,false,2026-10-08
karts,false,2026-10-08
karzy,false,2026-10-08
kasha,false,2026-10-08
kasme,false,2026-10-08
katal,false,2026-10-08
katas,false,2026-10-08
katis,false,2026-10-08
katti,false,2026-10-08
kaugh,false,2026-10-08
kauri,false,2026-10-08
kauru,false,2026-10-08
kaury,false,2026-10-08
kaval,false,2026-10-08
kavas,false,2026-10-08
kawas,false,2026-10-08
kawau,false,2026-10-08
kawed,false,2026-10-08
kayak,true,2026-10-08
kayle,false,2026-10-08
kayos,false,2026-10-08
kazis,false,2026-10-08
kazoo,true,2026-10-08
kbars,false,2026-10-08
kcals,false,2026-10-08
keaki,false,2026-10-08
kebab,true,2026-10-08
kebar,false,2026-10-08
kebob,false,2026-10-08
kecks,false,2026-10-08
kedge,false,2026-10-08
kedgy,false,2026-10-08
keech,false,2026-10-08
keefs,false,2026-10-08
keeks,false,2026-10-08
keels,false,2026-10-08
keema,false,2026-10-08
keeno,false,2026-10-08
keens,false,2026-10-08
keeps,false,2026-10-08
keets,false,2026-10-08
keeve,false,2026-10-08
kefir,true,2026-10-08
kehua,false,2026-10-08
keirs,false,2026-10-08
kelep,false,2026-10-08
kelim,false,2026-10-08
kells,false,2026-10-08
kelly,false,2026-10-08
kelps,false,2026-10-08
kelpy,false,2026-10-08
kelts,false,2026-10-08
kelty,false,2026-10-08
kembo,false,2026-10-08
kembs,false,2026-10-08
kemps,false,2026-10-08
kempt,false,2026-10-08
kempy,false,2026-10-08
kenaf,false,2026-10-08
kench,false,2026-10-08
kendo,false,2026-10-08
kenos,false,2026-10-08
kente,false,2026-10-08
kents,false,2026-10-08
kepis,false,2026-10-08
kerbs,false,2026-10-08
kerel,false,2026-10-08
kerfs,false,2026-10-08
kerky,false,2026-10-08
kerma,false,2026-10-08
kerne,false,2026-10-08
kerns,false,2026-10-08
keros,false,2026-10-08
kerry,false,2026-10-08
kerve,false,2026-10-08
kesar,false,2026-10-08
kests,false,2026-10-08
ketas,false,2026-10-08
ketch,false,2026-10-08
ketes,false,2026-10-08
ketol,false,2026-10-08
kevel,false,2026-10-08
kevil,false,2026-10-08
kexes,false,2026-10-08
keyed,false,2026-10-08
keyer,false,2026-10-08
khadi,false,2026-10-08
khads,false,2026-10-08
khafs,false,2026-10-08
khaki,true,2026-10-08
khana,false,2026-10-08
khans,false,2026-10-08
khaph,false,2026-10-08
khats,false,2026-10-08
khaya,false,2026-10-08
khazi,false,2026-10-08
kheda,false,2026-10-08
kheer,false,2026-10-08
kheth,false,2026-10-08
khets,false,2026-10-08
khirs,false,2026-10-08
khoja,false,2026-10-08
khors,false,2026-10-08
khoum,false,2026-10-08
khuds,false,2026-10-08
khula,false,2026-10-08
khyal,false,2026-10-08
kiaat,false,2026-10-08
kiack,false,2026-10-08
kiaki,false,2026-10-08
kiang,false,2026-10-08
kiasu,false,2026-10-08
kibbe,false,2026-10-08
kibbi,false,2026-10-08
kibei,false,2026-10-08
kibes,false,2026-10-08
kibla,false,2026-10-08
kicks,false,2026-10-08
kicky,false,2026-10-08
kiddo,false,2026-10-08
kiddy,false,2026-10-08
kidel,false,2026-10-08
kideo,false,2026-10-08
kidge,false,2026-10-08
kiefs,false,2026-10-08
kiers,false,2026-10-08
kieve,false,2026-10-08
kievs,false,2026-10-08
kight,false,2026-10-08
kikay,false,2026-10-08
kikes,false,2026-10-08
kikoi,false,2026-10-08
kiley,false,2026-10-08
kilig,false,2026-10-08
kilim,false,2026-10-08
kills,false,2026-10-08
kilns,false,2026-10-08
kilos,false,2026-10-08
kilps,false,2026-10-08
kilts,false,2026-10-08
kilty,false,2026-10-08
kimbo,false,2026-10-08
kimet,false,2026-10-08
kinas,false,2026-10-08
kinda,false,2026-10-08
kinds,false,2026-10-08
kindy,false,2026-10-08
kines,false,2026-10-08
kings,false,2026-10-08
kingy,false,2026-10-08
kinin,false,2026-10-08
kinks,false,2026-10-08
kinky,false,2026-10-08
kinos,false,2026-10-08
kiore,false,2026-10-08
kiosk,true,2026-10-08
kipah,false,2026-10-08
kipas,false,2026-10-08
kipes,false,2026-10-08
kippa,false,2026-10-08
kipps,false,2026-10-08
kipsy,false,2026-10-08
kirby,false,2026-10-08
kirks,false,2026-10-08
kirns,false,2026-10-08
kirri,false,2026-10-08
kisan,false,2026-10-08
kissy,false,2026-10-08
kists,false,2026-10-08
kitab,false,2026-10-08
kited,false,2026-10-08
kiter,false,2026-10-08
kites,false,2026-10-08
kithe,false,2026-10-08
kiths,false,2026-10-08
kitke,false,2026-10-08
kitty,false,2026-10-08
kitul,false,2026-10-08
kivas,false,2026-10-08
kiwis,false,2026-10-08
klang,false,2026-10-08
klaps,false,2026-10-08
klett,false,2026-10-08
klick,false,2026-10-08
klieg,false,2026-10-08
kliks,false,2026-10-08
klong,false,2026-10-08
kloof,false,2026-10-08
kluge,false,2026-10-08
klutz,false,2026-10-08
knack,true,2026-10-08
knags,false,2026-10-08
knaps,false,2026-10-08
knarl,false,2026-10-08
knars,false,2026-10-08
knaur,false,2026-10-08
knave,true,2026-10-08
knawe,false,2026-10-08
knead,true,2026-10-08
kneed,false,2026-10-08
kneel,true,2026-10-08
knees,false,2026-10-08
knell,true,2026-10-08
knelt,true,2026-10-08
knick,false,2026-10-08
knife,true,2026-10-08
knish,false,2026-10-08
knits,false,2026-10-08
knive,false,2026-10-08
knobs,false,2026-10-08
knock,true,2026-10-08
knoll,true,2026-10-08
knoop,false,2026-10-08
knops,false,2026-10-08
knosp,false,2026-10-08
knots,false,2026-10-08
knoud,false,2026-10-08
knout,false,2026-10-08
knowd,false,2026-10-08
knowe,false,2026-10-08
known,true,2026-10-08
knows,false,2026-10-08
knubs,false,2026-10-08
knule,false,2026-10-08
knurl,false,2026-10-08
knurr,false,2026-10-08
knurs,false,2026-10-08
knuts,false,2026-10-08
koala,true,2026-10-08
koans,false,2026-10-08
koaps,false,2026-10-08
koban,false,2026-10-08
kobos,false,2026-10-08
koels,false,2026-10-08
koffs,false,2026-10-08
kofta,false,2026-10-08
kogal,false,2026-10-08
kohas,false,2026-10-08
kohen,false,2026-10-08
kohls,false,2026-10-08
koine,false,2026-10-08
koiwi,false,2026-10-08
kojis,false,2026-10-08
kokam,false,2026-10-08
kokas,false,2026-10-08
koker,false,2026-10-08
kokra,false,2026-10-08
kokum,false,2026-10-08
kolas,false,2026-10-08
kolos,false,2026-10-08
kombi,false,2026-10-08
kombu,false,2026-10-08
konbu,false,2026-10-08
kondo,false,2026-10-08
konks,false,2026-10-08
kooks,false,2026-10-08
kooky,false,2026-10-08
koori,false,2026-10-08
kopek,false,2026-10-08
kophs,false,2026-10-08
kopje,false,2026-10-08
koppa,false,2026-10-08
korai,false,2026-10-08
koran,false,2026-10-08
koras,false,2026-10-08
korat,false,2026-10-08
kores,false,2026-10-08
koris,false,2026-10-08
korma,false,2026-10-08
koros,false,2026-10-08
korun,false,2026-10-08
korus,false,2026-10-08
koses,false,2026-10-08
kotch,false,2026-10-08
kotos,false,2026-10-08
kotow,false,2026-10-08
koura,false,2026-10-08
kraal,false,2026-10-08
krabs,false,2026-10-08
kraft,false,2026-10-08
krais,false,2026-10-08
krait,false,2026-10-08
krang,false,2026-10-08
krans,false,2026-10-08
kranz,false,2026-10-08
kraut,false,2026-10-08
krays,false,2026-10-08
kreef,false,2026-10-08
kreen,false,2026-10-08
kreep,false,2026-10-08
kreng,false,2026-10-08
krewe,false,2026-10-08
krill,true,2026-10-08
kriol,false,2026-10-08
krona,false,2026-10-08
krone,false,2026-10-08
kroon,false,2026-10-08
krubi,false,2026-10-08
krump,false,2026-10-08
krunk,false,2026-10-08
ksars,false,2026-10-08
kubie,false,2026-10-08
kudos,false,2026-10-08
kudus,false,2026-10-08
kudzu,false,2026-10-08
kufis,false,2026-10-08
kugel,false,2026-10-08
kuias,false,2026-10-08
kukri,false,2026-10-08
kukus,false,2026-10-08
kulak,false,2026-10-08
kulan,false,2026-10-08
kulas,false,2026-10-08
kulfi,false,2026-10-08
kumis,false,2026-10-08
kumys,false,2026-10-08
kunas,false,2026-10-08
kunds,false,2026-10-08
kuris,false,2026-10-08
kurre,false,2026-10-08
kurta,false,2026-10-08
kurus,false,2026-10-08
kusso,false,2026-10-08
kusti,false,2026-10-08
kutai,false,2026-10-08
kutas,false,2026-10-08
kutch,false,2026-10-08
kutis,false,2026-10-08
kutus,false,2026-10-08
kuyas,false,2026-10-08
kuzus,false,2026-10-08
kvass,false,2026-10-08
kvell,false,2026-10-08
kwaai,false,2026-10-08
kwela,false,2026-10-08
kwink,false,2026-10-08
kwirl,false,2026-10-08
kyack,false,2026-10-08
kyaks,false,2026-10-08
kyang,false,2026-10-08
kyars,false,2026-10-08
kyats,false,2026-10-08
kybos,false,2026-10-08
kydst,false,2026-10-08
kyles,false,2026-10-08
kylie,false,2026-10-08
kylin,false,2026-10-08
kylix,false,2026-10-08
kyloe,false,2026-10-08
kynde,false,2026-10-08
kynds,false,2026-10-08
kypes,false,2026-10-08
kyrie,false,2026-10-08
kytes,false,2026-10-08
kythe,false,2026-10-08
kyudo,false,2026-10-08
laarf,false,2026-10-08
laari,false,2026-10-08
labda,false,2026-10-08
label,true,2026-10-08
labia,false,2026-10-08
labis,false,2026-10-08
labne,false,2026-10-08
labor,true,2026-10-08
labra,false,2026-10-08
laccy,false,2026-10-08
laced,false,2026-10-08
lacer,false,2026-10-08
laces,false,2026-10-08
lacet,false,2026-10-08
lacey,false,2026-10-08
lacis,false,2026-10-08
lacka,false,2026-10-08
lacks,false,2026-10-08
lacky,false,2026-10-08
laddu,false,2026-10-08
laddy,false,2026-10-08
laded,false,2026-10-08
ladee,false,2026-10-08
laden,true,2026-10-08
lader,false,2026-10-08
lades,false,2026-10-08
ladle,true,2026-10-08
ladoo,false,2026-10-08
laers,false,2026-10-08
laevo,false,2026-10-08
lagan,false,2026-10-08
lagar,false,2026-10-08
lager,true,2026-10-08
laggy,false,2026-10-08
lahal,false,2026-10-08
lahar,false,2026-10-08
laich,false,2026-10-08
laics,false,2026-10-08
laide,false,2026-10-08
laids,false,2026-10-08
laigh,false,2026-10-08
laika,false,2026-10-08
laiks,false,2026-10-08
laird,false,2026-10-08
lairs,false,2026-10-08
lairy,false,2026-10-08
laith,false,2026-10-08
laity,false,2026-10-08
laked,false,2026-10-08
laker,false,2026-10-08
lakes,false,2026-10-08
lakhs,false,2026-10-08
lakin,false,2026-10-08
laksa,false,2026-10-08
laldy,false,2026-10-08
lalls,false,2026-10-08
lamas,false,2026-10-08
lambs,false,2026-10-08
lamby,false,2026-10-08
lamed,false,2026-10-08
lamer,false,2026-10-08
lames,false,2026-10-08
lamia,false,2026-10-08
lammy,false,2026-10-08
lamps,false,2026-10-08
lanai,false,2026-10-08
lanas,false,2026-10-08
lance,true,2026-10-08
lanch,false,2026-10-08
lande,false,2026-10-08
lands,false,2026-10-08
laned,false,2026-10-08
lanes,false,2026-10-08
lanks,false,2026-10-08
lanky,true,2026-10-08
lants,false,2026-10-08
lapas,false,2026-10-08
lapel,true,2026-10-08
lapin,false,2026-10-08
lapis,false,2026-10-08
lapje,false,2026-10-08
lappa,false,2026-10-08
lappy,false,2026-10-08
lapse,true,2026-10-08
larch,false,2026-10-08
lards,false,2026-10-08
lardy,false,2026-10-08
laree,false,2026-10-08
lares,false,2026-10-08
larfs,false,2026-10-08
larga,false,2026-10-08
large,true,2026-10-08
largo,false,2026-10-08
laris,false,2026-10-08
larks,false,2026-10-08
larky,false,2026-10-08
larns,false,2026-10-08
larnt,false,2026-10-08
larum,false,2026-10-08
larva,true,2026-10-08
lased,false,2026-10-08
laser,true,2026-10-08
lases,false,2026-10-08
lassi,false,2026-10-08
lasso,true,2026-10-08
lassu,false,2026-10-08
lassy,false,2026-10-08
lasts,false,2026-10-08
latah,false,2026-10-08
latch,true,2026-10-08
lated,false,2026-10-08
laten,false,2026-10-08
later,true,2026-10-08
latex,false,2026-10-08
lathe,true,2026-10-08
lathi,false,2026-10-08
laths,false,2026-10-08
lathy,false,2026-10-08
latke,false,2026-10-08
latte,true,2026-10-08
latus,false,2026-10-08
lauan,false,2026-10-08
lauch,false,2026-10-08
laude,false,2026-10-08
lauds,false,2026-10-08
laufs,false,2026-10-08
laugh,true,2026-10-08
laund,false,2026-10-08
laura,false,2026-10-08
laval,false,2026-10-08
lavas,false,2026-10-08
laved,false,2026-10-08
laver,false,2026-10-08
laves,false,2026-10-08
lavra,false,2026-10-08
lavvy,false,2026-10-08
lawed,false,2026-10-08
lawer,false,2026-10-08
lawin,false,2026-10-08
lawks,false,2026-10-08
lawns,false,2026-10-08
lawny,false,2026-10-08
lawsy,false,2026-10-08
laxed,false,2026-10-08
laxer,false,2026-10-08
laxes,false,2026-10-08
laxly,false,2026-10-08
layby,false,2026-10-08
layed,false,2026-10-08
layer,true,2026-10-08
layin,false,2026-10-08
layup,false,2026-10-08
lazar,false,2026-10-08
lazed,false,2026-10-08
lazes,false,2026-10-08
lazos,false,2026-10-08
lazzi,false,2026-10-08
lazzo,false,2026-10-08
leach,true,2026-10-08
leads,false,2026-10-08
leady,false,2026-10-08
leafs,false,2026-10-08
leafy,true,2026-10-08
leaks,false,2026-10-08
leaky,true,2026-10-08
leams,false,2026-10-08
leans,false,2026-10-08
leant,false,2026-10-08
leany,false,2026-10-08
leaps,false,2026-10-08
leapt,true,2026-10-08
leare,false,2026-10-08
learn,true,2026-10-08
lears,false,2026-10-08
leary,false,2026-10-08
lease,true,2026-10-08
leash,true,2026-10-08
least,true,2026-10-08
leats,false,2026-10-08
leave,true,2026-10-08
leavy,false,2026-10-08
leaze,false,2026-10-08
leben,false,2026-10-08
leccy,false,2026-10-08
leche,false,2026-10-08
ledes,false,2026-10-08
ledge,true,2026-10-08
ledgy,false,2026-10-08
ledum,false,2026-10-08
leear,false,2026-10-08
leech,true,2026-10-08
leeks,false,2026-10-08
leeps,false,2026-10-08
leers,false,2026-10-08
leery,true,2026-10-08
leese,false,2026-10-08
leets,false,2026-10-08
leeze,false,2026-10-08
lefte,false,2026-10-08
lefts,false,2026-10-08
lefty,true,2026-10-08
legal,true,2026-10-08
leger,false,2026-10-08
leges,false,2026-10-08
legge,false,2026-10-08
leggo,false,2026-10-08
leggy,true,2026-10-08
legit,false,2026-10-08
legno,false,2026-10-08
lehrs,false,2026-10-08
lehua,false,2026-10-08
leirs,false,2026-10-08
leish,false,2026-10-08
leman,false,2026-10-08
lemed,false,2026-10-08
lemel,false,2026-10-08
lemes,false,2026-10-08
lemma,false,2026-10-08
lemme,false,2026-10-08
lemon,true,2026-10-08
lemur,true,2026-10-08
lends,false,2026-10-08
lenes,false,2026-10-08
lengs,false,2026-10-08
lenis,false,2026-10-08
lenos,false,2026-10-08
lense,false,2026-10-08
lenti,false,2026-10-08
lento,false,2026-10-08
leone,false,2026-10-08
lepak,false,2026-10-08
leper,false,2026-10-08
lepid,false,2026-10-08
lepra,false,2026-10-08
lepta,false,2026-10-08
lered,false,2026-10-08
leres,false,2026-10-08
lerps,false,2026-10-08
lesbo,false,2026-10-08
leses,false,2026-10-08
lesos,false,2026-10-08
lests,false,2026-10-08
letch,false,2026-10-08
lethe,false,2026-10-08
letty,false,2026-10-08
letup,false,2026-10-08
leuch,false,2026-10-08
leuco,false,2026-10-08
leuds,false,2026-10-08
leugh,false,2026-10-08
levas,false,2026-10-08
levee,false,2026-10-08
level,true,2026-10-08
lever,true,2026-10-08
leves,false,2026-10-08
levin,false,2026-10-08
levis,false,2026-10-08
lewis,false,2026-10-08
lexes,false,2026-10-08
lexis,false,2026-10-08
lezes,false,2026-10-08
lezza,false,2026-10-08
lezzo,false,2026-10-08
lezzy,false,2026-10-08
liana,false,2026-10-08
liane,false,2026-10-08
liang,false,2026-10-08
liard,false,2026-10-08
liars,false,2026-10-08
liart,false,2026-10-08
libel,true,2026-10-08
liber,false,2026-10-08
libor,false,2026-10-08
libra,false,2026-10-08
libre,false,2026-10-08
libri,false,2026-10-08
licet,false,2026-10-08
lichi,false,2026-10-08
licht,false,2026-10-08
licit,false,2026-10-08
licks,false,2026-10-08
lidar,false,2026-10-08
lidos,false,2026-10-08
liefs,false,2026-10-08
liege,false,2026-10-08
liens,false,2026-10-08
liers,false,2026-10-08
lieus,false,2026-10-08
lieve,false,2026-10-08
lifer,false,2026-10-08
lifes,false,2026-10-08
lifey,false,2026-10-08
lifts,false,2026-10-08
ligan,false,2026-10-08
liger,false,2026-10-08
ligge,false,2026-10-08
light,true,2026-10-08
ligne,false,2026-10-08
liked,false,2026-10-08
liken,true,2026-10-08
liker,false,2026-10-08
likes,false,2026-10-08
likin,false,2026-10-08
lilac,true,2026-10-08
lills,false,2026-10-08
lilos,false,2026-10-08
lilts,false,2026-10-08
lilty,false,2026-10-08
liman,false,2026-10-08
limas,false,2026-10-08
limax,false,2026-10-08
limba,false,2026-10-08
limbi,false,2026-10-08
limbo,true,2026-10-08
limbs,false,2026-10-08
limby,false,2026-10-08
limed,false,2026-10-08
limen,false,2026-10-08
limes,false,2026-10-08
limey,false,2026-10-08
limit,true,2026-10-08
limma,false,2026-10-08
limns,false,2026-10-08
limos,false,2026-10-08
limpa,false,2026-10-08
limps,false,2026-10-08
linac,false,2026-10-08
linch,false,2026-10-08
linds,false,2026-10-08
lindy,false,2026-10-08
lined,false,2026-10-08
linen,true,2026-10-08
liner,true,2026-10-08
lines,false,2026-10-08
liney,false,2026-10-08
linga,false,2026-10-08
lingo,true,2026-10-08
lings,false,2026-10-08
lingy,false,2026-10-08
linin,false,2026-10-08
links,false,2026-10-08
linky,false,2026-10-08
linns,false,2026-10-08
linny,false,2026-10-08
linos,false,2026-10-08
lints,false,2026-10-08
linty,false,2026-10-08
linum,false,2026-10-08
linux,false,2026-10-08
lions,false,2026-10-08
lipas,false,2026-10-08
lipes,false,2026-10-08
lipid,false,2026-10-08
lipin,false,2026-10-08
lipos,false,2026-10-08
lippy,false,2026-10-08
liras,false,2026-10-08
lirks,false,2026-10-08
lirot,false,2026-10-08
lises,false,2026-10-08
lisks,false,2026-10-08
lisle,false,2026-10-08
lisps,false,2026-10-08
lists,true,2026-10-08
litai,false,2026-10-08
litas,false,2026-10-08
lited,false,2026-10-08
litem,false,2026-10-08
liter,false,2026-10-08
lites,false,2026-10-08
lithe,true,2026-10-08
litho,false,2026-10-08
liths,false,2026-10-08
litie,false,2026-10-08
litre,false,2026-10-08
lived,false,2026-10-08
liven,true,2026-10-08
liver,true,2026-10-08
lives,false,2026-10-08
livid,true,2026-10-08
livor,false,2026-10-08
livre,false,2026-10-08
liwaa,false,2026-10-08
liwas,false,2026-10-08
llama,true,2026-10-08
llano,false,2026-10-08
loach,false,2026-10-08
loads,false,2026-10-08
loafs,false,2026-10-08
loams,false,2026-10-08
loamy,false,2026-10-08
loans,false,2026-10-08
loast,false,2026-10-08
loath,true,2026-10-08
loave,false,2026-10-08
lobar,false,2026-10-08
lobby,true,2026-10-08
lobed,false,2026-10-08
lobes,false,2026-10-08
lobos,false,2026-10-08
lobus,false,2026-10-08
local,true,2026-10-08
loche,false,2026-10-08
lochs,false,2026-10-08
lochy,false,2026-10-08
locie,false,2026-10-08
locis,false,2026-10-08
locks,false,2026-10-08
locky,false,2026-10-08
locos,false,2026-10-08
locum,false,2026-10-08
locus,true,2026-10-08
loden,false,2026-10-08
lodes,false,2026-10-08
lodge,true,2026-10-08
loess,false,2026-10-08
lofts,false,2026-10-08
lofty,true,2026-10-08
logan,false,2026-10-08
loges,false,2026-10-08
loggy,false,2026-10-08
logia,false,2026-10-08
logic,true,2026-10-08
logie,false,2026-10-08
login,false,2026-10-08
logoi,false,2026-10-08
logon,false,2026-10-08
logos,false,2026-10-08
lohan,false,2026-10-08
loids,false,2026-10-08
loins,false,2026-10-08
loipe,false,2026-10-08
loirs,false,2026-10-08
lokes,false,2026-10-08
lokey,false,2026-10-08
lokum,false,2026-10-08
lolas,false,2026-10-08
loled,false,2026-10-08
lollo,false,2026-10-08
lolls,false,2026-10-08
lolly,false,2026-10-08
lolog,false,2026-10-08
lolos,false,2026-10-08
lomas,false,2026-10-08
lomed,false,2026-10-08
lomes,false,2026-10-08
loner,false,2026-10-08
longa,false,2026-10-08
longe,false,2026-10-08
longs,false,2026-10-08
looby,false,2026-10-08
looed,false,2026-10-08
looey,false,2026-10-08
loofa,false,2026-10-08
loofs,false,2026-10-08
looie,false,2026-10-08
looks,false,2026-10-08
looky,false,2026-10-08
looms,false,2026-10-08
loons,false,2026-10-08
loony,false,2026-10-08
loops,false,2026-10-08
loopy,true,2026-10-08
loord,false,2026-10-08
loose,true,2026-10-08
loots,false,2026-10-08
loped,false,2026-10-08
loper,false,2026-10-08
lopes,false,2026-10-08
loppy,false,2026-10-08
loral,false,2026-10-08
loran,false,2026-10-08
lords,false,2026-10-08
lordy,false,2026-10-08
lorel,false,2026-10-08
lores,false,2026-10-08
loric,false,2026-10-08
loris,true,2026-10-08
lorry,true,2026-10-08
losed,false,2026-10-08
losel,false,2026-10-08
losen,false,2026-10-08
loser,true,2026-10-08
loses,false,2026-10-08
lossy,false,2026-10-08
lotah,false,2026-10-08
lotas,false,2026-10-08
lotes,false,2026-10-08
lotic,false,2026-10-08
lotos,false,2026-10-08
lotsa,false,2026-10-08
lotta,false,2026-10-08
lotte,false,2026-10-08
lotto,false,2026-10-08
lotus,false,2026-10-08
loued,false,2026-10-08
lough,false,2026-10-08
louie,false,2026-10-08
louis,false,2026-10-08
louma,false,2026-10-08
lound,false,2026-10-08
louns,false,2026-10-08
loupe,false,2026-10-08
loups,false,2026-10-08
loure,false,2026-10-08
lours,false,2026-10-08
loury,false,2026-10-08
louse,true,2026-10-08
lousy,true,2026-10-08
louts,false,2026-10-08
lovat,false,2026-10-08
loved,false,2026-10-08
lovee,false,2026-10-08
lover,true,2026-10-08
loves,false,2026-10-08
lovey,false,2026-10-08
lovie,false,2026-10-08
lowan,false,2026-10-08
lowed,false,2026-10-08
lowen,false,2026-10-08
lower,true,2026-10-08
lowes,false,2026-10-08
lowly,true,2026-10-08
lownd,false,2026-10-08
lowne,false,2026-10-08
lowns,false,2026-10-08
lowps,false,2026-10-08
lowry,false,2026-10-08
lowse,false,2026-10-08
lowth,false,2026-10-08
lowts,false,2026-10-08
loxed,false,2026-10-08
loxes,false,2026-10-08
loyal,true,2026-10-08
lozen,false,2026-10-08
luach,false,2026-10-08
luaus,false,2026-10-08
lubed,false,2026-10-08
lubes,false,2026-10-08
lubra,false,2026-10-08
luces,false,2026-10-08
lucid,true,2026-10-08
lucks,false,2026-10-08
lucky,true,2026-10-08
lucre,false,2026-10-08
ludes,false,2026-10-08
ludic,false,2026-10-08
ludos,false,2026-10-08
luffa,false,2026-10-08
luffs,false,2026-10-08
luged,false,2026-10-08
luger,false,2026-10-08
luges,false,2026-10-08
lulls,false,2026-10-08
lulus,false,2026-10-08
lumas,false,2026-10-08
lumbi,false,2026-10-08
lumen,false,2026-10-08
lumme,false,2026-10-08
lummy,false,2026-10-08
lumps,false,2026-10-08
lumpy,true,2026-10-08
lunar,true,2026-10-08
lunas,false,2026-10-08
lunch,true,2026-10-08
lunes,false,2026-10-08
lunet,false,2026-10-08
lunge,true,2026-10-08
lungi,false,2026-10-08
lungs,false,2026-10-08
lunks,false,2026-10-08
lunts,false,2026-10-08
lupin,false,2026-10-08
lupus,false,2026-10-08
lurch,false,2026-10-08
lured,false,2026-10-08
lurer,false,2026-10-08
lures,false,2026-10-08
lurex,false,2026-10-08
lurgi,false,2026-10-08
lurgy,false,2026-10-08
lurid,true,2026-10-08
lurks,false,2026-10-08
lurry,false,2026-10-08
lurve,false,2026-10-08
luser,false,2026-10-08
lushy,false,2026-10-08
lusks,false,2026-10-08
lusts,false,2026-10-08
lusty,true,2026-10-08
lusus,false,2026-10-08
lutea,false,2026-10-08
luted,false,2026-10-08
luter,false,2026-10-08
lutes,false,2026-10-08
luvvy,false,2026-10-08
luxed,false,2026-10-08
luxer,false,2026-10-08
luxes,false,2026-10-08
lweis,false,2026-10-08
lyams,false,2026-10-08
lyard,false,2026-10-08
lyart,false,2026-10-08
lyase,false,2026-10-08
lycea,false,2026-10-08
lycee,false,2026-10-08
lycra,false,2026-10-08
lying,true,2026-10-08
lymes,false,2026-10-08
lymph,false,2026-10-08
lynch,false,2026-10-08
lynes,false,2026-10-08
lyres,false,2026-10-08
lyric,false,2026-10-08
lysed,false,2026-10-08
lyses,false,2026-10-08
lysin,false,2026-10-08
lysis,false,2026-10-08
lysol,false,2026-10-08
lyssa,false,2026-10-08
lyted,false,2026-10-08
lytes,false,2026-10-08
lythe,false,2026-10-08
lytic,false,2026-10-08
lytta,false,2026-10-08
maaed,false,2026-10-08
maare,false,2026-10-08
maars,false,2026-10-08
maban,false,2026-10-08
mabes,false,2026-10-08
macas,false,2026-10-08
macaw,true,2026-10-08
macca,false,2026-10-08
maced,false,2026-10-08
macer,false,2026-10-08
maces,false,2026-10-08
mache,false,2026-10-08
machi,false,2026-10-08
macho,true,2026-10-08
machs,false,2026-10-08
macka,false,2026-10-08
macks,false,2026-10-08
macle,false,2026-10-08
macon,false,2026-10-08
macro,false,2026-10-08
macte,false,2026-10-08
madal,false,2026-10-08
madam,true,2026-10-08
madar,false,2026-10-08
maddy,false,2026-10-08
madge,false,2026-10-08
madid,false,2026-10-08
madly,true,2026-10-08
mados,false,2026-10-08
madre,false,2026-10-08
maedi,false,2026-10-08
maerl,false,2026-10-08
mafia,true,2026-10-08
mafic,false,2026-10-08
mafts,false,2026-10-08
magas,false,2026-10-08
mages,false,2026-10-08
maggs,false,2026-10-08
magic,true,2026-10-08
magma,true,2026-10-08
magna,false,2026-10-08
magot,false,2026-10-08
magus,false,2026-10-08
mahal,false,2026-10-08
mahem,false,2026-10-08
mahis,false,2026-10-08
mahoe,false,2026-10-08
mahrs,false,2026-10-08
mahua,false,2026-10-08
mahwa,false,2026-10-08
maids,false,2026-10-08
maiko,false,2026-10-08
maiks,false,2026-10-08
maile,false,2026-10-08
maill,false,2026-10-08
mailo,false,2026-10-08
mails,false,2026-10-08
maims,false,2026-10-08
mains,false,2026-10-08
maire,false,2026-10-08
mairs,false,2026-10-08
maise,false,2026-10-08
maist,false,2026-10-08
maize,true,2026-10-08
majas,false,2026-10-08
majat,false,2026-10-08
majoe,false,2026-10-08
major,true,2026-10-08
majos,false,2026-10-08
makaf,false,2026-10-08
makai,false,2026-10-08
makan,false,2026-10-08
makar,false,2026-10-08
makee,false,2026-10-08
maker,true,2026-10-08
makes,false,2026-10-08
makie,false,2026-10-08
makis,false,2026-10-08
makos,false,2026-10-08
malae,false,2026-10-08
malai,false,2026-10-08
malam,false,2026-10-08
malar,false,2026-10-08
malas,false,2026-10-08
malax,false,2026-10-08
maleo,false,2026-10-08
males,false,2026-10-08
malic,false,2026-10-08
malik,false,2026-10-08
malis,false,2026-10-08
malky,false,2026-10-08
malls,false,2026-10-08
malms,false,2026-10-08
malmy,false,2026-10-08
malts,false,2026-10-08
malty,false,2026-10-08
malus,false,2026-10-08
malva,false,2026-10-08
malwa,false,2026-10-08
mamak,false,2026-10-08
mamas,false,2026-10-08
mamba,false,2026-10-08
mambo,true,2026-10-08
mambu,false,2026-10-08
mamee,false,2026-10-08
mamey,false,2026-10-08
mamie,false,2026-10-08
mamil,false,2026-10-08
mamma,false,2026-10-08
mammy,false,2026-10-08
manas,false,2026-10-08
manat,false,2026-10-08
mandi,false,2026-10-08
mands,false,2026-10-08
mandy,false,2026-10-08
maneb,false,2026-10-08
maned,false,2026-10-08
maneh,false,2026-10-08
manes,false,2026-10-08
manet,false,2026-10-08
manga,true,2026-10-08
mange,false,2026-10-08
mangi,false,2026-10-08
mango,true,2026-10-08
mangs,false,2026-10-08
mangy,false,2026-10-08
mania,true,2026-10-08
manic,true,2026-10-08
manie,false,2026-10-08
manis,false,2026-10-08
manks,false,2026-10-08
manky,false,2026-10-08
manly,true,2026-10-08
manna,false,2026-10-08
manny,false,2026-10-08
manoa,false,2026-10-08
manor,true,2026-10-08
manos,false,2026-10-08
manse,false,2026-10-08
manso,false,2026-10-08
manta,false,2026-10-08
mante,false,2026-10-08
manto,false,2026-10-08
mants,false,2026-10-08
manty,false,2026-10-08
manul,false,2026-10-08
manus,false,2026-10-08
manzo,false,2026-10-08
mapau,false,2026-10-08
mapes,false,2026-10-08
maple,true,2026-10-08
mapou,false,2026-10-08
mappy,false,2026-10-08
maqam,false,2026-10-08
maqui,false,2026-10-08
marae,false,2026-10-08
marah,false,2026-10-08
maral,false,2026-10-08
maran,false,2026-10-08
maras,false,2026-10-08
maray,false,2026-10-08
march,true,2026-10-08
marcs,false,2026-10-08
mards,false,2026-10-08
mardy,false,2026-10-08
mares,false,2026-10-08
marga,false,2026-10-08
marge,false,2026-10-08
margo,false,2026-10-08
margs,false,2026-10-08
maria,false,2026-10-08
marid,false,2026-10-08
maril,false,2026-10-08
marka,false,2026-10-08
marks,false,2026-10-08
marle,false,2026-10-08
marls,false,2026-10-08
marly,false,2026-10-08
marma,false,2026-10-08
marms,false,2026-10-08
maron,false,2026-10-08
maror,false,2026-10-08
marra,false,2026-10-08
marri,false,2026-10-08
marry,true,2026-10-08
marse,false,2026-10-08
marsh,true,2026-10-08
marts,false,2026-10-08
marua,false,2026-10-08
marvy,false,2026-10-08
masas,false,2026-10-08
mased,false,2026-10-08
maser,false,2026-10-08
mases,false,2026-10-08
masha,false,2026-10-08
mashy,false,2026-10-08
masks,false,2026-10-08
mason,true,2026-10-08
massa,false,2026-10-08
masse,true,2026-10-08
massy,false,2026-10-08
masts,false,2026-10-08
masty,false,2026-10-08
masur,false,2026-10-08
masus,false,2026-10-08
masut,false,2026-10-08
matai,false,2026-10-08
match,true,2026-10-08
mated,false,2026-10-08
mater,false,2026-10-08
mates,false,2026-10-08
matey,true,2026-10-08
mathe,false,2026-10-08
maths,false,2026-10-08
matin,false,2026-10-08
matlo,false,2026-10-08
matra,false,2026-10-08
matsu,false,2026-10-08
matte,true,2026-10-08
matts,false,2026-10-08
matty,false,2026-10-08
matza,false,2026-10-08
matzo,false,2026-10-08
mauby,false,2026-10-08
mauds,false,2026-10-08
mauka,false,2026-10-08
maula,false,2026-10-08
mauls,false,2026-10-08
maums,false,2026-10-08
maumy,false,2026-10-08
maund,false,2026-10-08
maunt,false,2026-10-08
mauri,false,2026-10-08
mausy,false,2026-10-08
mauts,false,2026-10-08
mauve,true,2026-10-08
mauvy,false,2026-10-08
mauzy,false,2026-10-08
maven,true,2026-10-08
mavie,false,2026-10-08
mavin,false,2026-10-08
mavis,false,2026-10-08
mawed,false,2026-10-08
mawks,false,2026-10-08
mawky,false,2026-10-08
mawla,false,2026-10-08
mawns,false,2026-10-08
mawps,false,2026-10-08
mawrs,false,2026-10-08
maxed,false,2026-10-08
maxes,false,2026-10-08
maxim,true,2026-10-08
maxis,false,2026-10-08
mayan,false,2026-10-08
mayas,false,2026-10-08
maybe,true,2026-10-08
mayed,false,2026-10-08
mayor,true,2026-10-08
mayos,false,2026-10-08
mayst,false,2026-10-08
mazac,false,2026-10-08
mazak,false,2026-10-08
mazar,false,2026-10-08
mazas,false,2026-10-08
mazed,false,2026-10-08
mazel,false,2026-10-08
mazer,false,2026-10-08
mazes,false,2026-10-08
mazet,false,2026-10-08
mazey,false,2026-10-08
mazut,false,2026-10-08
mbari,false,2026-10-08
mbars,false,2026-10-08
mbila,false,2026-10-08
mbira,false,2026-10-08
mbret,false,2026-10-08
mbube,false,2026-10-08
mbuga,false,2026-10-08
meads,false,2026-10-08
meake,false,2026-10-08
meaks,false,2026-10-08
meals,false,2026-10-08
mealy,true,2026-10-08
meane,false,2026-10-08
means,false,2026-10-08
meant,true,2026-10-08
meany,false,2026-10-08
meare,false,2026-10-08
mease,false,2026-10-08
meath,false,2026-10-08
meats,false,2026-10-08
meaty,false,2026-10-08
mebbe,false,2026-10-08
mebos,false,2026-10-08
mecca,false,2026-10-08
mecha,false,2026-10-08
mechs,false,2026-10-08
mecks,false,2026-10-08
mecum,false,2026-10-08
medal,true,2026-10-08
media,true,2026-10-08
medic,true,2026-10-08
medii,false,2026-10-08
medin,false,2026-10-08
medle,false,2026-10-08
meech,false,2026-10-08
meeds,false,2026-10-08
meeja,false,2026-10-08
meeps,false,2026-10-08
meers,false,2026-10-08
meets,false,2026-10-08
meffs,false,2026-10-08
meids,false,2026-10-08
meiko,false,2026-10-08
meils,false,2026-10-08
meins,false,2026-10-08
meint,false,2026-10-08
meiny,false,2026-10-08
meism,false,2026-10-08
meith,false,2026-10-08
mekka,false,2026-10-08
melam,false,2026-10-08
melas,false,2026-10-08
melba,false,2026-10-08
melch,false,2026-10-08
melds,false,2026-10-08
melee,false,2026-10-08
meles,false,2026-10-08
melic,false,2026-10-08
melik,false,2026-10-08
mells,false,2026-10-08
meloe,false,2026-10-08
melon,true,2026-10-08
melos,false,2026-10-08
melts,false,2026-10-08
melty,false,2026-10-08
memes,false,2026-10-08
memic,false,2026-10-08
memos,false,2026-10-08
menad,false,2026-10-08
mence,false,2026-10-08
mends,false,2026-10-08
mened,false,2026-10-08
menes,false,2026-10-08
menge,false,2026-10-08
mengs,false,2026-10-08
menil,false,2026-10-08
mensa,false,2026-10-08
mense,false,2026-10-08
mensh,false,2026-10-08
menta,false,2026-10-08
mento,false,2026-10-08
ments,false,2026-10-08
menus,false,2026-10-08
meous,false,2026-10-08
meows,false,2026-10-08
merch,false,2026-10-08
mercs,false,2026-10-08
mercy,true,2026-10-08
merde,false,2026-10-08
merds,false,2026-10-08
mered,false,2026-10-08
merel,false,2026-10-08
merer,false,2026-10-08
meres,false,2026-10-08
merge,true,2026-10-08
meril,false,2026-10-08
meris,false,2026-10-08
merit,true,2026-10-08
merks,false,2026-10-08
merle,false,2026-10-08
merls,false,2026-10-08
merry,true,2026-10-08
merse,false,2026-10-08
mersk,false,2026-10-08
mesad,false,2026-10-08
mesal,false,2026-10-08
mesas,false,2026-10-08
mesca,false,2026-10-08
mesel,false,2026-10-08
mesem,false,2026-10-08
meses,false,2026-10-08
meshy,false,2026-10-08
mesia,false,2026-10-08
mesic,false,2026-10-08
mesne,false,2026-10-08
meson,false,2026-10-08
messy,true,2026-10-08
mesto,false,2026-10-08
mesyl,false,2026-10-08
metal,true,2026-10-08
metas,false,2026-10-08
meted,false,2026-10-08
meteg,false,2026-10-08
metel,false,2026-10-08
meter,true,2026-10-08
metes,false,2026-10-08
methi,false,2026-10-08
metho,false,2026-10-08
meths,false,2026-10-08
methy,false,2026-10-08
metic,false,2026-10-08
metif,false,2026-10-08
metis,false,2026-10-08
metol,false,2026-10-08
metre,false,2026-10-08
metro,true,2026-10-08
metta,false,2026-10-08
meums,false,2026-10-08
meuse,false,2026-10-08
meved,false,2026-10-08
meves,false,2026-10-08
mewed,false,2026-10-08
mewls,false,2026-10-08
meynt,false,2026-10-08
mezes,false,2026-10-08
mezza,false,2026-10-08
mezze,false,2026-10-08
mezzo,false,2026-10-08
mgals,false,2026-10-08
mhorr,false,2026-10-08
miais,false,2026-10-08
miaou,false,2026-10-08
miaow,false,2026-10-08
miasm,false,2026-10-08
miaul,false,2026-10-08
micas,false,2026-10-08
miche,false,2026-10-08
michi,false,2026-10-08
micht,false,2026-10-08
micks,false,2026-10-08
micky,false,2026-10-08
micos,false,2026-10-08
micra,false,2026-10-08
micro,true,2026-10-08
middy,false,2026-10-08
midge,true,2026-10-08
midgy,false,2026-10-08
midis,false,2026-10-08
midst,true,2026-10-08
miens,false,2026-10-08
mieux,false,2026-10-08
mieve,false,2026-10-08
miffs,false,2026-10-08
miffy,false,2026-10-08
mifty,false,2026-10-08
miggs,false,2026-10-08
might,true,2026-10-08
migma,false,2026-10-08
migod,false,2026-10-08
mihas,false,2026-10-08
mihis,false,2026-10-08
mikan,false,2026-10-08
miked,false,2026-10-08
mikes,false,2026-10-08
mikos,false,2026-10-08
mikra,false,2026-10-08
mikva,false,2026-10-08
milch,false,2026-10-08
milds,false,2026-10-08
miler,false,2026-10-08
miles,false,2026-10-08
milfs,false,2026-10-08
milia,false,2026-10-08
milko,false,2026-10-08
milks,false,2026-10-08
milky,false,2026-10-08
mille,false,2026-10-08
mills,false,2026-10-08
milly,false,2026-10-08
milor,false,2026-10-08
milos,false,2026-10-08
milpa,false,2026-10-08
milts,false,2026-10-08
milty,false,2026-10-08
miltz,false,2026-10-08
mimed,false,2026-10-08
mimeo,false,2026-10-08
mimer,false,2026-10-08
mimes,false,2026-10-08
mimic,true,2026-10-08
mimis,false,2026-10-08
mimsy,false,2026-10-08
minae,false,2026-10-08
minar,false,2026-10-08
minas,false,2026-10-08
mince,true,2026-10-08
mincy,false,2026-10-08
mindi,false,2026-10-08
minds,false,2026-10-08
mined,false,2026-10-08
miner,true,2026-10-08
mines,false,2026-10-08
minge,false,2026-10-08
mingi,false,2026-10-08
mings,false,2026-10-08
mingy,false,2026-10-08
minim,false,2026-10-08
minis,false,2026-10-08
minke,false,2026-10-08
minks,false,2026-10-08
minny,false,2026-10-08
minor,false,2026-10-08
minos,false,2026-10-08
minse,false,2026-10-08
mints,false,2026-10-08
minty,true,2026-10-08
minus,true,2026-10-08
minxy,false,2026-10-08
miraa,false,2026-10-08
mirah,false,2026-10-08
mirch,false,2026-10-08
mired,false,2026-10-08
mires,false,2026-10-08
mirex,false,2026-10-08
mirid,false,2026-10-08
mirin,false,2026-10-08
mirkn,false,2026-10-08
mirks,false,2026-10-08
mirky,false,2026-10-08
mirls,false,2026-10-08
mirly,false,2026-10-08
miros,false,2026-10-08
mirrl,false,2026-10-08
mirrs,false,2026-10-08
mirth,true,2026-10-08
mirvs,false,2026-10-08
mirza,false,2026-10-08
misal,false,2026-10-08
misch,false,2026-10-08
misdo,false,2026-10-08
miser,true,2026-10-08
mises,false,2026-10-08
misgo,false,2026-10-08
misky,false,2026-10-08
misls,false,2026-10-08
misos,false,2026-10-08
missa,false,2026-10-08
missy,false,2026-10-08
misto,false,2026-10-08
mists,false,2026-10-08
misty,false,2026-10-08
mitas,false,2026-10-08
mitch,false,2026-10-08
miter,false,2026-10-08
mites,false,2026-10-08
mitey,false,2026-10-08
mitie,false,2026-10-08
mitis,false,2026-10-08
mitre,false,2026-10-08
mitry,false,2026-10-08
mitta,false,2026-10-08
mitts,false,2026-10-08
mivey,false,2026-10-08
mivvy,false,2026-10-08
mixed,false,2026-10-08
mixen,false,2026-10-08
mixer,false,2026-10-08
mixes,false,2026-10-08
mixie,false,2026-10-08
mixis,false,2026-10-08
mixte,false,2026-10-08
mixup,false,2026-10-08
miyas,false,2026-10-08
mizen,false,2026-10-08
mizes,false,2026-10-08
mizzy,false,2026-10-08
mmkay,false,2026-10-08
mneme,false,2026-10-08
moais,false,2026-10-08
moaky,false,2026-10-08
moals,false,2026-10-08
moana,false,2026-10-08
moans,false,2026-10-08
moany,false,2026-10-08
moars,false,2026-10-08
moats,false,2026-10-08
mobby,false,2026-10-08
mobed,false,2026-10-08
mobee,false,2026-10-08
mobes,false,2026-10-08
mobey,false,2026-10-08
mobie,false,2026-10-08
moble,false,2026-10-08
mobos,false,2026-10-08
mocap,false,2026-10-08
mocha,false,2026-10-08
mochi,false,2026-10-08
mochs,false,2026-10-08
mochy,false,2026-10-08
mocks,false,2026-10-08
mocky,false,2026-10-08
mocos,false,2026-10-08
mocus,false,2026-10-08
modal,true,2026-10-08
model,true,2026-10-08
modem,true,2026-10-08
moder,false,2026-10-08
modes,false,2026-10-08
modge,false,2026-10-08
modii,false,2026-10-08
modin,false,2026-10-08
modoc,false,2026-10-08
modom,false,2026-10-08
modus,false,2026-10-08
moeni,false,2026-10-08
moers,false,2026-10-08
mofos,false,2026-10-08
mogar,false,2026-10-08
mogas,false,2026-10-08
moggy,false,2026-10-08
mogos,false,2026-10-08
mogra,false,2026-10-08
mogue,false,2026-10-08
mogul,true,2026-10-08
mohar,false,2026-10-08
mohel,false,2026-10-08
mohos,false,2026-10-08
mohrs,false,2026-10-08
mohua,false,2026-10-08
mohur,false,2026-10-08
moile,false,2026-10-08
moils,false,2026-10-08
moira,false,2026-10-08
moire,false,2026-10-08
moist,true,2026-10-08
moits,false,2026-10-08
moity,false,2026-10-08
mojos,false,2026-10-08
moker,false,2026-10-08
mokes,false,2026-10-08
mokey,false,2026-10-08
mokis,false,2026-10-08
mokky,false,2026-10-08
mokos,false,2026-10-08
mokus,false,2026-10-08
molal,false,2026-10-08
molar,true,2026-10-08
molas,false,2026-10-08
molds,false,2026-10-08
moldy,true,2026-10-08
moled,false,2026-10-08
moler,false,2026-10-08
moles,false,2026-10-08
moley,false,2026-10-08
molie,false,2026-10-08
molla,false,2026-10-08
molle,false,2026-10-08
mollo,false,2026-10-08
molls,false,2026-10-08
molly,false,2026-10-08
moloi,false,2026-10-08
molos,false,2026-10-08
molto,false,2026-10-08
molts,false,2026-10-08
molue,false,2026-10-08
molvi,false,2026-10-08
molys,false,2026-10-08
momes,false,2026-10-08
momie,false,2026-10-08
momma,false,2026-10-08
momme,false,2026-10-08
mommy,true,2026-10-08
momos,false,2026-10-08
mompe,false,2026-10-08
momus,false,2026-10-08
monad,false,2026-10-08
monal,false,2026-10-08
monas,false,2026-10-08
monde,false,2026-10-08
mondo,false,2026-10-08
moner,false,2026-10-08
money,true,2026-10-08
mongo,false,2026-10-08
mongs,false,2026-10-08
monic,false,2026-10-08
monie,false,2026-10-08
monks,false,2026-10-08
monos,false,2026-10-08
monpe,false,2026-10-08
monte,false,2026-10-08
month,true,2026-10-08
monty,false,2026-10-08
moobs,false,2026-10-08
mooch,true,2026-10-08
moods,false,2026-10-08
moody,false,2026-10-08
mooed,false,2026-10-08
mooey,false,2026-10-08
mooks,false,2026-10-08
moola,false,2026-10-08
mooli,false,2026-10-08
mools,false,2026-10-08
mooly,false,2026-10-08
moong,false,2026-10-08
mooni,false,2026-10-08
moons,false,2026-10-08
moony,false,2026-10-08
moops,false,2026-10-08
moors,false,2026-10-08
moory,false,2026-10-08
moose,true,2026-10-08
mooth,false,2026-10-08
moots,false,2026-10-08
moove,false,2026-10-08
moped,false,2026-10-08
moper,false,2026-10-08
mopes,false,2026-10-08
mopey,false,2026-10-08
moppy,false,2026-10-08
mopsy,false,2026-10-08
mopus,false,2026-10-08
morae,false,2026-10-08
morah,false,2026-10-08
moral,true,2026-10-08
moran,false,2026-10-08
moras,false,2026-10-08
morat,false,2026-10-08
moray,false,2026-10-08
moree,false,2026-10-08
morel,false,2026-10-08
mores,false,2026-10-08
morgy,false,2026-10-08
moria,false,2026-10-08
morin,false,2026-10-08
mormo,false,2026-10-08
morna,false,2026-10-08
morne,false,2026-10-08
morns,false,2026-10-08
moron,false,2026-10-08
moror,false,2026-10-08
morph,true,2026-10-08
morra,false,2026-10-08
morro,false,2026-10-08
morse,false,2026-10-08
morts,false,2026-10-08
moruk,false,2026-10-08
mosed,false,2026-10-08
moses,false,2026-10-08
mosey,false,2026-10-08
mosks,false,2026-10-08
mosso,false,2026-10-08
mossy,true,2026-10-08
moste,false,2026-10-08
mosto,false,2026-10-08
mosts,false,2026-10-08
moted,false,2026-10-08
motel,true,2026-10-08
moten,false,2026-10-08
motes,false,2026-10-08
motet,false,2026-10-08
motey,false,2026-10-08
moths,false,2026-10-08
mothy,false,2026-10-08
motif,true,2026-10-08
motis,false,2026-10-08
moton,false,2026-10-08
motor,true,2026-10-08
motte,false,2026-10-08
motto,true,2026-10-08
motts,false,2026-10-08
motty,false,2026-10-08
motus,false,2026-10-08
motza,false,2026-10-08
mouch,false,2026-10-08
moues,false,2026-10-08
moufs,false,2026-10-08
mould,false,2026-10-08
moule,false,2026-10-08
mouls,false,2026-10-08
moult,true,2026-10-08
mouly,false,2026-10-08
mound,true,2026-10-08
mount,true,2026-10-08
moups,false,2026-10-08
mourn,true,2026-10-08
mouse,true,2026-10-08
moust,false,2026-10-08
mousy,false,2026-10-08
mouth,true,2026-10-08
moved,false,2026-10-08
mover,true,2026-10-08
moves,false,2026-10-08
movie,true,2026-10-08
mowas,false,2026-10-08
mowed,false,2026-10-08
mower,false,2026-10-08
mowie,false,2026-10-08
mowra,false,2026-10-08
moxas,false,2026-10-08
moxie,false,2026-10-08
moyas,false,2026-10-08
moyle,false,2026-10-08
moyls,false,2026-10-08
mozed,false,2026-10-08
mozes,false,2026-10-08
mozos,false,2026-10-08
mpret,false,2026-10-08
mrads,false,2026-10-08
msasa,false,2026-10-08
mtepe,false,2026-10-08
mucho,false,2026-10-08
mucic,false,2026-10-08
mucid,false,2026-10-08
mucin,false,2026-10-08
mucko,false,2026-10-08
mucks,false,2026-10-08
mucky,true,2026-10-08
mucor,false,2026-10-08
mucro,false,2026-10-08
mucus,false,2026-10-08
mudar,false,2026-10-08
muddy,false,2026-10-08
mudge,false,2026-10-08
mudif,false,2026-10-08
mudim,false,2026-10-08
mudir,false,2026-10-08
mudra,false,2026-10-08
muffs,false,2026-10-08
muffy,false,2026-10-08
mufti,false,2026-10-08
mugga,false,2026-10-08
muggs,false,2026-10-08
muggy,true,2026-10-08
mugho,false,2026-10-08
mugil,false,2026-10-08
mugos,false,2026-10-08
muhly,false,2026-10-08
muids,false,2026-10-08
muils,false,2026-10-08
muirs,false,2026-10-08
muiry,false,2026-10-08
muist,false,2026-10-08
mujik,false,2026-10-08
mukim,false,2026-10-08
mukti,false,2026-10-08
mulai,false,2026-10-08
mulch,true,2026-10-08
mulct,false,2026-10-08
muled,false,2026-10-08
mules,false,2026-10-08
muley,false,2026-10-08
mulga,false,2026-10-08
mulie,false,2026-10-08
mulla,false,2026-10-08
mulls,false,2026-10-08
mulse,false,2026-10-08
mulsh,false,2026-10-08
mumbo,false,2026-10-08
mumms,false,2026-10-08
mummy,true,2026-10-08
mumph,false,2026-10-08
mumps,false,2026-10-08
mumsy,false,2026-10-08
mumus,false,2026-10-08
munch,true,2026-10-08
munds,false,2026-10-08
mundu,false,2026-10-08
munga,false,2026-10-08
munge,false,2026-10-08
mungi,false,2026-10-08
mungo,false,2026-10-08
mungs,false,2026-10-08
mungy,false,2026-10-08
munia,false,2026-10-08
munis,false,2026-10-08
munja,false,2026-10-08
munjs,false,2026-10-08
munts,false,2026-10-08
muntu,false,2026-10-08
muons,false,2026-10-08
mural,true,2026-10-08
muras,false,2026-10-08
mured,false,2026-10-08
mures,false,2026-10-08
murex,false,2026-10-08
murgh,false,2026-10-08
murgi,false,2026-10-08
murid,false,2026-10-08
murks,false,2026-10-08
murky,true,2026-10-08
murls,false,2026-10-08
murly,false,2026-10-08
murra,false,2026-10-08
murre,false,2026-10-08
murri,false,2026-10-08
murrs,false,2026-10-08
murry,false,2026-10-08
murth,false,2026-10-08
murti,false,2026-10-08
muruk,false,2026-10-08
murva,false,2026-10-08
musar,false,2026-10-08
musca,false,2026-10-08
mused,false,2026-10-08
musee,false,2026-10-08
muser,false,2026-10-08
muses,false,2026-10-08
muset,false,2026-10-08
musha,false,2026-10-08
mushy,true,2026-10-08
music,true,2026-10-08
musit,false,2026-10-08
musks,false,2026-10-08
musky,false,2026-10-08
musos,false,2026-10-08
musse,false,2026-10-08
mussy,false,2026-10-08
musta,false,2026-10-08
musth,false,2026-10-08
musts,false,2026-10-08
musty,true,2026-10-08
mutas,false,2026-10-08
mutch,false,2026-10-08
muted,false,2026-10-08
muter,false,2026-10-08
mutes,false,2026-10-08
mutha,false,2026-10-08
mutic,false,2026-10-08
mutis,false,2026-10-08
muton,false,2026-10-08
mutti,false,2026-10-08
mutts,false,2026-10-08
mutum,false,2026-10-08
muvva,false,2026-10-08
muxed,false,2026-10-08
muxes,false,2026-10-08
muzak,false,2026-10-08
muzzy,false,2026-10-08
mvula,false,2026-10-08
mvule,false,2026-10-08
mvuli,false,2026-10-08
myall,false,2026-10-08
myals,false,2026-10-08
mylar,false,2026-10-08
mynah,false,2026-10-08
mynas,false,2026-10-08
myoid,false,2026-10-08
myoma,false,2026-10-08
myons,false,2026-10-08
myope,false,2026-10-08
myops,false,2026-10-08
myopy,false,2026-10-08
myrrh,true,2026-10-08
mysid,false,2026-10-08
mysie,false,2026-10-08
mythi,false,2026-10-08
myths,false,2026-10-08
mythy,false,2026-10-08
myxos,false,2026-10-08
mzees,false,2026-10-08
naams,false,2026-10-08
naans,false,2026-10-08
naats,false,2026-10-08
nabam,false,2026-10-08
nabby,false,2026-10-08
nabes,false,2026-10-08
nabis,false,2026-10-08
nabks,false,2026-10-08
nabla,false,2026-10-08
nabob,false,2026-10-08
nache,false,2026-10-08
nacho,false,2026-10-08
nacre,false,2026-10-08
nadas,false,2026-10-08
nadir,true,2026-10-08
naeve,false,2026-10-08
naevi,false,2026-10-08
naffs,false,2026-10-08
nagar,false,2026-10-08
nagas,false,2026-10-08
nages,false,2026-10-08
naggy,false,2026-10-08
nagor,false,2026-10-08
nahal,false,2026-10-08
naiad,false,2026-10-08
naibs,false,2026-10-08
naice,false,2026-10-08
naids,false,2026-10-08
naieo,false,2026-10-08
naifs,false,2026-10-08
naiks,false,2026-10-08
nails,false,2026-10-08
naily,false,2026-10-08
nains,false,2026-10-08
naios,false,2026-10-08
naira,false,2026-10-08
nairu,false,2026-10-08
naive,true,2026-10-08
najib,false,2026-10-08
nakas,false,2026-10-08
naked,false,2026-10-08
naker,false,2026-10-08
nakfa,false,2026-10-08
nalas,false,2026-10-08
naled,false,2026-10-08
nalla,false,2026-10-08
namad,false,2026-10-08
namak,false,2026-10-08
namaz,false,2026-10-08
named,false,2026-10-08
namer,false,2026-10-08
names,false,2026-10-08
namma,false,2026-10-08
namus,false,2026-10-08
nanas,false,2026-10-08
nance,false,2026-10-08
nancy,false,2026-10-08
nandu,false,2026-10-08
nanna,false,2026-10-08
nanny,true,2026-10-08
nanos,false,2026-10-08
nante,false,2026-10-08
nanti,false,2026-10-08
nanto,false,2026-10-08
nants,false,2026-10-08
nanty,false,2026-10-08
nanua,false,2026-10-08
napas,false,2026-10-08
naped,false,2026-10-08
napes,false,2026-10-08
napoh,false,2026-10-08
napoo,false,2026-10-08
nappa,false,2026-10-08
nappe,false,2026-10-08
nappy,false,2026-10-08
naras,false,2026-10-08
narco,false,2026-10-08
narcs,false,2026-10-08
nards,false,2026-10-08
nares,false,2026-10-08
naric,false,2026-10-08
naris,false,2026-10-08
narks,false,2026-10-08
narky,false,2026-10-08
narod,false,2026-10-08
narra,false,2026-10-08
narre,false,2026-10-08
nasal,true,2026-10-08
nashi,false,2026-10-08
nasho,false,2026-10-08
nasis,false,2026-10-08
nason,false,2026-10-08
nasty,true,2026-10-08
nasus,false,2026-10-08
natak,false,2026-10-08
natal,true,2026-10-08
natch,false,2026-10-08
nates,false,2026-10-08
natis,false,2026-10-08
natto,false,2026-10-08
natty,false,2026-10-08
natya,false,2026-10-08
nauch,false,2026-10-08
naunt,false,2026-10-08
naval,true,2026-10-08
navar,false,2026-10-08
naved,false,2026-10-08
navel,true,2026-10-08
naves,false,2026-10-08
navew,false,2026-10-08
navvy,false,2026-10-08
nawab,false,2026-10-08
nawal,false,2026-10-08
nazar,false,2026-10-08
nazes,false,2026-10-08
nazir,false,2026-10-08
nazis,false,2026-10-08
nazzy,false,2026-10-08
nduja,false,2026-10-08
neafe,false,2026-10-08
neals,false,2026-10-08
neant,false,2026-10-08
neaps,false,2026-10-08
nears,false,2026-10-08
neath,false,2026-10-08
neato,false,2026-10-08
neats,false,2026-10-08
nebby,false,2026-10-08
nebek,false,2026-10-08
nebel,false,2026-10-08
neche,false,2026-10-08
necks,false,2026-10-08
neddy,false,2026-10-08
neebs,false,2026-10-08
needs,false,2026-10-08
needy,true,2026-10-08
neefs,false,2026-10-08
neeld,false,2026-10-08
neele,false,2026-10-08
neemb,false,2026-10-08
neems,false,2026-10-08
neeps,false,2026-10-08
neese,false,2026-10-08
neeze,false,2026-10-08
nefie,false,2026-10-08
negri,false,2026-10-08
negro,false,2026-10-08
negus,false,2026-10-08
neifs,false,2026-10-08
neigh,true,2026-10-08
neist,false,2026-10-08
neive,false,2026-10-08
nelia,false,2026-10-08
nelis,false,2026-10-08
nelly,false,2026-10-08
nemas,false,2026-10-08
nemic,false,2026-10-08
nemns,false,2026-10-08
nempt,false,2026-10-08
nenes,false,2026-10-08
nenta,false,2026-10-08
neons,false,2026-10-08
neosa,false,2026-10-08
neoza,false,2026-10-08
neper,false,2026-10-08
nepit,false,2026-10-08
neral,false,2026-10-08
neram,false,2026-10-08
nerds,false,2026-10-08
nerdy,true,2026-10-08
nerfs,false,2026-10-08
nerka,false,2026-10-08
nerks,false,2026-10-08
nerol,false,2026-10-08
nerts,false,2026-10-08
nertz,false,2026-10-08
nerve,true,2026-10-08
nervy,true,2026-10-08
neski,false,2026-10-08
nests,false,2026-10-08
nesty,false,2026-10-08
netas,false,2026-10-08
netes,false,2026-10-08
netop,false,2026-10-08
netta,false,2026-10-08
netts,false,2026-10-08
netty,false,2026-10-08
neuks,false,2026-10-08
neume,false,2026-10-08
neums,false,2026-10-08
nevel,false,2026-10-08
never,true,2026-10-08
neves,false,2026-10-08
nevis,false,2026-10-08
nevus,false,2026-10-08
nevvy,false,2026-10-08
newbs,false,2026-10-08
newed,false,2026-10-08
newel,false,2026-10-08
newer,false,2026-10-08
newie,false,2026-10-08
newly,true,2026-10-08
newsy,false,2026-10-08
newts,false,2026-10-08
nexal,false,2026-10-08
nexin,false,2026-10-08
nexts,false,2026-10-08
nexum,false,2026-10-08
nexus,false,2026-10-08
ngaio,false,2026-10-08
ngaka,false,2026-10-08
ngana,false,2026-10-08
ngapi,false,2026-10-08
ngati,false,2026-10-08
ngege,false,2026-10-08
ngoma,false,2026-10-08
ngoni,false,2026-10-08
ngram,false,2026-10-08
ngwee,false,2026-10-08
nibby,false,2026-10-08
nicad,false,2026-10-08
niced,false,2026-10-08
nicer,true,2026-10-08
nicey,false,2026-10-08
niche,true,2026-10-08
nicht,false,2026-10-08
nicks,false,2026-10-08
nicky,false,2026-10-08
nicol,false,2026-10-08
nidal,false,2026-10-08
nided,false,2026-10-08
nides,false,2026-10-08
nidor,false,2026-10-08
nidus,false,2026-10-08
niece,true,2026-10-08
niefs,false,2026-10-08
niess,false,2026-10-08
nieve,false,2026-10-08
nifes,false,2026-10-08
niffs,false,2026-10-08
niffy,false,2026-10-08
nifle,false,2026-10-08
nifty,true,2026-10-08
niger,false,2026-10-08
nigga,false,2026-10-08
nighs,false,2026-10-08
night,true,2026-10-08
nigre,false,2026-10-08
nigua,false,2026-10-08
nihil,false,2026-10-08
nikab,false,2026-10-08
nikah,false,2026-10-08
nikau,false,2026-10-08
nilas,false,2026-10-08
nills,false,2026-10-08
nimbi,false,2026-10-08
nimbs,false,2026-10-08
nimby,false,2026-10-08
nimps,false,2026-10-08
niner,false,2026-10-08
nines,false,2026-10-08
ninja,true,2026-10-08
ninny,false,2026-10-08
ninon,false,2026-10-08
ninta,false,2026-10-08
ninth,true,2026-10-08
niopo,false,2026-10-08
nioza,false,2026-10-08
nipas,false,2026-10-08
nipet,false,2026-10-08
nippy,false,2026-10-08
niqab,false,2026-10-08
nirls,false,2026-10-08
nirly,false,2026-10-08
nisei,false,2026-10-08
nisin,false,2026-10-08
nisse,false,2026-10-08
nisus,false,2026-10-08
nital,false,2026-10-08
niter,false,2026-10-08
nites,false,2026-10-08
nitid,false,2026-10-08
niton,false,2026-10-08
nitre,false,2026-10-08
nitro,false,2026-10-08
nitry,false,2026-10-08
nitta,false,2026-10-08
nitto,false,2026-10-08
nitty,false,2026-10-08
nival,false,2026-10-08
nivas,false,2026-10-08
nivel,false,2026-10-08
nixed,false,2026-10-08
nixer,false,2026-10-08
nixes,false,2026-10-08
nixie,false,2026-10-08
nizam,false,2026-10-08
njirl,false,2026-10-08
nkosi,false,2026-10-08
nmoli,false,2026-10-08
nmols,false,2026-10-08
noahs,false,2026-10-08
nobby,false,2026-10-08
noble,true,2026-10-08
nobly,true,2026-10-08
nocks,false,2026-10-08
nodal,false,2026-10-08
noddy,false,2026-10-08
noded,false,2026-10-08
nodes,false,2026-10-08
nodum,false,2026-10-08
nodus,false,2026-10-08
noels,false,2026-10-08
noema,false,2026-10-08
noeme,false,2026-10-08
nogal,false,2026-10-08
noggs,false,2026-10-08
noggy,false,2026-10-08
nohow,false,2026-10-08
noias,false,2026-10-08
noils,false,2026-10-08
noily,false,2026-10-08
noint,false,2026-10-08
noire,false,2026-10-08
noirs,false,2026-10-08
noise,true,2026-10-08
noisy,true,2026-10-08
nokes,false,2026-10-08
noles,false,2026-10-08
nolle,false,2026-10-08
nolls,false,2026-10-08
nolos,false,2026-10-08
nomad,true,2026-10-08
nomas,false,2026-10-08
nomen,false,2026-10-08
nomes,false,2026-10-08
nomic,false,2026-10-08
nomoi,false,2026-10-08
nomos,false,2026-10-08
nonan,false,2026-10-08
nonas,false,2026-10-08
nonce,false,2026-10-08
noncy,false,2026-10-08
nonda,false,2026-10-08
nondo,false,2026-10-08
nones,false,2026-10-08
nonet,false,2026-10-08
nongs,false,2026-10-08
nonic,false,2026-10-08
nonis,false,2026-10-08
nonna,false,2026-10-08
nonno,false,2026-10-08
nonny,false,2026-10-08
nonyl,false,2026-10-08
noobs,false,2026-10-08
noois,false,2026-10-08
nooit,false,2026-10-08
nooks,false,2026-10-08
nooky,false,2026-10-08
noone,false,2026-10-08
noons,false,2026-10-08
noops,false,2026-10-08
noose,false,2026-10-08
noove,false,2026-10-08
nopal,false,2026-10-08
noria,false,2026-10-08
norie,false,2026-10-08
noris,false,2026-10-08
norks,false,2026-10-08
norma,false,2026-10-08
norms,false,2026-10-08
north,true,2026-10-08
nosed,false,2026-10-08
noser,false,2026-10-08
noses,false,2026-10-08
nosey,false,2026-10-08
noshi,false,2026-10-08
nosir,false,2026-10-08
notal,false,2026-10-08
notam,false,2026-10-08
notch,true,2026-10-08
noted,false,2026-10-08
noter,false,2026-10-08
notes,false,2026-10-08
notum,false,2026-10-08
nougs,false,2026-10-08
nouja,false,2026-10-08
nould,false,2026-10-08
noule,false,2026-10-08
nouls,false,2026-10-08
nouns,false,2026-10-08
nouny,false,2026-10-08
noups,false,2026-10-08
noust,false,2026-10-08
novae,false,2026-10-08
novas,false,2026-10-08
novel,true,2026-10-08
novia,false,2026-10-08
novio,false,2026-10-08
novum,false,2026-10-08
noway,false,2026-10-08
nowds,false,2026-10-08
nowed,false,2026-10-08
nowls,false,2026-10-08
nowts,false,2026-10-08
nowty,false,2026-10-08
noxal,false,2026-10-08
noxas,false,2026-10-08
noxes,false,2026-10-08
noyau,false,2026-10-08
noyed,false,2026-10-08
noyes,false,2026-10-08
nrtta,false,2026-10-08
nrtya,false,2026-10-08
nsima,false,2026-10-08
nubby,false,2026-10-08
nubia,false,2026-10-08
nucha,false,2026-10-08
nucin,false,2026-10-08
nuddy,false,2026-10-08
nuder,false,2026-10-08
nudes,false,2026-10-08
nudge,true,2026-10-08
nudgy,false,2026-10-08
nudie,false,2026-10-08
nudzh,false,2026-10-08
nuevo,false,2026-10-08
nuffs,false,2026-10-08
nugae,false,2026-10-08
nujol,false,2026-10-08
nuked,false,2026-10-08
nukes,false,2026-10-08
nulla,false,2026-10-08
nullo,false,2026-10-08
nulls,false,2026-10-08
nully,false,2026-10-08
numbs,false,2026-10-08
numen,false,2026-10-08
nummy,false,2026-10-08
numps,false,2026-10-08
nunks,false,2026-10-08
nunky,false,2026-10-08
nunny,false,2026-10-08
nunus,false,2026-10-08
nuque,false,2026-10-08
nurds,false,2026-10-08
nurdy,false,2026-10-08
nurls,false,2026-10-08
nurrs,false,2026-10-08
nurse,true,2026-10-08
nurts,false,2026-10-08
nurtz,false,2026-10-08
nused,false,2026-10-08
nuses,false,2026-10-08
nutso,false,2026-10-08
nutsy,false,2026-10-08
nutty,false,2026-10-08
nyaff,false,2026-10-08
nyala,false,2026-10-08
nyams,false,2026-10-08
nying,false,2026-10-08
nylon,true,2026-10-08
nymph,true,2026-10-08
nyong,false,2026-10-08
nyssa,false,2026-10-08
nyung,false,2026-10-08
nyuse,false,2026-10-08
nyuze,false,2026-10-08
oafos,false,2026-10-08
oaked,false,2026-10-08
oaken,false,2026-10-08
oaker,false,2026-10-08
oakum,false,2026-10-08
oared,false,2026-10-08
oarer,false,2026-10-08
oasal,false,2026-10-08
oases,false,2026-10-08
oasis,true,2026-10-08
oasts,false,2026-10-08
oaten,false,2026-10-08
oater,false,2026-10-08
oaths,false,2026-10-08
oaves,false,2026-10-08
obang,false,2026-10-08
obbos,false,2026-10-08
obeah,false,2026-10-08
obeli,false,2026-10-08
obese,false,2026-10-08
obeys,false,2026-10-08
obias,false,2026-10-08
obied,false,2026-10-08
obiit,false,2026-10-08
obits,false,2026-10-08
objet,false,2026-10-08
oboes,false,2026-10-08
obole,false,2026-10-08
oboli,false,2026-10-08
obols,false,2026-10-08
occam,false,2026-10-08
occur,true,2026-10-08
ocean,true,2026-10-08
ocher,false,2026-10-08
oches,false,2026-10-08
ochre,false,2026-10-08
ochry,false,2026-10-08
ocker,false,2026-10-08
ocote,false,2026-10-08
ocrea,false,2026-10-08
octad,false,2026-10-08
octal,false,2026-10-08
octan,false,2026-10-08
octas,false,2026-10-08
octet,true,2026-10-08
octic,false,2026-10-08
octli,false,2026-10-08
octyl,false,2026-10-08
oculi,false,2026-10-08
odahs,false,2026-10-08
odals,false,2026-10-08
odder,false,2026-10-08
oddly,true,2026-10-08
odeon,false,2026-10-08
odeum,false,2026-10-08
odism,false,2026-10-08
odist,false,2026-10-08
odium,false,2026-10-08
odoom,false,2026-10-08
odors,false,2026-10-08
odour,false,2026-10-08
odums,false,2026-10-08
odyle,false,2026-10-08
odyls,false,2026-10-08
ofays,false,2026-10-08
offal,true,2026-10-08
offed,false,2026-10-08
offer,true,2026-10-08
offie,false,2026-10-08
oflag,false,2026-10-08
often,true,2026-10-08
ofter,false,2026-10-08
ofuro,false,2026-10-08
ogams,false,2026-10-08
ogeed,false,2026-10-08
ogees,false,2026-10-08
oggin,false,2026-10-08
ogham,false,2026-10-08
ogive,false,2026-10-08
ogled,false,2026-10-08
ogler,false,2026-10-08
ogles,false,2026-10-08
ogmic,false,2026-10-08
ogres,false,2026-10-08
ohelo,false,2026-10-08
ohias,false,2026-10-08
ohing,false,2026-10-08
ohmic,false,2026-10-08
ohone,false,2026-10-08
oicks,false,2026-10-08
oidia,false,2026-10-08
oiled,false,2026-10-08
oiler,false,2026-10-08
oilet,false,2026-10-08
oinks,false,2026-10-08
oints,false,2026-10-08
oiran,false,2026-10-08
ojime,false,2026-10-08
okapi,false,2026-10-08
okays,false,2026-10-08
okehs,false,2026-10-08
okies,false,2026-10-08
oking,false,2026-10-08
okole,false,2026-10-08
okras,false,2026-10-08
okrug,false,2026-10-08
oktas,false,2026-10-08
olate,false,2026-10-08
olden,true,2026-10-08
older,true,2026-10-08
oldie,false,2026-10-08
oldly,false,2026-10-08
olehs,false,2026-10-08
oleic,false,2026-10-08
olein,false,2026-10-08
olent,false,2026-10-08
oleos,false,2026-10-08
oleum,false,2026-10-08
oleyl,false,2026-10-08
oligo,false,2026-10-08
olios,false,2026-10-08
oliva,false,2026-10-08
olive,true,2026-10-08
ollas,false,2026-10-08
ollav,false,2026-10-08
oller,false,2026-10-08
ollie,false,2026-10-08
ology,false,2026-10-08
olona,false,2026-10-08
olpae,false,2026-10-08
olpes,false,2026-10-08
omasa,false,2026-10-08
omber,false,2026-10-08
ombre,false,2026-10-08
ombus,false,2026-10-08
omdah,false,2026-10-08
omdas,false,2026-10-08
omdda,false,2026-10-08
omdeh,false,2026-10-08
omees,false,2026-10-08
omega,true,2026-10-08
omens,false,2026-10-08
omers,false,2026-10-08
omiai,false,2026-10-08
omits,false,2026-10-08
omlah,false,2026-10-08
ommel,false,2026-10-08
ommin,false,2026-10-08
omnes,false,2026-10-08
omovs,false,2026-10-08
omrah,false,2026-10-08
omuls,false,2026-10-08
oncer,false,2026-10-08
onces,false,2026-10-08
oncet,false,2026-10-08
oncus,false,2026-10-08
ondes,false,2026-10-08
ondol,false,2026-10-08
onely,false,2026-10-08
oners,false,2026-10-08
onery,false,2026-10-08
ongon,false,2026-10-08
onion,true,2026-10-08
onium,false,2026-10-08
onkus,false,2026-10-08
onlap,false,2026-10-08
onlay,false,2026-10-08
onmun,false,2026-10-08
onned,false,2026-10-08
onsen,false,2026-10-08
onset,true,2026-10-08
ontal,false,2026-10-08
ontic,false,2026-10-08
ooaas,false,2026-10-08
oobit,false,2026-10-08
oohed,false,2026-10-08
ooids,false,2026-10-08
oojah,false,2026-10-08
oomph,true,2026-10-08
oonts,false,2026-10-08
oopak,false,2026-10-08
ooped,false,2026-10-08
oopsy,false,2026-10-08
oorie,false,2026-10-08
ooses,false,2026-10-08
ootid,false,2026-10-08
ooyah,false,2026-10-08
oozed,false,2026-10-08
oozes,false,2026-10-08
oozie,false,2026-10-08
oozle,false,2026-10-08
opahs,false,2026-10-08
opals,false,2026-10-08
opens,false,2026-10-08
opepe,false,2026-10-08
opera,true,2026-10-08
opery,false,2026-10-08
opgaf,false,2026-10-08
opihi,false,2026-10-08
opine,true,2026-10-08
oping,false,2026-10-08
opium,false,2026-10-08
oppos,false,2026-10-08
opsat,false,2026-10-08
opsin,false,2026-10-08
opsit,false,2026-10-08
opted,false,2026-10-08
opter,false,2026-10-08
optic,false,2026-10-08
opzit,false,2026-10-08
orach,false,2026-10-08
oracy,false,2026-10-08
orals,false,2026-10-08
orang,false,2026-10-08
orans,false,2026-10-08
orant,false,2026-10-08
orate,false,2026-10-08
orbat,false,2026-10-08
orbed,false,2026-10-08
orbic,false,2026-10-08
orbit,true,2026-10-08
orcas,false,2026-10-08
orcin,false,2026-10-08
order,true,2026-10-08
ordie,false,2026-10-08
ordos,false,2026-10-08
oread,false,2026-10-08
orfes,false,2026-10-08
orful,false,2026-10-08
organ,true,2026-10-08
orgia,false,2026-10-08
orgic,false,2026-10-08
orgue,false,2026-10-08
oribi,false,2026-10-08
oriel,false,2026-10-08
origo,false,2026-10-08
orixa,false,2026-10-08
orles,false,2026-10-08
orlon,false,2026-10-08
orlop,false,2026-10-08
ormer,false,2026-10-08
ornee,false,2026-10-08
ornis,false,2026-10-08
orped,false,2026-10-08
orpin,false,2026-10-08
orris,false,2026-10-08
ortet,false,2026-10-08
ortho,false,2026-10-08
orval,false,2026-10-08
orzos,false,2026-10-08
osars,false,2026-10-08
oscar,false,2026-10-08
osetr,false,2026-10-08
oseys,false,2026-10-08
oshac,false,2026-10-08
osier,false,2026-10-08
oskin,false,2026-10-08
oslin,false,2026-10-08
osmic,false,2026-10-08
osmol,false,2026-10-08
osone,false,2026-10-08
ossia,false,2026-10-08
ostia,false,2026-10-08
otaku,false,2026-10-08
otary,false,2026-10-08
other,true,2026-10-08
othyl,false,2026-10-08
otium,false,2026-10-08
ottar,false,2026-10-08
otter,true,2026-10-08
ottos,false,2026-10-08
oubit,false,2026-10-08
ouche,false,2026-10-08
oucht,false,2026-10-08
oueds,false,2026-10-08
ouens,false,2026-10-08
ought,true,2026-10-08
ouija,false,2026-10-08
oulks,false,2026-10-08
oumas,false,2026-10-08
ounce,true,2026-10-08
oundy,false,2026-10-08
oupas,false,2026-10-08
ouped,false,2026-10-08
ouphe,false,2026-10-08
ouphs,false,2026-10-08
ourey,false,2026-10-08
ourie,false,2026-10-08
ousel,false,2026-10-08
ousia,false,2026-10-08
ousts,false,2026-10-08
outby,false,2026-10-08
outdo,true,2026-10-08
outed,false,2026-10-08
outen,false,2026-10-08
outer,true,2026-10-08
outgo,false,2026-10-08
outie,false,2026-10-08
outre,false,2026-10-08
outro,false,2026-10-08
outta,false,2026-10-08
ouzel,false,2026-10-08
ouzos,false,2026-10-08
ovals,false,2026-10-08
ovary,false,2026-10-08
ovate,true,2026-10-08
ovels,false,2026-10-08
ovens,false,2026-10-08
overs,false,2026-10-08
overt,true,2026-10-08
ovine,false,2026-10-08
ovism,false,2026-10-08
ovist,false,2026-10-08
ovoid,false,2026-10-08
ovoli,false,2026-10-08
ovolo,false,2026-10-08
ovule,false,2026-10-08
oware,false,2026-10-08
owari,false,2026-10-08
owche,false,2026-10-08
owers,false,2026-10-08
owies,false,2026-10-08
owing,false,2026-10-08
owled,false,2026-10-08
owler,false,2026-10-08
owlet,false,2026-10-08
owned,false,2026-10-08
owner,true,2026-10-08
ownio,false,2026-10-08
owres,false,2026-10-08
owrie,false,2026-10-08
owsen,false,2026-10-08
oxbow,false,2026-10-08
oxeas,false,2026-10-08
oxers,false,2026-10-08
oxeye,false,2026-10-08
oxide,true,2026-10-08
oxids,false,2026-10-08
oxies,false,2026-10-08
oxime,false,2026-10-08
oxims,false,2026-10-08
oxine,false,2026-10-08
oxlip,false,2026-10-08
oxman,false,2026-10-08
oxmen,false,2026-10-08
oxter,false,2026-10-08
oyama,false,2026-10-08
oyers,false,2026-10-08
ozeki,false,2026-10-08
ozena,false,2026-10-08
ozone,true,2026-10-08
ozzie,false,2026-10-08
paaho,false,2026-10-08
paals,false,2026-10-08
paans,false,2026-10-08
pacai,false,2026-10-08
pacas,false,2026-10-08
pacay,false,2026-10-08
paced,false,2026-10-08
pacer,false,2026-10-08
paces,false,2026-10-08
pacey,false,2026-10-08
pacha,false,2026-10-08
packs,false,2026-10-08
packy,false,2026-10-08
pacos,false,2026-10-08
pacta,false,2026-10-08
pacts,false,2026-10-08
padam,false,2026-10-08
padas,false,2026-10-08
paddo,false,2026-10-08
paddy,false,2026-10-08
padis,false,2026-10-08
padle,false,2026-10-08
padma,false,2026-10-08
padou,false,2026-10-08
padre,false,2026-10-08
padri,false,2026-10-08
paean,false,2026-10-08
paedo,false,2026-10-08
paeon,false,2026-10-08
pagan,false,2026-10-08
paged,false,2026-10-08
pager,true,2026-10-08
pages,false,2026-10-08
pagle,false,2026-10-08
pagne,false,2026-10-08
pagod,false,2026-10-08
pagri,false,2026-10-08
pahit,false,2026-10-08
pahos,false,2026-10-08
pahus,false,2026-10-08
paiks,false,2026-10-08
pails,false,2026-10-08
pains,false,2026-10-08
paint,true,2026-10-08
paipe,false,2026-10-08
paips,false,2026-10-08
paire,false,2026-10-08
pairs,false,2026-10-08
paisa,false,2026-10-08
paise,false,2026-10-08
pakay,false,2026-10-08
pakka,false,2026-10-08
pakki,false,2026-10-08
pakua,false,2026-10-08
pakul,false,2026-10-08
palak,false,2026-10-08
palar,false,2026-10-08
palas,false,2026-10-08
palay,false,2026-10-08
palea,false,2026-10-08
paled,false,2026-10-08
paler,false,2026-10-08
pales,false,2026-10-08
palet,false,2026-10-08
palis,false,2026-10-08
palki,false,2026-10-08
palla,false,2026-10-08
palls,false,2026-10-08
pallu,false,2026-10-08
pally,false,2026-10-08
palms,false,2026-10-08
palmy,false,2026-10-08
palpi,false,2026-10-08
palps,false,2026-10-08
palsa,false,2026-10-08
palsy,false,2026-10-08
palus,false,2026-10-08
pamby,false,2026-10-08
pampa,false,2026-10-08
panax,false,2026-10-08
pance,false,2026-10-08
panch,false,2026-10-08
panda,false,2026-10-08
pands,false,2026-10-08
pandy,false,2026-10-08
paned,false,2026-10-08
panel,true,2026-10-08
panes,false,2026-10-08
panga,false,2026-10-08
pangs,false,2026-10-08
panic,true,2026-10-08
panim,false,2026-10-08
panir,false,2026-10-08
panko,false,2026-10-08
panks,false,2026-10-08
panna,false,2026-10-08
panne,false,2026-10-08
panni,false,2026-10-08
panny,false,2026-10-08
pansy,false,2026-10-08
panto,false,2026-10-08
pants,false,2026-10-08
panty,false,2026-10-08
paoli,false,2026-10-08
paolo,false,2026-10-08
papad,false,2026-10-08
papal,true,2026-10-08
papas,false,2026-10-08
papaw,false,2026-10-08
paper,true,2026-10-08
papes,false,2026-10-08
papey,false,2026-10-08
pappi,false,2026-10-08
pappy,false,2026-10-08
papri,false,2026-10-08
parae,false,2026-10-08
paras,false,2026-10-08
parch,false,2026-10-08
parcs,false,2026-10-08
pardi,false,2026-10-08
pards,false,2026-10-08
pardy,false,2026-10-08
pared,false,2026-10-08
paren,false,2026-10-08
pareo,false,2026-10-08
parer,true,2026-10-08
pares,false,2026-10-08
pareu,false,2026-10-08
parev,false,2026-10-08
parge,false,2026-10-08
pargo,false,2026-10-08
parid,false,2026-10-08
paris,false,2026-10-08
parka,true,2026-10-08
parki,false,2026-10-08
parks,false,2026-10-08
parky,false,2026-10-08
parle,false,2026-10-08
parly,false,2026-10-08
parma,false,2026-10-08
parmo,false,2026-10-08
parms,false,2026-10-08
parol,false,2026-10-08
parps,false,2026-10-08
parra,false,2026-10-08
parrs,false,2026-10-08
parry,true,2026-10-08
parse,false,2026-10-08
parte,false,2026-10-08
parti,false,2026-10-08
parts,false,2026-10-08
party,true,2026-10-08
parve,false,2026-10-08
parvo,false,2026-10-08
pasag,false,2026-10-08
pasar,false,2026-10-08
pasch,false,2026-10-08
paseo,false,2026-10-08
pases,false,2026-10-08
pasha,false,2026-10-08
pashm,false,2026-10-08
paska,false,2026-10-08
pasmo,false,2026-10-08
paspy,false,2026-10-08
passe,false,2026-10-08
passu,false,2026-10-08
pasta,true,2026-10-08
paste,false,2026-10-08
pasts,false,2026-10-08
pasty,false,2026-10-08
patas,false,2026-10-08
patch,true,2026-10-08
pated,false,2026-10-08
patee,false,2026-10-08
patel,false,2026-10-08
paten,false,2026-10-08
pater,false,2026-10-08
pates,false,2026-10-08
paths,false,2026-10-08
patia,false,2026-10-08
patin,false,2026-10-08
patio,true,2026-10-08
patka,false,2026-10-08
patly,false,2026-10-08
patsy,true,2026-10-08
patta,false,2026-10-08
patte,false,2026-10-08
pattu,false,2026-10-08
patty,true,2026-10-08
patus,false,2026-10-08
pauas,false,2026-10-08
pauls,false,2026-10-08
pause,true,2026-10-08
pauxi,false,2026-10-08
pavan,false,2026-10-08
pavas,false,2026-10-08
paved,false,2026-10-08
paven,false,2026-10-08
paver,false,2026-10-08
paves,false,2026-10-08
pavid,false,2026-10-08
pavie,false,2026-10-08
pavin,false,2026-10-08
pavis,false,2026-10-08
pavon,false,2026-10-08
pavvy,false,2026-10-08
pawas,false,2026-10-08
pawaw,false,2026-10-08
pawed,false,2026-10-08
pawer,false,2026-10-08
pawks,false,2026-10-08
pawky,false,2026-10-08
pawls,false,2026-10-08
pawns,false,2026-10-08
paxes,false,2026-10-08
payed,false,2026-10-08
payee,false,2026-10-08
payer,false,2026-10-08
payor,false,2026-10-08
paysd,false,2026-10-08
peace,true,2026-10-08
peach,true,2026-10-08
peage,false,2026-10-08
peags,false,2026-10-08
peake,false,2026-10-08
peaks,false,2026-10-08
peaky,false,2026-10-08
peals,false,2026-10-08
peans,false,2026-10-08
peare,false,2026-10-08
pearl,true,2026-10-08
pears,false,2026-10-08
peart,false,2026-10-08
pease,false,2026-10-08
peasy,false,2026-10-08
peats,false,2026-10-08
peaty,false,2026-10-08
peavy,false,2026-10-08
peaze,false,2026-10-08
pebas,false,2026-10-08
pecan,true,2026-10-08
pechs,false,2026-10-08
pecia,false,2026-10-08
pecke,false,2026-10-08
pecks,false,2026-10-08
pecky,false,2026-10-08
pects,false,2026-10-08
pedal,true,2026-10-08
pedes,false,2026-10-08
pedis,false,2026-10-08
pedon,false,2026-10-08
pedos,false,2026-10-08
pedro,false,2026-10-08
peece,false,2026-10-08
peeks,false,2026-10-08
peeky,false,2026-10-08
peels,false,2026-10-08
peely,false,2026-10-08
peens,false,2026-10-08
peent,false,2026-10-08
peeoy,false,2026-10-08
peepe,false,2026-10-08
peeps,false,2026-10-08
peepy,false,2026-10-08
peers,false,2026-10-08
peery,false,2026-10-08
peeve,false,2026-10-08
peevo,false,2026-10-08
peggy,false,2026-10-08
peghs,false,2026-10-08
pegma,false,2026-10-08
pegos,false,2026-10-08
peine,false,2026-10-08
peins,false,2026-10-08
peise,false,2026-10-08
peisy,false,2026-10-08
peize,false,2026-10-08
pekan,false,2026-10-08
pekau,false,2026-10-08
pekea,false,2026-10-08
pekes,false,2026-10-08
pekid,false,2026-10-08
pekin,false,2026-10-08
pekoe,false,2026-10-08
pelas,false,2026-10-08
pelau,false,2026-10-08
pelch,false,2026-10-08
peles,false,2026-10-08
pelfs,false,2026-10-08
pells,false,2026-10-08
pelma,false,2026-10-08
pelog,false,2026-10-08
pelon,false,2026-10-08
pelsh,false,2026-10-08
pelta,false,2026-10-08
pelts,false,2026-10-08
pelus,false,2026-10-08
penal,true,2026-10-08
pence,false,2026-10-08
pends,false,2026-10-08
pendu,false,2026-10-08
pened,false,2026-10-08
penes,false,2026-10-08
pengo,false,2026-10-08
penie,false,2026-10-08
penis,false,2026-10-08
penks,false,2026-10-08
penna,false,2026-10-08
penne,true,2026-10-08
penni,false,2026-10-08
penny,false,2026-10-08
pense,false,2026-10-08
pensy,false,2026-10-08
pents,false,2026-10-08
peola,false,2026-10-08
peons,false,2026-10-08
peony,false,2026-10-08
pepla,false,2026-10-08
peple,false,2026-10-08
pepon,false,2026-10-08
pepos,false,2026-10-08
peppy,false,2026-10-08
pepsi,false,2026-10-08
pequi,false,2026-10-08
perae,false,2026-10-08
perai,false,2026-10-08
perce,false,2026-10-08
perch,true,2026-10-08
percs,false,2026-10-08
perdu,false,2026-10-08
perdy,false,2026-10-08
perea,false,2026-10-08
peres,false,2026-10-08
perfs,false,2026-10-08
peril,true,2026-10-08
peris,false,2026-10-08
perks,false,2026-10-08
perky,true,2026-10-08
perle,false,2026-10-08
perls,false,2026-10-08
perms,false,2026-10-08
permy,false,2026-10-08
perne,false,2026-10-08
perns,false,2026-10-08
perog,false,2026-10-08
perps,false,2026-10-08
perry,false,2026-10-08
perse,false,2026-10-08
persp,false,2026-10-08
perst,false,2026-10-08
perts,false,2026-10-08
perve,false,2026-10-08
pervo,false,2026-10-08
pervs,false,2026-10-08
pervy,false,2026-10-08
pesch,false,2026-10-08
pesky,true,2026-10-08
pesos,false,2026-10-08
pesta,false,2026-10-08
pesto,false,2026-10-08
pests,false,2026-10-08
pesty,false,2026-10-08
petal,true,2026-10-08
petar,false,2026-10-08
peter,false,2026-10-08
petit,false,2026-10-08
petos,false,2026-10-08
petre,false,2026-10-08
petri,false,2026-10-08
petti,false,2026-10-08
petto,false,2026-10-08
petty,true,2026-10-08
pewed,false,2026-10-08
pewee,false,2026-10-08
pewit,false,2026-10-08
peyse,false,2026-10-08
pfftt,false,2026-10-08
phage,false,2026-10-08
phang,false,2026-10-08
phare,false,2026-10-08
pharm,false,2026-10-08
phase,true,2026-10-08
phasm,false,2026-10-08
pheer,false,2026-10-08
pheme,false,2026-10-08
phene,false,2026-10-08
pheon,false,2026-10-08
phese,false,2026-10-08
phial,false,2026-10-08
phies,false,2026-10-08
phish,false,2026-10-08
phizz,false,2026-10-08
phlox,false,2026-10-08
phobe,false,2026-10-08
phoca,false,2026-10-08
phone,true,2026-10-08
phono,false,2026-10-08
phons,false,2026-10-08
phony,true,2026-10-08
phooh,false,2026-10-08
phooo,false,2026-10-08
phota,false,2026-10-08
photo,true,2026-10-08
phots,false,2026-10-08
photy,false,2026-10-08
phpht,false,2026-10-08
phubs,false,2026-10-08
phuts,false,2026-10-08
phutu,false,2026-10-08
phwat,false,2026-10-08
phyla,false,2026-10-08
phyle,false,2026-10-08
phyma,false,2026-10-08
phynx,false,2026-10-08
physa,false,2026-10-08
piais,false,2026-10-08
piani,false,2026-10-08
piano,true,2026-10-08
pians,false,2026-10-08
pibal,false,2026-10-08
pical,false,2026-10-08
picas,false,2026-10-08
piccy,false,2026-10-08
picey,false,2026-10-08
pichi,false,2026-10-08
picks,false,2026-10-08
picky,true,2026-10-08
picon,false,2026-10-08
picot,false,2026-10-08
picra,false,2026-10-08
picul,false,2026-10-08
piece,true,2026-10-08
pieds,false,2026-10-08
piend,false,2026-10-08
piers,false,2026-10-08
piert,false,2026-10-08
pieta,false,2026-10-08
piets,false,2026-10-08
piety,true,2026-10-08
piezo,false,2026-10-08
piggy,false,2026-10-08
pight,false,2026-10-08
pigly,false,2026-10-08
pigmy,false,2026-10-08
piing,false,2026-10-08
pikas,false,2026-10-08
pikau,false,2026-10-08
piked,false,2026-10-08
pikel,false,2026-10-08
piker,false,2026-10-08
pikes,false,2026-10-08
pikey,false,2026-10-08
pikis,false,2026-10-08
pikul,false,2026-10-08
pilae,false,2026-10-08
pilaf,false,2026-10-08
pilao,false,2026-10-08
pilar,false,2026-10-08
pilau,false,2026-10-08
pilaw,false,2026-10-08
pilch,false,2026-10-08
pilea,false,2026-10-08
piled,false,2026-10-08
pilei,false,2026-10-08
piler,false,2026-10-08
piles,false,2026-10-08
piley,false,2026-10-08
pilin,false,2026-10-08
pilis,false,2026-10-08
pills,false,2026-10-08
pilon,false,2026-10-08
pilot,true,2026-10-08
pilow,false,2026-10-08
pilum,false,2026-10-08
pilus,false,2026-10-08
pimas,false,2026-10-08
pimps,false,2026-10-08
pinas,false,2026-10-08
pinax,false,2026-10-08
pince,false,2026-10-08
pinch,true,2026-10-08
pinda,false,2026-10-08
pinds,false,2026-10-08
pined,false,2026-10-08
piner,false,2026-10-08
pines,false,2026-10-08
piney,true,2026-10-08
pinga,false,2026-10-08
pinge,false,2026-10-08
pingo,false,2026-10-08
pings,false,2026-10-08
pinko,false,2026-10-08
pinks,false,2026-10-08
pinky,true,2026-10-08
pinna,false,2026-10-08
pinny,false,2026-10-08
pinol,false,2026-10-08
pinon,false,2026-10-08
pinot,false,2026-10-08
pinta,false,2026-10-08
pinto,true,2026-10-08
pints,false,2026-10-08
pinup,false,2026-10-08
pions,false,2026-10-08
piony,false,2026-10-08
pious,true,2026-10-08
pioye,false,2026-10-08
pioys,false,2026-10-08
pipal,false,2026-10-08
pipas,false,2026-10-08
piped,false,2026-10-08
piper,true,2026-10-08
pipes,false,2026-10-08
pipet,false,2026-10-08
pipid,false,2026-10-08
pipis,false,2026-10-08
pipit,false,2026-10-08
pippy,false,2026-10-08
pipul,false,2026-10-08
pique,true,2026-10-08
piqui,false,2026-10-08
pirai,false,2026-10-08
pirks,false,2026-10-08
pirls,false,2026-10-08
pirns,false,2026-10-08
pirog,false,2026-10-08
pirre,false,2026-10-08
pirri,false,2026-10-08
pirrs,false,2026-10-08
pisco,false,2026-10-08
pises,false,2026-10-08
pisky,false,2026-10-08
pisos,false,2026-10-08
pissy,false,2026-10-08
piste,false,2026-10-08
pitas,false,2026-10-08
pitch,true,2026-10-08
piths,false,2026-10-08
pithy,true,2026-10-08
piton,false,2026-10-08
pitot,false,2026-10-08
pitso,false,2026-10-08
pitsu,false,2026-10-08
pitta,false,2026-10-08
pittu,false,2026-10-08
piuma,false,2026-10-08
piums,false,2026-10-08
pivos,false,2026-10-08
pivot,false,2026-10-08
pixel,true,2026-10-08
pixes,false,2026-10-08
pixie,true,2026-10-08
piyut,false,2026-10-08
pized,false,2026-10-08
pizer,false,2026-10-08
pizes,false,2026-10-08
pizza,true,2026-10-08
plaas,false,2026-10-08
place,true,2026-10-08
plack,false,2026-10-08
plaga,false,2026-10-08
plage,false,2026-10-08
plaid,true,2026-10-08
plaig,false,2026-10-08
plain,true,2026-10-08
plait,true,2026-10-08
planc,false,2026-10-08
plane,true,2026-10-08
planh,false,2026-10-08
plank,true,2026-10-08
plans,false,2026-10-08
plant,true,2026-10-08
plaps,false,2026-10-08
plash,false,2026-10-08
plasm,false,2026-10-08
plast,false,2026-10-08
plate,true,2026-10-08
plats,false,2026-10-08
platt,false,2026-10-08
platy,false,2026-10-08
plaud,false,2026-10-08
plaur,false,2026-10-08
plavs,false,2026-10-08
playa,false,2026-10-08
plays,false,2026-10-08
plaza,true,2026-10-08
plead,true,2026-10-08
pleas,false,2026-10-08
pleat,true,2026-10-08
plebe,false,2026-10-08
plebs,false,2026-10-08
pleck,false,2026-10-08
pleep,false,2026-10-08
plein,false,2026-10-08
plena,false,2026-10-08
plene,false,2026-10-08
pleno,false,2026-10-08
pleon,false,2026-10-08
plesh,false,2026-10-08
plets,false,2026-10-08
plews,false,2026-10-08
plexi,false,2026-10-08
plica,false,2026-10-08
plied,false,2026-10-08
plier,false,2026-10-08
plies,false,2026-10-08
pligs,false,2026-10-08
plims,false,2026-10-08
pling,false,2026-10-08
plink,false,2026-10-08
plips,false,2026-10-08
plish,false,2026-10-08
ploat,false,2026-10-08
ploce,false,2026-10-08
plock,false,2026-10-08
plods,false,2026-10-08
ploit,false,2026-10-08
plomb,false,2026-10-08
plong,false,2026-10-08
plonk,false,2026-10-08
plook,false,2026-10-08
ploot,false,2026-10-08
plops,false,2026-10-08
plore,false,2026-10-08
plots,false,2026-10-08
plotz,false,2026-10-08
plouk,false,2026-10-08
plout,false,2026-10-08
plows,false,2026-10-08
plowt,false,2026-10-08
ploye,false,2026-10-08
ploys,false,2026-10-08
pluck,true,2026-10-08
pluds,false,2026-10-08
plues,false,2026-10-08
pluff,false,2026-10-08
plugs,false,2026-10-08
pluke,false,2026-10-08
plumb,true,2026-10-08
plume,true,2026-10-08
plump,true,2026-10-08
plums,false,2026-10-08
plumy,false,2026-10-08
plung,false,2026-10-08
plunk,true,2026-10-08
pluot,false,2026-10-08
plups,false,2026-10-08
plush,false,2026-10-08
plute,false,2026-10-08
pluto,false,2026-10-08
pluty,false,2026-10-08
plyer,false,2026-10-08
pneus,false,2026-10-08
poach,false,2026-10-08
poaka,false,2026-10-08
poake,false,2026-10-08
poalo,false,2026-10-08
pobby,false,2026-10-08
poboy,false,2026-10-08
pocan,false,2026-10-08
poche,false,2026-10-08
pocho,false,2026-10-08
pocks,false,2026-10-08
pocky,false,2026-10-08
podal,false,2026-10-08
poddy,false,2026-10-08
podex,false,2026-10-08
podge,false,2026-10-08
podgy,false,2026-10-08
podia,false,2026-10-08
podos,false,2026-10-08
podus,false,2026-10-08
poems,false,2026-10-08
poena,false,2026-10-08
poeps,false,2026-10-08
poesy,false,2026-10-08
poete,false,2026-10-08
poets,false,2026-10-08
pogey,false,2026-10-08
pogge,false,2026-10-08
poggy,false,2026-10-08
pogos,false,2026-10-08
pogue,false,2026-10-08
pohed,false,2026-10-08
poilu,false,2026-10-08
poind,false,2026-10-08
point,true,2026-10-08
poire,false,2026-10-08
poise,true,2026-10-08
pokal,false,2026-10-08
poked,false,2026-10-08
poker,true,2026-10-08
pokes,false,2026-10-08
pokey,false,2026-10-08
pokie,false,2026-10-08
pokit,false,2026-10-08
polar,true,2026-10-08
poled,false,2026-10-08
poler,false,2026-10-08
poles,false,2026-10-08
poley,false,2026-10-08
polio,false,2026-10-08
polis,false,2026-10-08
polje,false,2026-10-08
polka,true,2026-10-08
polks,false,2026-10-08
pollo,false,2026-10-08
polls,false,2026-10-08
polly,false,2026-10-08
polos,false,2026-10-08
polts,false,2026-10-08
polyp,true,2026-10-08
polys,false,2026-10-08
pomas,false,2026-10-08
pombe,false,2026-10-08
pomes,false,2026-10-08
pomme,false,2026-10-08
pommy,false,2026-10-08
pomos,false,2026-10-08
pompa,false,2026-10-08
pomps,false,2026-10-08
ponce,false,2026-10-08
poncy,false,2026-10-08
ponds,false,2026-10-08
pondy,false,2026-10-08
pones,false,2026-10-08
poney,false,2026-10-08
ponga,false,2026-10-08
pongo,false,2026-10-08
pongs,false,2026-10-08
pongy,false,2026-10-08
ponks,false,2026-10-08
ponor,false,2026-10-08
ponto,false,2026-10-08
ponts,false,2026-10-08
ponty,false,2026-10-08
ponzu,false,2026-10-08
pooay,false,2026-10-08
pooch,false,2026-10-08
poods,false,2026-10-08
pooed,false,2026-10-08
pooey,false,2026-10-08
poofs,false,2026-10-08
poofy,false,2026-10-08
poohs,false,2026-10-08
poohy,false,2026-10-08
pooja,false,2026-10-08
pooka,false,2026-10-08
pooks,false,2026-10-08
pools,false,2026-10-08
pooly,false,2026-10-08
poons,false,2026-10-08
poopa,false,2026-10-08
poops,false,2026-10-08
poopy,false,2026-10-08
poori,false,2026-10-08
poort,false,2026-10-08
poots,false,2026-10-08
pooty,false,2026-10-08
poove,false,2026-10-08
poovy,false,2026-10-08
popes,false,2026-10-08
popia,false,2026-10-08
popos,false,2026-10-08
poppa,false,2026-10-08
poppy,true,2026-10-08
popsy,false,2026-10-08
popup,false,2026-10-08
porae,false,2026-10-08
poral,false,2026-10-08
porch,true,2026-10-08
pored,false,2026-10-08
porer,false,2026-10-08
pores,false,2026-10-08
porey,false,2026-10-08
porge,false,2026-10-08
porgy,false,2026-10-08
porin,false,2026-10-08
porks,false,2026-10-08
porky,false,2026-10-08
porno,false,2026-10-08
porns,false,2026-10-08
porny,false,2026-10-08
porta,false,2026-10-08
porte,false,2026-10-08
porth,false,2026-10-08
ports,false,2026-10-08
porty,false,2026-10-08
porus,false,2026-10-08
posca,false,2026-10-08
posed,false,2026-10-08
poser,true,2026-10-08
poses,false,2026-10-08
poset,false,2026-10-08
posey,false,2026-10-08
posho,false,2026-10-08
posit,true,2026-10-08
posol,false,2026-10-08
posse,true,2026-10-08
poste,false,2026-10-08
posts,false,2026-10-08
potae,false,2026-10-08
potai,false,2026-10-08
potch,false,2026-10-08
poted,false,2026-10-08
potes,false,2026-10-08
potin,false,2026-10-08
potoo,false,2026-10-08
potro,false,2026-10-08
potsy,false,2026-10-08
potto,false,2026-10-08
potts,false,2026-10-08
potty,false,2026-10-08
pouce,false,2026-10-08
pouch,false,2026-10-08
pouff,false,2026-10-08
poufs,false,2026-10-08
poufy,false,2026-10-08
pouis,false,2026-10-08
pouke,false,2026-10-08
pouks,false,2026-10-08
poule,false,2026-10-08
poulp,false,2026-10-08
poult,false,2026-10-08
pound,true,2026-10-08
poupe,false,2026-10-08
poupt,false,2026-10-08
pours,false,2026-10-08
pousy,false,2026-10-08
pouts,false,2026-10-08
pouty,true,2026-10-08
povos,false,2026-10-08
powan,false,2026-10-08
power,true,2026-10-08
powie,false,2026-10-08
powin,false,2026-10-08
powis,false,2026-10-08
powlt,false,2026-10-08
pownd,false,2026-10-08
powns,false,2026-10-08
powny,false,2026-10-08
powre,false,2026-10-08
powsy,false,2026-10-08
poxed,false,2026-10-08
poxes,false,2026-10-08
poyas,false,2026-10-08
poynt,false,2026-10-08
poyou,false,2026-10-08
poyse,false,2026-10-08
pozzy,false,2026-10-08
praam,false,2026-10-08
prads,false,2026-10-08
prags,false,2026-10-08
prahu,false,2026-10-08
prams,false,2026-10-08
prana,false,2026-10-08
prang,false,2026-10-08
prank,true,2026-10-08
praos,false,2026-10-08
praps,false,2026-10-08
prase,false,2026-10-08
prate,false,2026-10-08
prats,false,2026-10-08
pratt,false,2026-10-08
praty,false,2026-10-08
praus,false,2026-10-08
prawn,true,2026-10-08
prays,false,2026-10-08
preak,false,2026-10-08
predy,false,2026-10-08
preed,false,2026-10-08
preem,false,2026-10-08
preen,true,2026-10-08
prees,false,2026-10-08
preif,false,2026-10-08
preke,false,2026-10-08
prems,false,2026-10-08
premy,false,2026-10-08
prent,false,2026-10-08
preon,false,2026-10-08
preop,false,2026-10-08
preps,false,2026-10-08
presa,false,2026-10-08
prese,false,2026-10-08
press,true,2026-10-08
prest,false,2026-10-08
preta,false,2026-10-08
preux,false,2026-10-08
preve,false,2026-10-08
prexy,false,2026-10-08
preys,false,2026-10-08
prial,false,2026-10-08
prian,false,2026-10-08
price,true,2026-10-08
prick,true,2026-10-08
pricy,false,2026-10-08
pride,true,2026-10-08
pridy,false,2026-10-08
pried,false,2026-10-08
prief,false,2026-10-08
prier,false,2026-10-08
pries,false,2026-10-08
prigs,false,2026-10-08
prill,false,2026-10-08
prima,false,2026-10-08
prime,true,2026-10-08
primi,false,2026-10-08
primo,true,2026-10-08
primp,true,2026-10-08
prims,false,2026-10-08
primy,false,2026-10-08
pring,false,2026-10-08
prink,false,2026-10-08
print,true,2026-10-08
prion,false,2026-10-08
prior,true,2026-10-08
prise,false,2026-10-08
prism,true,2026-10-08
priss,false,2026-10-08
prius,false,2026-10-08
privy,true,2026-10-08
prize,true,2026-10-08
proal,false,2026-10-08
proas,false,2026-10-08
probe,true,2026-10-08
probs,false,2026-10-08
proby,false,2026-10-08
prodd,false,2026-10-08
prods,false,2026-10-08
proem,false,2026-10-08
profs,false,2026-10-08
progs,false,2026-10-08
proin,false,2026-10-08
proke,false,2026-10-08
prole,false,2026-10-08
proll,false,2026-10-08
promo,false,2026-10-08
proms,false,2026-10-08
prone,true,2026-10-08
prong,true,2026-10-08
pronk,false,2026-10-08
proof,true,2026-10-08
prook,false,2026-10-08
proot,false,2026-10-08
props,false,2026-10-08
prora,false,2026-10-08
prore,false,2026-10-08
prose,true,2026-10-08
proso,false,2026-10-08
pross,false,2026-10-08
prost,false,2026-10-08
prosy,false,2026-10-08
proto,false,2026-10-08
proud,true,2026-10-08
proul,false,2026-10-08
prove,true,2026-10-08
prowk,false,2026-10-08
prowl,true,2026-10-08
prows,false,2026-10-08
proxy,true,2026-10-08
proyn,false,2026-10-08
prude,true,2026-10-08
prune,true,2026-10-08
pruno,false,2026-10-08
prunt,false,2026-10-08
pruny,false,2026-10-08
pruta,false,2026-10-08
pryan,false,2026-10-08
pryer,false,2026-10-08
pryse,false,2026-10-08
psalm,true,2026-10-08
pseud,false,2026-10-08
pshaw,true,2026-10-08
pshut,false,2026-10-08
psias,false,2026-10-08
psion,false,2026-10-08
psoae,false,2026-10-08
psoai,false,2026-10-08
psoas,false,2026-10-08
psora,false,2026-10-08
psych,false,2026-10-08
psyop,false,2026-10-08
ptish,false,2026-10-08
ptype,false,2026-10-08
pubby,false,2026-10-08
pubco,false,2026-10-08
pubes,false,2026-10-08
pubic,false,2026-10-08
pubis,false,2026-10-08
pubsy,false,2026-10-08
pucan,false,2026-10-08
pucer,false,2026-10-08
puces,false,2026-10-08
pucka,false,2026-10-08
pucks,false,2026-10-08
puddy,false,2026-10-08
pudge,false,2026-10-08
pudgy,false,2026-10-08
pudic,false,2026-10-08
pudor,false,2026-10-08
pudsy,false,2026-10-08
pudus,false,2026-10-08
puers,false,2026-10-08
puffa,false,2026-10-08
puffs,false,2026-10-08
puffy,true,2026-10-08
puggy,false,2026-10-08
pugil,false,2026-10-08
puhas,false,2026-10-08
pujah,false,2026-10-08
pujas,false,2026-10-08
pukas,false,2026-10-08
puked,false,2026-10-08
puker,false,2026-10-08
pukes,false,2026-10-08
pukey,false,2026-10-08
pukka,false,2026-10-08
pukus,false,2026-10-08
pulao,false,2026-10-08
pulas,false,2026-10-08
puled,false,2026-10-08
puler,false,2026-10-08
pules,false,2026-10-08
pulik,false,2026-10-08
pulis,false,2026-10-08
pulka,false,2026-10-08
pulks,false,2026-10-08
pulli,false,2026-10-08
pulls,false,2026-10-08
pully,false,2026-10-08
pulmo,false,2026-10-08
pulps,false,2026-10-08
pulpy,true,2026-10-08
pulse,false,2026-10-08
pulus,false,2026-10-08
pulut,false,2026-10-08
pumas,false,2026-10-08
pumie,false,2026-10-08
pumps,false,2026-10-08
pumpy,false,2026-10-08
punas,false,2026-10-08
punce,false,2026-10-08
punch,false,2026-10-08
punga,false,2026-10-08
pungi,false,2026-10-08
pungo,false,2026-10-08
pungs,false,2026-10-08
pungy,false,2026-10-08
punim,false,2026-10-08
punji,false,2026-10-08
punka,false,2026-10-08
punks,false,2026-10-08
punky,false,2026-10-08
punny,false,2026-10-08
punto,false,2026-10-08
punts,false,2026-10-08
punty,false,2026-10-08
pupae,false,2026-10-08
pupal,false,2026-10-08
pupas,false,2026-10-08
pupil,true,2026-10-08
puppa,false,2026-10-08
puppy,true,2026-10-08
pupus,false,2026-10-08
purao,false,2026-10-08
purau,false,2026-10-08
purda,false,2026-10-08
purdy,false,2026-10-08
pured,false,2026-10-08
puree,false,2026-10-08
purer,false,2026-10-08
pures,false,2026-10-08
purga,false,2026-10-08
purge,true,2026-10-08
purin,false,2026-10-08
puris,false,2026-10-08
purls,false,2026-10-08
puros,false,2026-10-08
purps,false,2026-10-08
purpy,false,2026-10-08
purre,false,2026-10-08
purrs,false,2026-10-08
purry,false,2026-10-08
purse,true,2026-10-08
pursy,false,2026-10-08
purty,false,2026-10-08
puses,false,2026-10-08
pushy,false,2026-10-08
pusle,false,2026-10-08
pussy,false,2026-10-08
putas,false,2026-10-08
puter,false,2026-10-08
putid,false,2026-10-08
putin,false,2026-10-08
puton,false,2026-10-08
putos,false,2026-10-08
putti,false,2026-10-08
putto,false,2026-10-08
putts,false,2026-10-08
puttu,false,2026-10-08
putty,true,2026-10-08
putza,false,2026-10-08
puuko,false,2026-10-08
puyas,false,2026-10-08
puzel,false,2026-10-08
puzta,false,2026-10-08
pwned,false,2026-10-08
pyats,false,2026-10-08
pyets,false,2026-10-08
pygal,false,2026-10-08
pygmy,false,2026-10-08
pyins,false,2026-10-08
pylon,false,2026-10-08
pyned,false,2026-10-08
pynes,false,2026-10-08
pyoid,false,2026-10-08
pyots,false,2026-10-08
pyral,false,2026-10-08
pyran,false,2026-10-08
pyres,false,2026-10-08
pyrex,false,2026-10-08
pyric,false,2026-10-08
pyros,false,2026-10-08
pyrus,false,2026-10-08
pyuff,false,2026-10-08
pyxed,false,2026-10-08
pyxes,false,2026-10-08
pyxie,false,2026-10-08
pyxis,false,2026-10-08
pzazz,false,2026-10-08
qadis,false,2026-10-08
qaids,false,2026-10-08
qajaq,false,2026-10-08
qanat,false,2026-10-08
qapik,false,2026-10-08
qibla,false,2026-10-08
qilas,false,2026-10-08
qipao,false,2026-10-08
qophs,false,2026-10-08
qorma,false,2026-10-08
quabs,false,2026-10-08
quack,true,2026-10-08
quads,false,2026-10-08
quaff,false,2026-10-08
quags,false,2026-10-08
quail,true,2026-10-08
quair,false,2026-10-08
quais,false,2026-10-08
quake,true,2026-10-08
quaky,false,2026-10-08
quale,false,2026-10-08
qualm,true,2026-10-08
qualy,false,2026-10-08
quank,false,2026-10-08
quant,false,2026-10-08
quare,false,2026-10-08
quark,true,2026-10-08
quarl,false,2026-10-08
quart,true,2026-10-08
quash,true,2026-10-08
quasi,false,2026-10-08
quass,false,2026-10-08
quate,false,2026-10-08
quats,false,2026-10-08
quawk,false,2026-10-08
quaws,false,2026-10-08
quayd,false,2026-10-08
quays,false,2026-10-08
qubit,false,2026-10-08
quean,false,2026-10-08
queck,false,2026-10-08
queek,false,2026-10-08
queem,false,2026-10-08
queen,true,2026-10-08
queer,true,2026-10-08
quell,true,2026-10-08
queme,false,2026-10-08
quena,false,2026-10-08
quern,false,2026-10-08
query,true,2026-10-08
queso,false,2026-10-08
quest,true,2026-10-08
quete,false,2026-10-08
queue,true,2026-10-08
queyn,false,2026-10-08
queys,false,2026-10-08
queyu,false,2026-10-08
quibs,false,2026-10-08
quich,false,2026-10-08
quick,true,2026-10-08
quids,false,2026-10-08
quies,false,2026-10-08
quiet,true,2026-10-08
quiff,false,2026-10-08
quila,false,2026-10-08
quill,true,2026-10-08
quilt,true,2026-10-08
quims,false,2026-10-08
quina,false,2026-10-08
quine,false,2026-10-08
quink,false,2026-10-08
quino,false,2026-10-08
quins,false,2026-10-08
quint,false,2026-10-08
quipo,false,2026-10-08
quips,false,2026-10-08
quipu,false,2026-10-08
quire,false,2026-10-08
quirk,true,2026-10-08
quirl,false,2026-10-08
quirt,false,2026-10-08
quist,false,2026-10-08
quite,true,2026-10-08
quits,false,2026-10-08
quoad,false,2026-10-08
quods,false,2026-10-08
quoif,false,2026-10-08
quoin,false,2026-10-08
quois,false,2026-10-08
quoit,false,2026-10-08
quoll,false,2026-10-08
quonk,false,2026-10-08
quops,false,2026-10-08
quork,false,2026-10-08
quorl,false,2026-10-08
quota,true,2026-10-08
quote,true,2026-10-08
quoth,false,2026-10-08
quouk,false,2026-10-08
quoys,false,2026-10-08
quran,false,2026-10-08
qursh,false,2026-10-08
quyte,false,2026-10-08
raads,false,2026-10-08
raake,false,2026-10-08
rabat,false,2026-10-08
rabbi,false,2026-10-08
rabic,false,2026-10-08
rabid,true,2026-10-08
rabis,false,2026-10-08
raced,false,2026-10-08
racer,true,2026-10-08
races,false,2026-10-08
rache,false,2026-10-08
racks,false,2026-10-08
racon,false,2026-10-08
radar,false,2026-10-08
raddi,false,2026-10-08
raddy,false,2026-10-08
radge,false,2026-10-08
radgy,false,2026-10-08
radif,false,2026-10-08
radii,false,2026-10-08
radio,true,2026-10-08
radix,false,2026-10-08
radon,false,2026-10-08
rafee,false,2026-10-08
raffs,false,2026-10-08
raffy,false,2026-10-08
rafik,false,2026-10-08
rafiq,false,2026-10-08
rafts,false,2026-10-08
rafty,false,2026-10-08
ragas,false,2026-10-08
ragde,false,2026-10-08
raged,false,2026-10-08
ragee,false,2026-10-08
rager,false,2026-10-08
rages,false,2026-10-08
ragga,false,2026-10-08
raggs,false,2026-10-08
raggy,false,2026-10-08
ragis,false,2026-10-08
ragus,false,2026-10-08
rahed,false,2026-10-08
rahui,false,2026-10-08
raiah,false,2026-10-08
raias,false,2026-10-08
raids,false,2026-10-08
raike,false,2026-10-08
raiks,false,2026-10-08
raile,false,2026-10-08
rails,false,2026-10-08
raine,false,2026-10-08
rains,false,2026-10-08
rainy,true,2026-10-08
raird,false,2026-10-08
raise,true,2026-10-08
raita,false,2026-10-08
raith,false,2026-10-08
raits,false,2026-10-08
rajah,false,2026-10-08
rajas,false,2026-10-08
rajes,false,2026-10-08
raked,false,2026-10-08
rakee,false,2026-10-08
raker,false,2026-10-08
rakes,false,2026-10-08
rakhi,false,2026-10-08
rakia,false,2026-10-08
rakis,false,2026-10-08
rakki,false,2026-10-08
raksi,false,2026-10-08
rakus,false,2026-10-08
rales,false,2026-10-08
ralli,false,2026-10-08
rally,false,2026-10-08
ralph,false,2026-10-08
ramal,false,2026-10-08
ramee,false,2026-10-08
ramen,true,2026-10-08
rames,false,2026-10-08
ramet,false,2026-10-08
ramie,false,2026-10-08
ramin,false,2026-10-08
ramis,false,2026-10-08
rammy,false,2026-10-08
ramon,false,2026-10-08
ramps,false,2026-10-08
ramse,false,2026-10-08
ramsh,false,2026-10-08
ramus,false,2026-10-08
ranas,false,2026-10-08
rance,false,2026-10-08
ranch,true,2026-10-08
rando,false,2026-10-08
rands,false,2026-10-08
randy,false,2026-10-08
raned,false,2026-10-08
ranee,false,2026-10-08
ranes,false,2026-10-08
ranga,false,2026-10-08
range,true,2026-10-08
rangi,false,2026-10-08
rangs,false,2026-10-08
rangy,false,2026-10-08
ranid,false,2026-10-08
ranis,false,2026-10-08
ranke,false,2026-10-08
ranks,false,2026-10-08
ranns,false,2026-10-08
ranny,false,2026-10-08
ranse,false,2026-10-08
rants,false,2026-10-08
ranty,false,2026-10-08
raped,false,2026-10-08
rapee,false,2026-10-08
raper,false,2026-10-08
rapes,false,2026-10-08
raphe,false,2026-10-08
rapid,true,2026-10-08
rapin,false,2026-10-08
rappe,false,2026-10-08
rapso,false,2026-10-08
rared,false,2026-10-08
raree,false,2026-10-08
rarer,false,2026-10-08
rares,false,2026-10-08
rarks,false,2026-10-08
rasam,false,2026-10-08
rasas,false,2026-10-08
rased,false,2026-10-08
raser,false,2026-10-08
rases,false,2026-10-08
rasps,false,2026-10-08
raspy,false,2026-10-08
rasse,false,2026-10-08
rasta,false,2026-10-08
ratal,false,2026-10-08
ratan,false,2026-10-08
ratas,false,2026-10-08
ratch,false,2026-10-08
rated,false,2026-10-08
ratel,false,2026-10-08
rater,false,2026-10-08
rates,false,2026-10-08
ratha,false,2026-10-08
rathe,false,2026-10-08
raths,false,2026-10-08
ratio,true,2026-10-08
ratoo,false,2026-10-08
ratos,false,2026-10-08
ratti,false,2026-10-08
ratty,true,2026-10-08
ratus,false,2026-10-08
rauli,false,2026-10-08
rauns,false,2026-10-08
raupo,false,2026-10-08
raved,false,2026-10-08
ravel,false,2026-10-08
raven,false,2026-10-08
raver,false,2026-10-08
raves,false,2026-10-08
ravey,false,2026-10-08
ravin,false,2026-10-08
rawdy,false,2026-10-08
rawer,false,2026-10-08
rawin,false,2026-10-08
rawks,false,2026-10-08
rawly,false,2026-10-08
rawns,false,2026-10-08
raxed,false,2026-10-08
raxes,false,2026-10-08
rayah,false,2026-10-08
rayas,false,2026-10-08
rayed,false,2026-10-08
rayle,false,2026-10-08
rayls,false,2026-10-08
rayne,false,2026-10-08
rayon,true,2026-10-08
razai,false,2026-10-08
razed,false,2026-10-08
razee,false,2026-10-08
razer,false,2026-10-08
razes,false,2026-10-08
razet,false,2026-10-08
razoo,false,2026-10-08
razor,false,2026-10-08
reach,true,2026-10-08
react,true,2026-10-08
readd,false,2026-10-08
reads,false,2026-10-08
ready,true,2026-10-08
reais,false,2026-10-08
reaks,false,2026-10-08
realm,true,2026-10-08
realo,false,2026-10-08
reals,false,2026-10-08
reame,false,2026-10-08
reams,false,2026-10-08
reamy,false,2026-10-08
reans,false,2026-10-08
reaps,false,2026-10-08
reard,false,2026-10-08
rearm,false,2026-10-08
rears,false,2026-10-08
reast,false,2026-10-08
reata,false,2026-10-08
reate,false,2026-10-08
reave,false,2026-10-08
rebab,false,2026-10-08
rebar,false,2026-10-08
rebbe,false,2026-10-08
rebec,false,2026-10-08
rebel,true,2026-10-08
rebid,false,2026-10-08
rebit,false,2026-10-08
rebop,false,2026-10-08
rebud,false,2026-10-08
rebus,true,2026-10-08
rebut,true,2026-10-08
rebuy,false,2026-10-08
recal,false,2026-10-08
recap,true,2026-10-08
recce,false,2026-10-08
recco,false,2026-10-08
reccy,false,2026-10-08
recep,false,2026-10-08
recit,false,2026-10-08
recks,false,2026-10-08
recon,false,2026-10-08
recta,false,2026-10-08
recte,false,2026-10-08
recti,false,2026-10-08
recto,false,2026-10-08
recue,false,2026-10-08
recur,true,2026-10-08
recut,false,2026-10-08
redan,false,2026-10-08
redds,false,2026-10-08
reddy,false,2026-10-08
reded,false,2026-10-08
redes,false,2026-10-08
redia,false,2026-10-08
redid,false,2026-10-08
redif,false,2026-10-08
redig,false,2026-10-08
redip,false,2026-10-08
redly,false,2026-10-08
redon,false,2026-10-08
redos,false,2026-10-08
redox,false,2026-10-08
redry,false,2026-10-08
redub,false,2026-10-08
redug,false,2026-10-08
redux,false,2026-10-08
redye,false,2026-10-08
reeaf,false,2026-10-08
reech,false,2026-10-08
reede,false,2026-10-08
reeds,false,2026-10-08
reedy,false,2026-10-08
reefs,false,2026-10-08
reefy,false,2026-10-08
reeks,false,2026-10-08
reeky,false,2026-10-08
reels,false,2026-10-08
reely,false,2026-10-08
reems,false,2026-10-08
reens,false,2026-10-08
reerd,false,2026-10-08
reest,false,2026-10-08
reeve,false,2026-10-08
reeze,false,2026-10-08
refan,false,2026-10-08
refed,false,2026-10-08
refel,false,2026-10-08
refer,true,2026-10-08
reffo,false,2026-10-08
refis,false,2026-10-08
refit,false,2026-10-08
refix,false,2026-10-08
refly,false,2026-10-08
refry,false,2026-10-08
regal,true,2026-10-08
regar,false,2026-10-08
reges,false,2026-10-08
reget,false,2026-10-08
regex,false,2026-10-08
reggo,false,2026-10-08
regia,false,2026-10-08
regie,false,2026-10-08
regle,false,2026-10-08
regma,false,2026-10-08
regna,false,2026-10-08
regos,false,2026-10-08
regot,false,2026-10-08
regur,false,2026-10-08
rehab,true,2026-10-08
rehem,false,2026-10-08
reifs,false,2026-10-08
reify,false,2026-10-08
reign,false,2026-10-08
reiki,false,2026-10-08
reiks,false,2026-10-08
reine,false,2026-10-08
reing,false,2026-10-08
reink,false,2026-10-08
reins,false,2026-10-08
reird,false,2026-10-08
reist,false,2026-10-08
reive,false,2026-10-08
rejas,false,2026-10-08
rejig,false,2026-10-08
rejon,false,2026-10-08
reked,false,2026-10-08
rekes,false,2026-10-08
rekey,false,2026-10-08
relax,true,2026-10-08
relay,true,2026-10-08
relet,false,2026-10-08
relic,true,2026-10-08
relie,false,2026-10-08
relit,false,2026-10-08
rello,false,2026-10-08
relos,false,2026-10-08
reman,false,2026-10-08
remap,false,2026-10-08
remen,false,2026-10-08
remet,false,2026-10-08
remex,false,2026-10-08
remit,true,2026-10-08
remix,true,2026-10-08
remou,false,2026-10-08
renal,false,2026-10-08
renay,false,2026-10-08
rends,false,2026-10-08
rendu,false,2026-10-08
renew,true,2026-10-08
reney,false,2026-10-08
renga,false,2026-10-08
rengs,false,2026-10-08
renig,false,2026-10-08
renin,false,2026-10-08
renks,false,2026-10-08
renne,false,2026-10-08
renos,false,2026-10-08
rente,false,2026-10-08
rents,false,2026-10-08
reoil,false,2026-10-08
reorg,false,2026-10-08
repas,false,2026-10-08
repat,false,2026-10-08
repay,true,2026-10-08
repeg,false,2026-10-08
repel,true,2026-10-08
repen,false,2026-10-08
repin,false,2026-10-08
repla,false,2026-10-08
reply,true,2026-10-08
repos,false,2026-10-08
repot,false,2026-10-08
repps,false,2026-10-08
repro,false,2026-10-08
repun,false,2026-10-08
reput,false,2026-10-08
reran,false,2026-10-08
rerig,false,2026-10-08
rerun,true,2026-10-08
resam,false,2026-10-08
resat,false,2026-10-08
resaw,false,2026-10-08
resay,false,2026-10-08
resee,false,2026-10-08
reses,false,2026-10-08
reset,false,2026-10-08
resew,false,2026-10-08
resid,false,2026-10-08
resin,true,2026-10-08
resit,false,2026-10-08
resod,false,2026-10-08
resol,false,2026-10-08
resow,false,2026-10-08
resto,false,2026-10-08
rests,false,2026-10-08
resty,false,2026-10-08
resue,false,2026-10-08
resus,false,2026-10-08
retag,false,2026-10-08
retam,false,2026-10-08
retax,false,2026-10-08
retch,true,2026-10-08
retem,false,2026-10-08
retia,false,2026-10-08
retie,false,2026-10-08
retin,false,2026-10-08
retip,false,2026-10-08
retox,false,2026-10-08
retro,true,2026-10-08
retry,true,2026-10-08
reune,false,2026-10-08
reups,false,2026-10-08
reuse,true,2026-10-08
revel,true,2026-10-08
revet,false,2026-10-08
revie,false,2026-10-08
revow,false,2026-10-08
revue,true,2026-10-08
rewan,false,2026-10-08
rewax,false,2026-10-08
rewed,false,2026-10-08
rewet,false,2026-10-08
rewin,false,2026-10-08
rewon,false,2026-10-08
rewth,false,2026-10-08
rexes,false,2026-10-08
rezes,false,2026-10-08
rhabd,false,2026-10-08
rheas,false,2026-10-08
rheid,false,2026-10-08
rheme,false,2026-10-08
rheum,false,2026-10-08
rhies,false,2026-10-08
rhime,false,2026-10-08
rhine,false,2026-10-08
rhino,true,2026-10-08
rhody,false,2026-10-08
rhomb,false,2026-10-08
rhone,false,2026-10-08
rhumb,false,2026-10-08
rhyme,true,2026-10-08
rhymy,false,2026-10-08
rhyne,false,2026-10-08
rhyta,false,2026-10-08
riads,false,2026-10-08
rials,false,2026-10-08
riant,false,2026-10-08
riata,false,2026-10-08
riato,false,2026-10-08
ribas,false,2026-10-08
ribby,false,2026-10-08
ribes,false,2026-10-08
riced,false,2026-10-08
ricer,false,2026-10-08
rices,false,2026-10-08
ricey,false,2026-10-08
riche,false,2026-10-08
richt,false,2026-10-08
ricin,false,2026-10-08
ricks,false,2026-10-08
rider,true,2026-10-08
rides,false,2026-10-08
ridge,true,2026-10-08
ridgy,false,2026-10-08
ridic,false,2026-10-08
riels,false,2026-10-08
riems,false,2026-10-08
rieve,false,2026-10-08
rifer,false,2026-10-08
riffs,false,2026-10-08
riffy,false,2026-10-08
rifle,false,2026-10-08
rifte,false,2026-10-08
rifts,false,2026-10-08
rifty,false,2026-10-08
riggs,false,2026-10-08
right,true,2026-10-08
rigid,true,2026-10-08
rigmo,false,2026-10-08
rigol,false,2026-10-08
rigor,false,2026-10-08
rikka,false,2026-10-08
rikwa,false,2026-10-08
riled,false,2026-10-08
riles,false,2026-10-08
riley,false,2026-10-08
rille,false,2026-10-08
rills,false,2026-10-08
rilly,false,2026-10-08
rimae,false,2026-10-08
rimed,false,2026-10-08
rimer,false,2026-10-08
rimes,false,2026-10-08
rimon,false,2026-10-08
rimus,false,2026-10-08
rince,false,2026-10-08
rinds,false,2026-10-08
rindy,false,2026-10-08
rines,false,2026-10-08
ringe,false,2026-10-08
rings,false,2026-10-08
ringy,false,2026-10-08
rinks,false,2026-10-08
rinse,true,2026-10-08
rioja,false,2026-10-08
rione,false,2026-10-08
riots,false,2026-10-08
rioty,false,2026-10-08
riped,false,2026-10-08
ripen,false,2026-10-08
riper,true,2026-10-08
ripes,false,2026-10-08
ripps,false,2026-10-08
riqqs,false,2026-10-08
risen,true,2026-10-08
riser,true,2026-10-08
rises,false,2026-10-08
rishi,false,2026-10-08
risks,false,2026-10-08
risky,false,2026-10-08
risps,false,2026-10-08
rists,false,2026-10-08
risus,false,2026-10-08
rites,false,2026-10-08
rithe,false,2026-10-08
ritts,false,2026-10-08
ritzy,false,2026-10-08
rival,true,2026-10-08
rivas,false,2026-10-08
rived,false,2026-10-08
rivel,false,2026-10-08
riven,false,2026-10-08
river,false,2026-10-08
rives,false,2026-10-08
rivet,true,2026-10-08
riyal,false,2026-10-08
rizas,false,2026-10-08
roach,true,2026-10-08
roads,false,2026-10-08
roady,false,2026-10-08
roake,false,2026-10-08
roaky,false,2026-10-08
roams,false,2026-10-08
roans,false,2026-10-08
roany,false,2026-10-08
roars,false,2026-10-08
roary,false,2026-10-08
roast,false,2026-10-08
roate,false,2026-10-08
robbo,false,2026-10-08
robed,false,2026-10-08
rober,false,2026-10-08
robes,false,2026-10-08
robin,true,2026-10-08
roble,false,2026-10-08
robot,true,2026-10-08
robug,false,2026-10-08
robur,false,2026-10-08
roche,false,2026-10-08
rocks,false,2026-10-08
rocky,true,2026-10-08
roded,false,2026-10-08
rodeo,true,2026-10-08
rodes,false,2026-10-08
rodny,false,2026-10-08
roers,false,2026-10-08
rogan,false,2026-10-08
roger,false,2026-10-08
rogue,true,2026-10-08
roguy,false,2026-10-08
rohan,false,2026-10-08
rohes,false,2026-10-08
rohun,false,2026-10-08
rohus,false,2026-10-08
roids,false,2026-10-08
roils,false,2026-10-08
roily,false,2026-10-08
roins,false,2026-10-08
roist,false,2026-10-08
rojak,false,2026-10-08
rojis,false,2026-10-08
roked,false,2026-10-08
roker,false,2026-10-08
rokes,false,2026-10-08
rokey,false,2026-10-08
rokos,false,2026-10-08
rolag,false,2026-10-08
roleo,false,2026-10-08
roles,false,2026-10-08
rolfs,false,2026-10-08
rolls,false,2026-10-08
rolly,false,2026-10-08
romal,false,2026-10-08
roman,false,2026-10-08
romeo,false,2026-10-08
romer,false,2026-10-08
romps,false,2026-10-08
rompu,false,2026-10-08
rompy,false,2026-10-08
ronde,false,2026-10-08
rondo,false,2026-10-08
roneo,false,2026-10-08
rones,false,2026-10-08
ronin,false,2026-10-08
ronne,false,2026-10-08
ronte,false,2026-10-08
ronts,false,2026-10-08
ronuk,false,2026-10-08
roods,false,2026-10-08
roofs,false,2026-10-08
roofy,false,2026-10-08
rooks,false,2026-10-08
rooky,false,2026-10-08
rooms,false,2026-10-08
roomy,true,2026-10-08
roons,false,2026-10-08
roops,false,2026-10-08
roopy,false,2026-10-08
roosa,false,2026-10-08
roose,false,2026-10-08
roost,true,2026-10-08
roots,false,2026-10-08
rooty,false,2026-10-08
roped,false,2026-10-08
roper,false,2026-10-08
ropes,false,2026-10-08
ropey,false,2026-10-08
roque,false,2026-10-08
roral,false,2026-10-08
rores,false,2026-10-08
roric,false,2026-10-08
rorid,false,2026-10-08
rorie,false,2026-10-08
rorts,false,2026-10-08
rorty,false,2026-10-08
rosal,false,2026-10-08
rosco,false,2026-10-08
rosed,false,2026-10-08
roses,false,2026-10-08
roset,false,2026-10-08
rosha,false,2026-10-08
roshi,false,2026-10-08
rosin,false,2026-10-08
rosit,false,2026-10-08
rosps,false,2026-10-08
rossa,false,2026-10-08
rosso,false,2026-10-08
rosti,false,2026-10-08
rosts,false,2026-10-08
rotal,false,2026-10-08
rotan,false,2026-10-08
rotas,false,2026-10-08
rotch,false,2026-10-08
roted,false,2026-10-08
rotes,false,2026-10-08
rotis,false,2026-10-08
rotls,false,2026-10-08
roton,false,2026-10-08
rotor,false,2026-10-08
rotos,false,2026-10-08
rotta,false,2026-10-08
rotte,false,2026-10-08
rotto,false,2026-10-08
rotty,false,2026-10-08
rouen,false,2026-10-08
roues,false,2026-10-08
rouet,false,2026-10-08
roufs,false,2026-10-08
rouge,true,2026-10-08
rough,true,2026-10-08
rougy,false,2026-10-08
rouks,false,2026-10-08
rouky,false,2026-10-08
roule,false,2026-10-08
rouls,false,2026-10-08
roums,false,2026-10-08
round,true,2026-10-08
roups,false,2026-10-08
roupy,false,2026-10-08
rouse,true,2026-10-08
roust,false,2026-10-08
route,true,2026-10-08
routh,false,2026-10-08
routs,false,2026-10-08
roved,false,2026-10-08
roven,false,2026-10-08
rover,true,2026-10-08
roves,false,2026-10-08
rowan,false,2026-10-08
rowdy,true,2026-10-08
rowed,false,2026-10-08
rowel,false,2026-10-08
rowen,false,2026-10-08
rower,true,2026-10-08
rowet,false,2026-10-08
rowie,false,2026-10-08
rowme,false,2026-10-08
rownd,false,2026-10-08
rowns,false,2026-10-08
rowth,false,2026-10-08
rowts,false,2026-10-08
royal,true,2026-10-08
royet,false,2026-10-08
royne,false,2026-10-08
royst,false,2026-10-08
rozes,false,2026-10-08
rozet,false,2026-10-08
rozit,false,2026-10-08
ruach,false,2026-10-08
ruana,false,2026-10-08
rubai,false,2026-10-08
ruban,false,2026-10-08
rubby,false,2026-10-08
rubel,false,2026-10-08
rubes,false,2026-10-08
rubin,false,2026-10-08
rubio,false,2026-10-08
ruble,false,2026-10-08
rubli,false,2026-10-08
rubor,false,2026-10-08
rubus,false,2026-10-08
ruche,false,2026-10-08
ruchy,false,2026-10-08
rucks,false,2026-10-08
rudas,false,2026-10-08
rudds,false,2026-10-08
ruddy,true,2026-10-08
ruder,true,2026-10-08
rudes,false,2026-10-08
rudie,false,2026-10-08
rudis,false,2026-10-08
rueda,false,2026-10-08
ruers,false,2026-10-08
ruffe,false,2026-10-08
ruffs,false,2026-10-08
ruffy,false,2026-10-08
rufus,false,2026-10-08
rugae,false,2026-10-08
rugal,false,2026-10-08
rugas,false,2026-10-08
rugby,true,2026-10-08
ruggy,false,2026-10-08
ruice,false,2026-10-08
ruing,false,2026-10-08
ruins,false,2026-10-08
rukhs,false,2026-10-08
ruled,false,2026-10-08
ruler,true,2026-10-08
rules,false,2026-10-08
rully,false,2026-10-08
rumal,false,2026-10-08
rumba,true,2026-10-08
rumbo,false,2026-10-08
rumen,false,2026-10-08
rumes,false,2026-10-08
rumly,false,2026-10-08
rummy,false,2026-10-08
rumor,false,2026-10-08
rumpo,false,2026-10-08
rumps,false,2026-10-08
rumpy,false,2026-10-08
runce,false,2026-10-08
runch,false,2026-10-08
runds,false,2026-10-08
runed,false,2026-10-08
runer,false,2026-10-08
runes,false,2026-10-08
rungs,false,2026-10-08
runic,false,2026-10-08
runny,true,2026-10-08
runos,false,2026-10-08
runts,false,2026-10-08
runty,false,2026-10-08
runup,false,2026-10-08
ruote,false,2026-10-08
rupee,true,2026-10-08
rupia,false,2026-10-08
rural,true,2026-10-08
rurps,false,2026-10-08
rurus,false,2026-10-08
rusas,false,2026-10-08
ruses,false,2026-10-08
rushy,false,2026-10-08
rusks,false,2026-10-08
rusky,false,2026-10-08
rusma,false,2026-10-08
russe,false,2026-10-08
rusts,false,2026-10-08
rusty,true,2026-10-08
ruths,false,2026-10-08
rutin,false,2026-10-08
rutty,false,2026-10-08
ruvid,false,2026-10-08
ryals,false,2026-10-08
rybat,false,2026-10-08
ryiji,false,2026-10-08
ryijy,false,2026-10-08
ryked,false,2026-10-08
rykes,false,2026-10-08
rymer,false,2026-10-08
rymme,false,2026-10-08
rynds,false,2026-10-08
ryoti,false,2026-10-08
ryots,false,2026-10-08
ryper,false,2026-10-08
rypin,false,2026-10-08
rythe,false,2026-10-08
ryugi,false,2026-10-08
saags,false,2026-10-08
sabal,false,2026-10-08
sabed,false,2026-10-08
saber,false,2026-10-08
sabes,false,2026-10-08
sabha,false,2026-10-08
sabin,false,2026-10-08
sabir,false,2026-10-08
sabji,false,2026-10-08
sable,false,2026-10-08
sabos,false,2026-10-08
sabot,false,2026-10-08
sabra,false,2026-10-08
sabre,false,2026-10-08
sabzi,false,2026-10-08
sacks,false,2026-10-08
sacra,false,2026-10-08
sacre,false,2026-10-08
saddo,false,2026-10-08
saddy,false,2026-10-08
sades,false,2026-10-08
sadhe,false,2026-10-08
sadhu,false,2026-10-08
sadic,false,2026-10-08
sadis,false,2026-10-08
sadly,false,2026-10-08
sados,false,2026-10-08
sadza,false,2026-10-08
saeta,false,2026-10-08
safed,false,2026-10-08
safer,false,2026-10-08
safes,false,2026-10-08
sagar,false,2026-10-08
sagas,false,2026-10-08
sager,false,2026-10-08
sages,false,2026-10-08
saggy,false,2026-10-08
sagos,false,2026-10-08
sagum,false,2026-10-08
sahab,false,2026-10-08
saheb,false,2026-10-08
sahib,false,2026-10-08
saice,false,2026-10-08
saick,false,2026-10-08
saics,false,2026-10-08
saids,false,2026-10-08
saiga,false,2026-10-08
sails,false,2026-10-08
saims,false,2026-10-08
saine,false,2026-10-08
sains,false,2026-10-08
saint,true,2026-10-08
sairs,false,2026-10-08
saist,false,2026-10-08
saith,false,2026-10-08
sajou,false,2026-10-08
sakai,false,2026-10-08
saker,false,2026-10-08
sakes,false,2026-10-08
sakia,false,2026-10-08
sakis,false,2026-10-08
sakti,false,2026-10-08
salad,true,2026-10-08
salal,false,2026-10-08
salas,false,2026-10-08
salat,false,2026-10-08
salep,false,2026-10-08
sales,false,2026-10-08
salet,false,2026-10-08
salic,false,2026-10-08
salis,false,2026-10-08
salix,false,2026-10-08
salle,false,2026-10-08
sally,true,2026-10-08
salmi,false,2026-10-08
salol,false,2026-10-08
salon,false,2026-10-08
salop,false,2026-10-08
salpa,false,2026-10-08
salps,false,2026-10-08
salsa,true,2026-10-08
salse,false,2026-10-08
salto,false,2026-10-08
salts,false,2026-10-08
salty,true,2026-10-08
salud,false,2026-10-08
salue,false,2026-10-08
salut,false,2026-10-08
salve,false,2026-10-08
salvo,false,2026-10-08
saman,false,2026-10-08
samas,false,2026-10-08
samba,false,2026-10-08
sambo,false,2026-10-08
samek,false,2026-10-08
samel,false,2026-10-08
samen,false,2026-10-08
sames,false,2026-10-08
samey,false,2026-10-08
samfi,false,2026-10-08
samfu,false,2026-10-08
sammy,false,2026-10-08
sampi,false,2026-10-08
samps,false,2026-10-08
sanad,false,2026-10-08
sands,false,2026-10-08
sandy,true,2026-10-08
saned,false,2026-10-08
saner,false,2026-10-08
sanes,false,2026-10-08
sanga,false,2026-10-08
sangh,false,2026-10-08
sango,false,2026-10-08
sangs,false,2026-10-08
sanko,false,2026-10-08
sansa,false,2026-10-08
santo,false,2026-10-08
sants,false,2026-10-08
saola,false,2026-10-08
sapan,false,2026-10-08
sapid,false,2026-10-08
sapor,false,2026-10-08
sappy,false,2026-10-08
saran,false,2026-10-08
sards,false,2026-10-08
sared,false,2026-10-08
saree,false,2026-10-08
sarge,false,2026-10-08
sargo,false,2026-10-08
sarin,false,2026-10-08
sarir,false,2026-10-08
saris,false,2026-10-08
sarks,false,2026-10-08
sarky,false,2026-10-08
sarod,false,2026-10-08
saros,false,2026-10-08
sarus,false,2026-10-08
sarvo,false,2026-10-08
saser,false,2026-10-08
sasin,false,2026-10-08
sasse,false,2026-10-08
sassy,true,2026-10-08
satai,false,2026-10-08
satay,false,2026-10-08
sated,false,2026-10-08
satem,false,2026-10-08
sater,false,2026-10-08
sates,false,2026-10-08
satin,true,2026-10-08
satis,false,2026-10-08
satyr,false,2026-10-08
sauba,false,2026-10-08
sauce,false,2026-10-08
sauch,false,2026-10-08
saucy,true,2026-10-08
saugh,false,2026-10-08
sauls,false,2026-10-08
sault,false,2026-10-08
sauna,true,2026-10-08
saunf,false,2026-10-08
saunt,false,2026-10-08
saury,false,2026-10-08
saute,true,2026-10-08
sauts,false,2026-10-08
sauve,false,2026-10-08
saved,false,2026-10-08
saver,false,2026-10-08
saves,false,2026-10-08
savey,false,2026-10-08
savin,false,2026-10-08
savor,true,2026-10-08
savoy,false,2026-10-08
savvy,true,2026-10-08
sawah,false,2026-10-08
sawed,false,2026-10-08
sawer,false,2026-10-08
saxes,false,2026-10-08
sayas,false,2026-10-08
sayed,false,2026-10-08
sayee,false,2026-10-08
sayer,false,2026-10-08
sayid,false,2026-10-08
sayne,false,2026-10-08
sayon,false,2026-10-08
sayst,false,2026-10-08
sazes,false,2026-10-08
scabs,false,2026-10-08
scads,false,2026-10-08
scaff,false,2026-10-08
scags,false,2026-10-08
scail,false,2026-10-08
scala,false,2026-10-08
scald,true,2026-10-08
scale,true,2026-10-08
scall,false,2026-10-08
scalp,false,2026-10-08
scaly,false,2026-10-08
scamp,false,2026-10-08
scams,false,2026-10-08
scand,false,2026-10-08
scans,false,2026-10-08
scant,true,2026-10-08
scapa,false,2026-10-08
scape,false,2026-10-08
scapi,false,2026-10-08
scare,true,2026-10-08
scarf,true,2026-10-08
scarp,false,2026-10-08
scars,false,2026-10-08
scart,false,2026-10-08
scary,false,2026-10-08
scath,false,2026-10-08
scats,false,2026-10-08
scatt,false,2026-10-08
scaud,false,2026-10-08
scaup,false,2026-10-08
scaur,false,2026-10-08
scaws,false,2026-10-08
sceat,false,2026-10-08
scena,false,2026-10-08
scend,false,2026-10-08
scene,true,2026-10-08
scent,true,2026-10-08
schav,false,2026-10-08
schif,false,2026-10-08
schmo,false,2026-10-08
schul,false,2026-10-08
schwa,false,2026-10-08
scifi,false,2026-10-08
scind,false,2026-10-08
scion,false,2026-10-08
scire,false,2026-10-08
sclim,false,2026-10-08
scobe,false,2026-10-08
scody,false,2026-10-08
scoff,true,2026-10-08
scogs,false,2026-10-08
scold,true,2026-10-08
scone,true,2026-10-08
scoog,false,2026-10-08
scoop,true,2026-10-08
scoot,false,2026-10-08
scopa,false,2026-10-08
scope,true,2026-10-08
scops,false,2026-10-08
score,true,2026-10-08
scorn,true,2026-10-08
scorp,false,2026-10-08
scote,false,2026-10-08
scots,false,2026-10-08
scoug,false,2026-10-08
scoup,false,2026-10-08
scour,true,2026-10-08
scout,true,2026-10-08
scowl,true,2026-10-08
scowp,false,2026-10-08
scows,false,2026-10-08
scrab,false,2026-10-08
scrae,false,2026-10-08
scrag,false,2026-10-08
scram,true,2026-10-08
scran,false,2026-10-08
scrap,true,2026-10-08
scrat,false,2026-10-08
scraw,false,2026-10-08
scray,false,2026-10-08
scree,false,2026-10-08
screw,false,2026-10-08
scrim,false,2026-10-08
scrip,false,2026-10-08
scrob,false,2026-10-08
scrod,false,2026-10-08
scrog,false,2026-10-08
scroo,false,2026-10-08
scrow,false,2026-10-08
scrub,true,2026-10-08
scrum,true,2026-10-08
scuba,false,2026-10-08
scudi,false,2026-10-08
scudo,false,2026-10-08
scuds,false,2026-10-08
scuff,false,2026-10-08
scuft,false,2026-10-08
scugs,false,2026-10-08
sculk,false,2026-10-08
scull,false,2026-10-08
sculp,false,2026-10-08
sculs,false,2026-10-08
scums,false,2026-10-08
scups,false,2026-10-08
scurf,false,2026-10-08
scurs,false,2026-10-08
scuse,false,2026-10-08
scuta,false,2026-10-08
scute,false,2026-10-08
scuts,false,2026-10-08
scuzz,false,2026-10-08
scyes,false,2026-10-08
sdayn,false,2026-10-08
sdein,false,2026-10-08
seals,false,2026-10-08
seame,false,2026-10-08
seams,false,2026-10-08
seamy,false,2026-10-08
seans,false,2026-10-08
seare,false,2026-10-08
sears,false,2026-10-08
sease,false,2026-10-08
seats,false,2026-10-08
seaze,false,2026-10-08
sebum,false,2026-10-08
secco,false,2026-10-08
sechs,false,2026-10-08
sects,false,2026-10-08
sedan,true,2026-10-08
seder,false,2026-10-08
sedes,false,2026-10-08
sedge,false,2026-10-08
sedgy,false,2026-10-08
sedum,false,2026-10-08
seeds,false,2026-10-08
seedy,true,2026-10-08
seeks,false,2026-10-08
seeld,false,2026-10-08
seels,false,2026-10-08
seely,false,2026-10-08
seems,false,2026-10-08
seeps,false,2026-10-08
seepy,false,2026-10-08
seers,false,2026-10-08
sefer,false,2026-10-08
segar,false,2026-10-08
segas,false,2026-10-08
segni,false,2026-10-08
segno,false,2026-10-08
segol,false,2026-10-08
segos,false,2026-10-08
segue,true,2026-10-08
sehri,false,2026-10-08
seifs,false,2026-10-08
seils,false,2026-10-08
seine,false,2026-10-08
seirs,false,2026-10-08
seise,false,2026-10-08
seism,false,2026-10-08
seity,false,2026-10-08
seiza,false,2026-10-08
seize,false,2026-10-08
sekos,false,2026-10-08
sekts,false,2026-10-08
selah,false,2026-10-08
seles,false,2026-10-08
selfs,false,2026-10-08
selfy,false,2026-10-08
selky,false,2026-10-08
sella,false,2026-10-08
selle,false,2026-10-08
sells,false,2026-10-08
selva,false,2026-10-08
semas,false,2026-10-08
semee,false,2026-10-08
semen,false,2026-10-08
semes,false,2026-10-08
semie,false,2026-10-08
semis,false,2026-10-08
senas,false,2026-10-08
sends,false,2026-10-08
senes,false,2026-10-08
senex,false,2026-10-08
sengi,false,2026-10-08
senna,false,2026-10-08
senor,false,2026-10-08
sensa,false,2026-10-08
sense,true,2026-10-08
sensi,false,2026-10-08
sensu,false,2026-10-08
sente,false,2026-10-08
senti,false,2026-10-08
sents,false,2026-10-08
senvy,false,2026-10-08
senza,false,2026-10-08
sepad,false,2026-10-08
sepal,false,2026-10-08
sepia,true,2026-10-08
sepic,false,2026-10-08
sepoy,false,2026-10-08
seppo,false,2026-10-08
septa,false,2026-10-08
septs,false,2026-10-08
serac,false,2026-10-08
serai,false,2026-10-08
seral,false,2026-10-08
sered,false,2026-10-08
serer,false,2026-10-08
seres,false,2026-10-08
serfs,false,2026-10-08
serge,false,2026-10-08
seria,false,2026-10-08
seric,false,2026-10-08
serif,true,2026-10-08
serin,false,2026-10-08
serir,false,2026-10-08
serks,false,2026-10-08
seron,false,2026-10-08
serow,false,2026-10-08
serra,false,2026-10-08
serre,false,2026-10-08
serrs,false,2026-10-08
serry,false,2026-10-08
serum,true,2026-10-08
serve,true,2026-10-08
servo,false,2026-10-08
sesey,false,2026-10-08
sessa,false,2026-10-08
setae,false,2026-10-08
setal,false,2026-10-08
seter,false,2026-10-08
seths,false,2026-10-08
seton,false,2026-10-08
setts,false,2026-10-08
setup,false,2026-10-08
sevak,false,2026-10-08
seven,true,2026-10-08
sever,true,2026-10-08
sevir,false,2026-10-08
sewan,false,2026-10-08
sewar,false,2026-10-08
sewed,false,2026-10-08
sewel,false,2026-10-08
sewen,false,2026-10-08
sewer,false,2026-10-08
sewin,false,2026-10-08
sexed,false,2026-10-08
sexer,false,2026-10-08
sexes,false,2026-10-08
sexor,false,2026-10-08
sexto,false,2026-10-08
sexts,false,2026-10-08
seyen,false,2026-10-08
sezes,false,2026-10-08
shack,false,2026-10-08
shade,true,2026-10-08
shads,false,2026-10-08
shady,false,2026-10-08
shaft,true,2026-10-08
shags,false,2026-10-08
shahs,false,2026-10-08
shaka,false,2026-10-08
shake,true,2026-10-08
shako,false,2026-10-08
shakt,false,2026-10-08
shaky,true,2026-10-08
shale,false,2026-10-08
shall,true,2026-10-08
shalm,false,2026-10-08
shalt,false,2026-10-08
shaly,false,2026-10-08
shama,false,2026-10-08
shame,true,2026-10-08
shams,false,2026-10-08
shand,false,2026-10-08
shank,true,2026-10-08
shans,false,2026-10-08
shape,true,2026-10-08
shaps,false,2026-10-08
shard,true,2026-10-08
share,true,2026-10-08
shark,false,2026-10-08
sharn,false,2026-10-08
sharp,true,2026-10-08
shart,false,2026-10-08
shash,false,2026-10-08
shaul,false,2026-10-08
shave,true,2026-10-08
shawl,true,2026-10-08
shawm,false,2026-10-08
shawn,false,2026-10-08
shaws,false,2026-10-08
shaya,false,2026-10-08
shays,false,2026-10-08
shchi,false,2026-10-08
sheaf,false,2026-10-08
sheal,false,2026-10-08
shear,true,2026-10-08
sheas,false,2026-10-08
sheds,false,2026-10-08
sheel,false,2026-10-08
sheen,false,2026-10-08
sheep,true,2026-10-08
sheer,false,2026-10-08
sheet,true,2026-10-08
sheik,false,2026-10-08
shelf,true,2026-10-08
shell,true,2026-10-08
shend,false,2026-10-08
sheng,false,2026-10-08
shent,false,2026-10-08
sheol,false,2026-10-08
sherd,false,2026-10-08
shere,false,2026-10-08
shero,false,2026-10-08
shets,false,2026-10-08
sheva,false,2026-10-08
shewn,false,2026-10-08
shews,false,2026-10-08
shiai,false,2026-10-08
shied,false,2026-10-08
shiel,false,2026-10-08
shier,false,2026-10-08
shies,false,2026-10-08
shift,true,2026-10-08
shill,true,2026-10-08
shily,false,2026-10-08
shims,false,2026-10-08
shine,true,2026-10-08
shins,false,2026-10-08
shiny,false,2026-10-08
shiok,false,2026-10-08
ships,false,2026-10-08
shire,true,2026-10-08
shirk,true,2026-10-08
shirr,false,2026-10-08
shirs,false,2026-10-08
shirt,false,2026-10-08
shish,false,2026-10-08
shiso,false,2026-10-08
shist,false,2026-10-08
shite,false,2026-10-08
shits,false,2026-10-08
shiur,false,2026-10-08
shiva,false,2026-10-08
shive,false,2026-10-08
shivs,false,2026-10-08
shlep,false,2026-10-08
shlub,false,2026-10-08
shmek,false,2026-10-08
shmoe,false,2026-10-08
shoal,true,2026-10-08
shoat,false,2026-10-08
shock,false,2026-10-08
shoed,false,2026-10-08
shoer,false,2026-10-08
shoes,false,2026-10-08
shogi,false,2026-10-08
shogs,false,2026-10-08
shoji,false,2026-10-08
shojo,false,2026-10-08
shola,false,2026-10-08
shone,true,2026-10-08
shonk,false,2026-10-08
shook,false,2026-10-08
shool,false,2026-10-08
shoon,false,2026-10-08
shoos,false,2026-10-08
shoot,false,2026-10-08
shope,false,2026-10-08
shops,false,2026-10-08
shore,true,2026-10-08
shorl,false,2026-10-08
shorn,true,2026-10-08
short,true,2026-10-08
shote,false,2026-10-08
shots,false,2026-10-08
shott,false,2026-10-08
shoud,false,2026-10-08
shout,true,2026-10-08
shove,true,2026-10-08
showd,false,2026-10-08
shown,true,2026-10-08
shows,false,2026-10-08
showy,true,2026-10-08
shoyu,false,2026-10-08
shred,true,2026-10-08
shrew,false,2026-10-08
shris,false,2026-10-08
shrow,false,2026-10-08
shrub,true,2026-10-08
shrug,true,2026-10-08
shtar,false,2026-10-08
shtik,false,2026-10-08
shtum,false,2026-10-08
shtup,false,2026-10-08
shuba,false,2026-10-08
shuck,true,2026-10-08
shule,false,2026-10-08
shuln,false,2026-10-08
shuls,false,2026-10-08
shuns,false,2026-10-08
shunt,true,2026-10-08
shura,false,2026-10-08
shush,true,2026-10-08
shute,false,2026-10-08
shuts,false,2026-10-08
shwas,false,2026-10-08
shyer,false,2026-10-08
shyly,true,2026-10-08
sials,false,2026-10-08
sibbs,false,2026-10-08
sibia,false,2026-10-08
sibyl,false,2026-10-08
sices,false,2026-10-08
sicht,false,2026-10-08
sicko,false,2026-10-08
sicks,false,2026-10-08
sicky,false,2026-10-08
sidas,false,2026-10-08
sided,false,2026-10-08
sider,false,2026-10-08
sides,false,2026-10-08
sidey,false,2026-10-08
sidha,false,2026-10-08
sidhe,false,2026-10-08
sidle,false,2026-10-08
siege,true,2026-10-08
sield,false,2026-10-08
siens,false,2026-10-08
sient,false,2026-10-08
sieth,false,2026-10-08
sieur,false,2026-10-08
sieve,false,2026-10-08
sifts,false,2026-10-08
sighs,false,2026-10-08
sight,true,2026-10-08
sigil,false,2026-10-08
sigla,false,2026-10-08
sigma,false,2026-10-08
signa,false,2026-10-08
signs,false,2026-10-08
sigri,false,2026-10-08
sijos,false,2026-10-08
sikas,false,2026-10-08
siker,false,2026-10-08
sikes,false,2026-10-08
silds,false,2026-10-08
siled,false,2026-10-08
silen,false,2026-10-08
siler,false,2026-10-08
siles,false,2026-10-08
silex,false,2026-10-08
silks,false,2026-10-08
silky,false,2026-10-08
sills,false,2026-10-08
silly,true,2026-10-08
silos,false,2026-10-08
silts,false,2026-10-08
silty,false,2026-10-08
silva,false,2026-10-08
simar,false,2026-10-08
simas,false,2026-10-08
simba,false,2026-10-08
simis,false,2026-10-08
simps,false,2026-10-08
simul,false,2026-10-08
since,true,2026-10-08
sinds,false,2026-10-08
sined,false,2026-10-08
sines,false,2026-10-08
sinew,false,2026-10-08
singe,true,2026-10-08
sings,false,2026-10-08
sinhs,false,2026-10-08
sinks,false,2026-10-08
sinky,false,2026-10-08
sinsi,false,2026-10-08
sinus,false,2026-10-08
siped,false,2026-10-08
sipes,false,2026-10-08
sippy,false,2026-10-08
sired,false,2026-10-08
siree,false,2026-10-08
siren,true,2026-10-08
sires,false,2026-10-08
sirih,false,2026-10-08
siris,false,2026-10-08
siroc,false,2026-10-08
sirra,false,2026-10-08
sirup,false,2026-10-08
sisal,false,2026-10-08
sises,false,2026-10-08
sissy,true,2026-10-08
sista,false,2026-10-08
sists,false,2026-10-08
sitar,true,2026-10-08
sitch,false,2026-10-08
sited,false,2026-10-08
sites,false,2026-10-08
sithe,false,2026-10-08
sitka,false,2026-10-08
situp,false,2026-10-08
situs,false,2026-10-08
siver,false,2026-10-08
sixer,false,2026-10-08
sixes,false,2026-10-08
sixmo,false,2026-10-08
sixte,false,2026-10-08
sixth,true,2026-10-08
sixty,false,2026-10-08
sizar,false,2026-10-08
sized,false,2026-10-08
sizel,false,2026-10-08
sizer,false,2026-10-08
sizes,false,2026-10-08
skags,false,2026-10-08
skail,false,2026-10-08
skald,false,2026-10-08
skank,false,2026-10-08
skarn,false,2026-10-08
skart,false,2026-10-08
skate,true,2026-10-08
skats,false,2026-10-08
skatt,false,2026-10-08
skaws,false,2026-10-08
skean,false,2026-10-08
skear,false,2026-10-08
skeds,false,2026-10-08
skeed,false,2026-10-08
skeef,false,2026-10-08
skeen,false,2026-10-08
skeer,false,2026-10-08
skees,false,2026-10-08
skeet,false,2026-10-08
skeev,false,2026-10-08
skeez,false,2026-10-08
skegg,false,2026-10-08
skegs,false,2026-10-08
skein,false,2026-10-08
skelf,false,2026-10-08
skell,false,2026-10-08
skelm,false,2026-10-08
skelp,false,2026-10-08
skene,false,2026-10-08
skens,false,2026-10-08
skeos,false,2026-10-08
skeps,false,2026-10-08
skerm,false,2026-10-08
skers,false,2026-10-08
skets,false,2026-10-08
skews,false,2026-10-08
skids,false,2026-10-08
skied,false,2026-10-08
skier,true,2026-10-08
skies,false,2026-10-08
skiey,false,2026-10-08
skiff,true,2026-10-08
skill,true,2026-10-08
skimo,false,2026-10-08
skimp,true,2026-10-08
skims,false,2026-10-08
skink,false,2026-10-08
skins,false,2026-10-08
skint,false,2026-10-08
skios,false,2026-10-08
skips,false,2026-10-08
skirl,false,2026-10-08
skirr,false,2026-10-08
skirt,true,2026-10-08
skite,false,2026-10-08
skits,false,2026-10-08
skive,false,2026-10-08
skivy,false,2026-10-08
sklim,false,2026-10-08
skoal,false,2026-10-08
skobe,false,2026-10-08
skody,false,2026-10-08
skoff,false,2026-10-08
skofs,false,2026-10-08
skogs,false,2026-10-08
skols,false,2026-10-08
skool,false,2026-10-08
skort,false,2026-10-08
skosh,false,2026-10-08
skran,false,2026-10-08
skrik,false,2026-10-08
skroo,false,2026-10-08
skuas,false,2026-10-08
skugs,false,2026-10-08
skulk,false,2026-10-08
skull,true,2026-10-08
skunk,true,2026-10-08
skyed,false,2026-10-08
skyer,false,2026-10-08
skyey,false,2026-10-08
skyfs,false,2026-10-08
skyre,false,2026-10-08
skyrs,false,2026-10-08
skyte,false,2026-10-08
slabs,false,2026-10-08
slack,false,2026-10-08
slade,false,2026-10-08
slaes,false,2026-10-08
slags,false,2026-10-08
slaid,false,2026-10-08
slain,false,2026-10-08
slake,false,2026-10-08
slams,false,2026-10-08
slane,false,2026-10-08
slang,true,2026-10-08
slank,false,2026-10-08
slant,false,2026-10-08
slaps,false,2026-10-08
slart,false,2026-10-08
slash,false,2026-10-08
slate,true,2026-10-08
slats,false,2026-10-08
slaty,false,2026-10-08
slave,false,2026-10-08
slaws,false,2026-10-08
slays,false,2026-10-08
slebs,false,2026-10-08
sleds,false,2026-10-08
sleek,true,2026-10-08
sleep,true,2026-10-08
sleer,false,2026-10-08
sleet,false,2026-10-08
slept,false,2026-10-08
slews,false,2026-10-08
sleys,false,2026-10-08
slice,true,2026-10-08
slick,true,2026-10-08
slide,false,2026-10-08
slier,false,2026-10-08
slily,false,2026-10-08
slime,true,2026-10-08
slims,false,2026-10-08
slimy,false,2026-10-08
sling,true,2026-10-08
slink,false,2026-10-08
slipe,false,2026-10-08
slips,false,2026-10-08
slipt,false,2026-10-08
slish,false,2026-10-08
slits,false,2026-10-08
slive,false,2026-10-08
sloan,false,2026-10-08
slobs,false,2026-10-08
sloes,false,2026-10-08
slogs,false,2026-10-08
sloid,false,2026-10-08
slojd,false,2026-10-08
sloka,false,2026-10-08
slomo,false,2026-10-08
sloom,false,2026-10-08
sloop,true,2026-10-08
sloot,false,2026-10-08
slope,true,2026-10-08
slops,false,2026-10-08
slopy,false,2026-10-08
slorm,false,2026-10-08
slosh,true,2026-10-08
sloth,true,2026-10-08
slots,false,2026-10-08
slove,false,2026-10-08
slows,false,2026-10-08
sloyd,false,2026-10-08
slubb,false,2026-10-08
slubs,false,2026-10-08
slued,false,2026-10-08
slues,false,2026-10-08
sluff,false,2026-10-08
slugs,false,2026-10-08
sluit,false,2026-10-08
slump,true,2026-10-08
slums,false,2026-10-08
slung,true,2026-10-08
slunk,false,2026-10-08
slurb,false,2026-10-08
slurp,false,2026-10-08
slurs,false,2026-10-08
sluse,false,2026-10-08
slush,true,2026-10-08
sluts,false,2026-10-08
slyer,false,2026-10-08
slyly,false,2026-10-08
slype,false,2026-10-08
smaak,false,2026-10-08
smack,false,2026-10-08
smaik,false,2026-10-08
small,true,2026-10-08
smalm,false,2026-10-08
smalt,false,2026-10-08
smarm,false,2026-10-08
smart,true,2026-10-08
smash,true,2026-10-08
smaze,false,2026-10-08
smear,true,2026-10-08
smeek,false,2026-10-08
smees,false,2026-10-08
smeik,false,2026-10-08
smeke,false,2026-10-08
smell,true,2026-10-08
smelt,true,2026-10-08
smerk,false,2026-10-08
smews,false,2026-10-08
smick,false,2026-10-08
smile,true,2026-10-08
smily,false,2026-10-08
smirk,true,2026-10-08
smirr,false,2026-10-08
smirs,false,2026-10-08
smite,true,2026-10-08
smith,true,2026-10-08
smits,false,2026-10-08
smize,false,2026-10-08
smock,true,2026-10-08
smogs,false,2026-10-08
smoke,true,2026-10-08
smoko,false,2026-10-08
smoky,false,2026-10-08
smolt,false,2026-10-08
smoor,false,2026-10-08
smoot,false,2026-10-08
smore,false,2026-10-08
smorg,false,2026-10-08
smote,false,2026-10-08
smout,false,2026-10-08
smowt,false,2026-10-08
smugs,false,2026-10-08
smurs,false,2026-10-08
smush,false,2026-10-08
smuts,false,2026-10-08
snabs,false,2026-10-08
snack,true,2026-10-08
snafu,true,2026-10-08
snags,false,2026-10-08
snail,true,2026-10-08
snake,true,2026-10-08
snaky,true,2026-10-08
snaps,false,2026-10-08
snare,true,2026-10-08
snarf,false,2026-10-08
snark,false,2026-10-08
snarl,true,2026-10-08
snars,false,2026-10-08
snary,false,2026-10-08
snash,false,2026-10-08
snath,false,2026-10-08
snaws,false,2026-10-08
snead,false,2026-10-08
sneak,true,2026-10-08
sneap,false,2026-10-08
snebs,false,2026-10-08
sneck,false,2026-10-08
sneds,false,2026-10-08
sneed,false,2026-10-08
sneer,false,2026-10-08
snees,false,2026-10-08
snell,false,2026-10-08
snibs,false,2026-10-08
snick,false,2026-10-08
snide,true,2026-10-08
snied,false,2026-10-08
snies,false,2026-10-08
sniff,false,2026-10-08
snift,false,2026-10-08
snigs,false,2026-10-08
snipe,true,2026-10-08
snips,false,2026-10-08
snipy,false,2026-10-08
snirt,false,2026-10-08
snits,false,2026-10-08
snive,false,2026-10-08
snobs,false,2026-10-08
snods,false,2026-10-08
snoek,false,2026-10-08
snoep,false,2026-10-08
snogs,false,2026-10-08
snoke,false,2026-10-08
snood,false,2026-10-08
snook,false,2026-10-08
snool,false,2026-10-08
snoop,true,2026-10-08
snoot,false,2026-10-08
snore,true,2026-10-08
snort,true,2026-10-08
snots,false,2026-10-08
snout,true,2026-10-08
snowk,false,2026-10-08
snows,false,2026-10-08
snowy,true,2026-10-08
snubs,false,2026-10-08
snuck,false,2026-10-08
snuff,false,2026-10-08
snugs,false,2026-10-08
snush,false,2026-10-08
snyes,false,2026-10-08
soaks,false,2026-10-08
soaps,false,2026-10-08
soapy,false,2026-10-08
soare,false,2026-10-08
soars,false,2026-10-08
soave,false,2026-10-08
sobas,false,2026-10-08
sober,true,2026-10-08
socas,false,2026-10-08
soces,false,2026-10-08
socia,false,2026-10-08
socko,false,2026-10-08
socks,false,2026-10-08
socle,false,2026-10-08
sodas,false,2026-10-08
soddy,false,2026-10-08
sodic,false,2026-10-08
sodom,false,2026-10-08
sofar,false,2026-10-08
sofas,false,2026-10-08
softa,false,2026-10-08
softs,false,2026-10-08
softy,false,2026-10-08
soger,false,2026-10-08
soggy,true,2026-10-08
sohur,false,2026-10-08
soils,false,2026-10-08
soily,false,2026-10-08
sojas,false,2026-10-08
sojus,false,2026-10-08
sokah,false,2026-10-08
soken,false,2026-10-08
sokes,false,2026-10-08
sokol,false,2026-10-08
solah,false,2026-10-08
solan,false,2026-10-08
solar,true,2026-10-08
solas,false,2026-10-08
solde,false,2026-10-08
soldi,false,2026-10-08
soldo,false,2026-10-08
solds,false,2026-10-08
soled,false,2026-10-08
solei,false,2026-10-08
soler,false,2026-10-08
soles,false,2026-10-08
solid,true,2026-10-08
solon,false,2026-10-08
solos,false,2026-10-08
solum,false,2026-10-08
solus,false,2026-10-08
solve,true,2026-10-08
soman,false,2026-10-08
somas,false,2026-10-08
sonar,true,2026-10-08
sonce,false,2026-10-08
sonde,false,2026-10-08
sones,false,2026-10-08
songo,false,2026-10-08
songs,false,2026-10-08
songy,false,2026-10-08
sonic,true,2026-10-08
sonly,false,2026-10-08
sonne,false,2026-10-08
sonny,false,2026-10-08
sonse,false,2026-10-08
sonsy,false,2026-10-08
sooey,false,2026-10-08
sooks,false,2026-10-08
sooky,false,2026-10-08
soole,false,2026-10-08
sools,false,2026-10-08
sooms,false,2026-10-08
soops,false,2026-10-08
soote,false,2026-10-08
sooth,false,2026-10-08
soots,false,2026-10-08
sooty,false,2026-10-08
sophs,false,2026-10-08
sophy,false,2026-10-08
sopor,false,2026-10-08
soppy,false,2026-10-08
sopra,false,2026-10-08
soral,false,2026-10-08
soras,false,2026-10-08
sorbi,false,2026-10-08
sorbo,false,2026-10-08
sorbs,false,2026-10-08
sorda,false,2026-10-08
sordo,false,2026-10-08
sords,false,2026-10-08
sored,false,2026-10-08
soree,false,2026-10-08
sorel,false,2026-10-08
sorer,false,2026-10-08
sores,false,2026-10-08
sorex,false,2026-10-08
sorgo,false,2026-10-08
sorns,false,2026-10-08
sorra,false,2026-10-08
sorry,true,2026-10-08
sorta,false,2026-10-08
sorts,false,2026-10-08
sorus,false,2026-10-08
soths,false,2026-10-08
sotol,false,2026-10-08
sotto,false,2026-10-08
souce,false,2026-10-08
souct,false,2026-10-08
sough,false,2026-10-08
souks,false,2026-10-08
souls,false,2026-10-08
souly,false,2026-10-08
soums,false,2026-10-08
sound,true,2026-10-08
soups,false,2026-10-08
soupy,true,2026-10-08
sours,false,2026-10-08
souse,false,2026-10-08
south,true,2026-10-08
souts,false,2026-10-08
sowar,false,2026-10-08
sowce,false,2026-10-08
sowed,false,2026-10-08
sower,true,2026-10-08
sowff,false,2026-10-08
sowfs,false,2026-10-08
sowle,false,2026-10-08
sowls,false,2026-10-08
sowms,false,2026-10-08
sownd,false,2026-10-08
sowne,false,2026-10-08
sowps,false,2026-10-08
sowse,false,2026-10-08
sowth,false,2026-10-08
soxes,false,2026-10-08
soyas,false,2026-10-08
soyle,false,2026-10-08
soyuz,false,2026-10-08
sozin,false,2026-10-08
space,true,2026-10-08
spack,false,2026-10-08
spacy,false,2026-10-08
spade,true,2026-10-08
spado,false,2026-10-08
spads,false,2026-10-08
spaed,false,2026-10-08
spaer,false,2026-10-08
spaes,false,2026-10-08
spags,false,2026-10-08
spahi,false,2026-10-08
spail,false,2026-10-08
spain,false,2026-10-08
spait,false,2026-10-08
spake,false,2026-10-08
spald,false,2026-10-08
spale,false,2026-10-08
spall,false,2026-10-08
spalt,false,2026-10-08
spams,false,2026-10-08
spane,false,2026-10-08
spang,false,2026-10-08
spank,false,2026-10-08
spans,false,2026-10-08
spard,false,2026-10-08
spare,true,2026-10-08
spark,true,2026-10-08
spars,false,2026-10-08
spart,false,2026-10-08
spasm,true,2026-10-08
spate,true,2026-10-08
spats,false,2026-10-08
spaul,false,2026-10-08
spawl,false,2026-10-08
spawn,false,2026-10-08
spaws,false,2026-10-08
spayd,false,2026-10-08
spays,false,2026-10-08
spaza,false,2026-10-08
spazz,false,2026-10-08
speak,true,2026-10-08
speal,false,2026-10-08
spean,false,2026-10-08
spear,true,2026-10-08
speat,false,2026-10-08
speck,true,2026-10-08
specs,false,2026-10-08
spect,false,2026-10-08
speed,true,2026-10-08
speel,false,2026-10-08
speer,false,2026-10-08
speil,false,2026-10-08
speir,false,2026-10-08
speks,false,2026-10-08
speld,false,2026-10-08
spelk,false,2026-10-08
spell,true,2026-10-08
spelt,true,2026-10-08
spend,true,2026-10-08
spent,true,2026-10-08
speos,false,2026-10-08
sperm,false,2026-10-08
spesh,false,2026-10-08
spets,false,2026-10-08
speug,false,2026-10-08
spews,false,2026-10-08
spewy,false,2026-10-08
spial,false,2026-10-08
spica,false,2026-10-08
spice,true,2026-10-08
spick,false,2026-10-08
spics,false,2026-10-08
spicy,true,2026-10-08
spide,false,2026-10-08
spied,false,2026-10-08
spiel,true,2026-10-08
spier,false,2026-10-08
spies,false,2026-10-08
spiff,false,2026-10-08
spifs,false,2026-10-08
spike,true,2026-10-08
spiks,false,2026-10-08
spiky,false,2026-10-08
spile,false,2026-10-08
spill,true,2026-10-08
spilt,false,2026-10-08
spims,false,2026-10-08
spina,false,2026-10-08
spine,true,2026-10-08
spink,false,2026-10-08
spins,false,2026-10-08
spiny,true,2026-10-08
spire,true,2026-10-08
spirt,false,2026-10-08
spiry,false,2026-10-08
spite,true,2026-10-08
spits,false,2026-10-08
spitz,false,2026-10-08
spivs,false,2026-10-08
splat,true,2026-10-08
splay,false,2026-10-08
split,true,2026-10-08
splog,false,2026-10-08
spode,false,2026-10-08
spods,false,2026-10-08
spoil,true,2026-10-08
spoke,true,2026-10-08
spoof,true,2026-10-08
spook,false,2026-10-08
spool,true,2026-10-08
spoom,false,2026-10-08
spoon,true,2026-10-08
spoor,false,2026-10-08
spoot,false,2026-10-08
spore,true,2026-10-08
spork,false,2026-10-08
sport,true,2026-10-08
sposa,false,2026-10-08
sposh,false,2026-10-08
sposo,false,2026-10-08
spots,false,2026-10-08
spout,true,2026-10-08
sprad,false,2026-10-08
sprag,false,2026-10-08
sprat,false,2026-10-08
spray,true,2026-10-08
spred,false,2026-10-08
spree,false,2026-10-08
sprew,false,2026-10-08
sprig,true,2026-10-08
sprit,false,2026-10-08
sprod,false,2026-10-08
sprog,false,2026-10-08
sprue,false,2026-10-08
sprug,false,2026-10-08
spuds,false,2026-10-08
spued,false,2026-10-08
spuer,false,2026-10-08
spues,false,2026-10-08
spugs,false,2026-10-08
spule,false,2026-10-08
spume,false,2026-10-08
spumy,false,2026-10-08
spunk,false,2026-10-08
spurn,false,2026-10-08
spurs,false,2026-10-08
spurt,true,2026-10-08
sputa,false,2026-10-08
spyal,false,2026-10-08
spyre,false,2026-10-08
squab,false,2026-10-08
squad,true,2026-10-08
squat,true,2026-10-08
squaw,false,2026-10-08
squee,false,2026-10-08
squeg,false,2026-10-08
squib,false,2026-10-08
squid,true,2026-10-08
squit,false,2026-10-08
squiz,false,2026-10-08
srsly,false,2026-10-08
stabs,false,2026-10-08
stack,true,2026-10-08
stade,false,2026-10-08
staff,true,2026-10-08
stage,true,2026-10-08
stags,false,2026-10-08
stagy,false,2026-10-08
staid,true,2026-10-08
staig,false,2026-10-08
stain,true,2026-10-08
stair,true,2026-10-08
stake,true,2026-10-08
stale,true,2026-10-08
stalk,false,2026-10-08
stall,true,2026-10-08
stamp,true,2026-10-08
stand,true,2026-10-08
stane,false,2026-10-08
stang,false,2026-10-08
stank,true,2026-10-08
stans,false,2026-10-08
staph,false,2026-10-08
staps,false,2026-10-08
stare,true,2026-10-08
stark,true,2026-10-08
starn,false,2026-10-08
starr,false,2026-10-08
stars,false,2026-10-08
start,true,2026-10-08
stary,false,2026-10-08
stash,true,2026-10-08
state,true,2026-10-08
stats,false,2026-10-08
statu,false,2026-10-08
staun,false,2026-10-08
stave,false,2026-10-08
staws,false,2026-10-08
stays,false,2026-10-08
stead,true,2026-10-08
steak,true,2026-10-08
steal,false,2026-10-08
steam,true,2026-10-08
stean,false,2026-10-08
stear,false,2026-10-08
stedd,false,2026-10-08
stede,false,2026-10-08
steds,false,2026-10-08
steed,true,2026-10-08
steek,false,2026-10-08
steel,true,2026-10-08
steem,false,2026-10-08
steen,false,2026-10-08
steep,true,2026-10-08
steer,false,2026-10-08
steez,false,2026-10-08
steik,false,2026-10-08
steil,false,2026-10-08
stein,true,2026-10-08
stela,false,2026-10-08
stele,false,2026-10-08
stell,false,2026-10-08
steme,false,2026-10-08
stems,false,2026-10-08
stend,false,2026-10-08
steno,false,2026-10-08
stens,false,2026-10-08
stent,false,2026-10-08
steps,false,2026-10-08
stept,false,2026-10-08
stere,false,2026-10-08
stern,true,2026-10-08
stets,false,2026-10-08
stews,false,2026-10-08
stewy,false,2026-10-08
steys,false,2026-10-08
stich,false,2026-10-08
stick,true,2026-10-08
stied,false,2026-10-08
sties,false,2026-10-08
stiff,true,2026-10-08
stilb,false,2026-10-08
stile,false,2026-10-08
still,true,2026-10-08
stilt,true,2026-10-08
stime,false,2026-10-08
stims,false,2026-10-08
stimy,false,2026-10-08
sting,true,2026-10-08
stink,true,2026-10-08
stint,true,2026-10-08
stipa,false,2026-10-08
stipe,false,2026-10-08
stire,false,2026-10-08
stirk,false,2026-10-08
stirp,false,2026-10-08
stirs,false,2026-10-08
stive,false,2026-10-08
stivy,false,2026-10-08
stoae,false,2026-10-08
stoai,false,2026-10-08
stoas,false,2026-10-08
stoat,false,2026-10-08
stobs,false,2026-10-08
stock,true,2026-10-08
stoep,false,2026-10-08
stogs,false,2026-10-08
stogy,false,2026-10-08
stoic,true,2026-10-08
stoit,false,2026-10-08
stoke,true,2026-10-08
stole,true,2026-10-08
stoln,false,2026-10-08
stoma,false,2026-10-08
stomp,true,2026-10-08
stond,false,2026-10-08
stone,true,2026-10-08
stong,false,2026-10-08
stonk,false,2026-10-08
stonn,false,2026-10-08
stony,true,2026-10-08
stood,true,2026-10-08
stook,false,2026-10-08
stool,true,2026-10-08
stoop,false,2026-10-08
stoor,false,2026-10-08
stope,false,2026-10-08
stops,false,2026-10-08
stopt,false,2026-10-08
store,true,2026-10-08
stork,true,2026-10-08
storm,true,2026-10-08
story,true,2026-10-08
stoss,false,2026-10-08
stots,false,2026-10-08
stott,false,2026-10-08
stoun,false,2026-10-08
stoup,false,2026-10-08
stour,false,2026-10-08
stout,true,2026-10-08
stove,true,2026-10-08
stown,false,2026-10-08
stowp,false,2026-10-08
stows,false,2026-10-08
strad,false,2026-10-08
strae,false,2026-10-08
strag,false,2026-10-08
strak,false,2026-10-08
strap,true,2026-10-08
straw,true,2026-10-08
stray,true,2026-10-08
strep,false,2026-10-08
strew,false,2026-10-08
stria,false,2026-10-08
strig,false,2026-10-08
strim,false,2026-10-08
strip,true,2026-10-08
strop,false,2026-10-08
strow,false,2026-10-08
stroy,false,2026-10-08
strum,false,2026-10-08
strut,true,2026-10-08
stubs,false,2026-10-08
stuck,false,2026-10-08
stucs,false,2026-10-08
stude,false,2026-10-08
studs,false,2026-10-08
study,true,2026-10-08
stuff,true,2026-10-08
stull,false,2026-10-08
stulm,false,2026-10-08
stumm,false,2026-10-08
stump,true,2026-10-08
stums,false,2026-10-08
stung,true,2026-10-08
stunk,false,2026-10-08
stuns,false,2026-10-08
stunt,true,2026-10-08
stupa,false,2026-10-08
stupe,false,2026-10-08
sture,false,2026-10-08
sturt,false,2026-10-08
stush,false,2026-10-08
styed,false,2026-10-08
styes,false,2026-10-08
style,true,2026-10-08
styli,false,2026-10-08
stylo,false,2026-10-08
styme,false,2026-10-08
stymy,false,2026-10-08
styre,false,2026-10-08
styte,false,2026-10-08
suave,true,2026-10-08
subah,false,2026-10-08
subak,false,2026-10-08
subas,false,2026-10-08
subby,false,2026-10-08
suber,false,2026-10-08
subha,false,2026-10-08
succi,false,2026-10-08
sucks,false,2026-10-08
sucky,false,2026-10-08
sucre,false,2026-10-08
sudan,false,2026-10-08
sudds,false,2026-10-08
sudor,false,2026-10-08
sudsy,false,2026-10-08
suede,true,2026-10-08
suent,false,2026-10-08
suers,false,2026-10-08
suete,false,2026-10-08
suets,false,2026-10-08
suety,false,2026-10-08
sugan,false,2026-10-08
sugar,true,2026-10-08
sughs,false,2026-10-08
sugos,false,2026-10-08
suhur,false,2026-10-08
suids,false,2026-10-08
suing,false,2026-10-08
suint,false,2026-10-08
suite,true,2026-10-08
suits,false,2026-10-08
sujee,false,2026-10-08
sukhs,false,2026-10-08
sukis,false,2026-10-08
sukuk,false,2026-10-08
sulci,false,2026-10-08
sulfa,false,2026-10-08
sulfo,false,2026-10-08
sulks,false,2026-10-08
sulky,true,2026-10-08
sulls,false,2026-10-08
sully,true,2026-10-08
sulph,false,2026-10-08
sulus,false,2026-10-08
sumac,true,2026-10-08
sumis,false,2026-10-08
summa,false,2026-10-08
sumos,false,2026-10-08
sumph,false,2026-10-08
sumps,false,2026-10-08
sunis,false,2026-10-08
sunks,false,2026-10-08
sunna,false,2026-10-08
sunns,false,2026-10-08
sunny,true,2026-10-08
sunts,false,2026-10-08
sunup,false,2026-10-08
suona,false,2026-10-08
suped,false,2026-10-08
super,true,2026-10-08
supes,false,2026-10-08
supra,false,2026-10-08
surah,false,2026-10-08
sural,false,2026-10-08
suras,false,2026-10-08
surat,false,2026-10-08
surds,false,2026-10-08
sured,false,2026-10-08
surer,true,2026-10-08
sures,false,2026-10-08
surfs,false,2026-10-08
surfy,false,2026-10-08
surge,true,2026-10-08
surgy,false,2026-10-08
surly,true,2026-10-08
surra,false,2026-10-08
sused,false,2026-10-08
suses,false,2026-10-08
sushi,true,2026-10-08
susus,false,2026-10-08
sutor,false,2026-10-08
sutra,false,2026-10-08
sutta,false,2026-10-08
swabs,false,2026-10-08
swack,false,2026-10-08
swads,false,2026-10-08
swage,false,2026-10-08
swags,false,2026-10-08
swail,false,2026-10-08
swain,false,2026-10-08
swale,false,2026-10-08
swaly,false,2026-10-08
swami,true,2026-10-08
swamp,true,2026-10-08
swamy,false,2026-10-08
swang,false,2026-10-08
swank,false,2026-10-08
swans,false,2026-10-08
swaps,false,2026-10-08
swapt,false,2026-10-08
sward,false,2026-10-08
sware,false,2026-10-08
swarf,false,2026-10-08
swarm,false,2026-10-08
swart,false,2026-10-08
swash,false,2026-10-08
swath,true,2026-10-08
swats,false,2026-10-08
swayl,false,2026-10-08
sways,false,2026-10-08
sweal,false,2026-10-08
swear,false,2026-10-08
sweat,true,2026-10-08
swede,false,2026-10-08
sweed,false,2026-10-08
sweel,false,2026-10-08
sweep,true,2026-10-08
sweer,false,2026-10-08
swees,false,2026-10-08
sweet,true,2026-10-08
sweir,false,2026-10-08
swell,true,2026-10-08
swelt,false,2026-10-08
swept,false,2026-10-08
swerf,false,2026-10-08
sweys,false,2026-10-08
swies,false,2026-10-08
swift,false,2026-10-08
swigs,false,2026-10-08
swile,false,2026-10-08
swill,true,2026-10-08
swims,false,2026-10-08
swine,true,2026-10-08
swing,true,2026-10-08
swink,false,2026-10-08
swipe,false,2026-10-08
swire,false,2026-10-08
swirl,true,2026-10-08
swish,true,2026-10-08
swiss,false,2026-10-08
swith,false,2026-10-08
swits,false,2026-10-08
swive,false,2026-10-08
swizz,false,2026-10-08
swobs,false,2026-10-08
swole,false,2026-10-08
swoll,false,2026-10-08
swoln,false,2026-10-08
swoon,true,2026-10-08
swoop,true,2026-10-08
swops,false,2026-10-08
swopt,false,2026-10-08
sword,true,2026-10-08
swore,false,2026-10-08
sworn,true,2026-10-08
swots,false,2026-10-08
swoun,false,2026-10-08
swung,true,2026-10-08
sybbe,false,2026-10-08
sybil,false,2026-10-08
syboe,false,2026-10-08
sybow,false,2026-10-08
sycee,false,2026-10-08
syces,false,2026-10-08
sycon,false,2026-10-08
syeds,false,2026-10-08
syens,false,2026-10-08
syker,false,2026-10-08
sykes,false,2026-10-08
sylis,false,2026-10-08
sylph,false,2026-10-08
sylva,false,2026-10-08
symar,false,2026-10-08
synch,false,2026-10-08
syncs,false,2026-10-08
synds,false,2026-10-08
syned,false,2026-10-08
synes,false,2026-10-08
synod,false,2026-10-08
synth,false,2026-10-08
syped,false,2026-10-08
sypes,false,2026-10-08
syphs,false,2026-10-08
syrah,false,2026-10-08
syren,false,2026-10-08
syrup,true,2026-10-08
sysop,false,2026-10-08
sythe,false,2026-10-08
syver,false,2026-10-08
taals,false,2026-10-08
taata,false,2026-10-08
tabac,false,2026-10-08
tabby,true,2026-10-08
taber,false,2026-10-08
tabes,false,2026-10-08
tabid,false,2026-10-08
tabis,false,2026-10-08
tabla,false,2026-10-08
table,true,2026-10-08
tabls,false,2026-10-08
taboo,true,2026-10-08
tabor,false,2026-10-08
tabos,false,2026-10-08
tabun,false,2026-10-08
tabus,false,2026-10-08
tacan,false,2026-10-08
taces,false,2026-10-08
tacet,false,2026-10-08
tache,false,2026-10-08
tachi,false,2026-10-08
tacho,false,2026-10-08
tachs,false,2026-10-08
tacit,true,2026-10-08
tacks,false,2026-10-08
tacky,true,2026-10-08
tacos,false,2026-10-08
tacts,false,2026-10-08
tadah,false,2026-10-08
taels,false,2026-10-08
taffy,true,2026-10-08
tafia,false,2026-10-08
taggy,false,2026-10-08
tagma,false,2026-10-08
tagua,false,2026-10-08
tahas,false,2026-10-08
tahrs,false,2026-10-08
taiga,false,2026-10-08
taigs,false,2026-10-08
taiko,false,2026-10-08
tails,false,2026-10-08
tains,false,2026-10-08
taint,false,2026-10-08
taira,false,2026-10-08
taish,false,2026-10-08
taits,false,2026-10-08
tajes,false,2026-10-08
takas,false,2026-10-08
taken,true,2026-10-08
taker,false,2026-10-08
takes,false,2026-10-08
takhi,false,2026-10-08
takht,false,2026-10-08
takin,false,2026-10-08
takis,false,2026-10-08
takky,false,2026-10-08
talak,false,2026-10-08
talaq,false,2026-10-08
talar,false,2026-10-08
talas,false,2026-10-08
talcs,false,2026-10-08
talcy,false,2026-10-08
talea,false,2026-10-08
taler,false,2026-10-08
tales,false,2026-10-08
talik,false,2026-10-08
talks,false,2026-10-08
talky,false,2026-10-08
talls,false,2026-10-08
tally,true,2026-10-08
talma,false,2026-10-08
talon,true,2026-10-08
talpa,false,2026-10-08
taluk,false,2026-10-08
talus,false,2026-10-08
tamal,false,2026-10-08
tamas,false,2026-10-08
tamed,false,2026-10-08
tamer,false,2026-10-08
tames,false,2026-10-08
tamin,false,2026-10-08
tamis,false,2026-10-08
tammy,false,2026-10-08
tamps,false,2026-10-08
tanas,false,2026-10-08
tanga,false,2026-10-08
tangi,false,2026-10-08
tango,false,2026-10-08
tangs,false,2026-10-08
tangy,true,2026-10-08
tanhs,false,2026-10-08
tania,false,2026-10-08
tanka,false,2026-10-08
tanks,false,2026-10-08
tanky,false,2026-10-08
tanna,false,2026-10-08
tansu,false,2026-10-08
tansy,false,2026-10-08
tante,false,2026-10-08
tanti,false,2026-10-08
tanto,false,2026-10-08
tanty,false,2026-10-08
tapas,false,2026-10-08
taped,false,2026-10-08
tapen,false,2026-10-08
taper,true,2026-10-08
tapes,false,2026-10-08
tapet,false,2026-10-08
tapir,true,2026-10-08
tapis,false,2026-10-08
tappa,false,2026-10-08
tapus,false,2026-10-08
taras,false,2026-10-08
tardo,false,2026-10-08
tards,false,2026-10-08
tardy,true,2026-10-08
tared,false,2026-10-08
tares,false,2026-10-08
targa,false,2026-10-08
targe,false,2026-10-08
tarka,false,2026-10-08
tarns,false,2026-10-08
taroc,false,2026-10-08
tarok,false,2026-10-08
taros,false,2026-10-08
tarot,false,2026-10-08
tarps,false,2026-10-08
tarre,false,2026-10-08
tarry,false,2026-10-08
tarse,false,2026-10-08
tarsi,false,2026-10-08
tarte,false,2026-10-08
tarts,false,2026-10-08
tarty,false,2026-10-08
tarzy,false,2026-10-08
tasar,false,2026-10-08
tasca,false,2026-10-08
tased,false,2026-10-08
taser,false,2026-10-08
tases,false,2026-10-08
tasks,false,2026-10-08
tassa,false,2026-10-08
tasse,false,2026-10-08
tasso,false,2026-10-08
taste,true,2026-10-08
tasto,false,2026-10-08
tasty,true,2026-10-08
tatar,false,2026-10-08
tater,false,2026-10-08
tates,false,2026-10-08
taths,false,2026-10-08
tatie,false,2026-10-08
tatou,false,2026-10-08
tatts,false,2026-10-08
tatty,false,2026-10-08
tatus,false,2026-10-08
taube,false,2026-10-08
tauld,false,2026-10-08
taunt,true,2026-10-08
tauon,false,2026-10-08
taupe,true,2026-10-08
tauts,false,2026-10-08
tauty,false,2026-10-08
tavah,false,2026-10-08
tavas,false,2026-10-08
taver,false,2026-10-08
tawaf,false,2026-10-08
tawai,false,2026-10-08
tawas,false,2026-10-08
tawed,false,2026-10-08
tawer,false,2026-10-08
tawie,false,2026-10-08
tawny,true,2026-10-08
tawse,false,2026-10-08
tawts,false,2026-10-08
taxed,false,2026-10-08
taxer,false,2026-10-08
taxes,false,2026-10-08
taxis,false,2026-10-08
taxol,false,2026-10-08
taxon,false,2026-10-08
taxor,false,2026-10-08
taxus,false,2026-10-08
tayra,false,2026-10-08
tazza,false,2026-10-08
tazze,false,2026-10-08
teach,true,2026-10-08
teade,false,2026-10-08
teads,false,2026-10-08
teaed,false,2026-10-08
teaks,false,2026-10-08
teals,false,2026-10-08
teams,false,2026-10-08
tears,false,2026-10-08
teary,true,2026-10-08
tease,true,2026-10-08
teats,false,2026-10-08
teaze,false,2026-10-08
techs,false,2026-10-08
techy,false,2026-10-08
tecta,false,2026-10-08
tecum,false,2026-10-08
teddy,true,2026-10-08
teels,false,2026-10-08
teems,false,2026-10-08
teend,false,2026-10-08
teene,false,2026-10-08
teens,false,2026-10-08
teeny,false,2026-10-08
teers,false,2026-10-08
teeth,true,2026-10-08
teets,false,2026-10-08
teffs,false,2026-10-08
teggs,false,2026-10-08
tegua,false,2026-10-08
tegus,false,2026-10-08
tehee,false,2026-10-08
tehrs,false,2026-10-08
teiid,false,2026-10-08
teils,false,2026-10-08
teind,false,2026-10-08
teins,false,2026-10-08
tekke,false,2026-10-08
telae,false,2026-10-08
telco,false,2026-10-08
teles,false,2026-10-08
telex,false,2026-10-08
telia,false,2026-10-08
telic,false,2026-10-08
tells,false,2026-10-08
telly,false,2026-10-08
teloi,false,2026-10-08
telos,false,2026-10-08
temed,false,2026-10-08
temes,false,2026-10-08
tempi,false,2026-10-08
tempo,true,2026-10-08
temps,false,2026-10-08
tempt,false,2026-10-08
temse,false,2026-10-08
tench,false,2026-10-08
tends,false,2026-10-08
tendu,false,2026-10-08
tenes,false,2026-10-08
tenet,false,2026-10-08
tenge,false,2026-10-08
tenia,false,2026-10-08
tenne,false,2026-10-08
tenno,false,2026-10-08
tenny,false,2026-10-08
tenon,false,2026-10-08
tenor,true,2026-10-08
tense,false,2026-10-08
tenth,true,2026-10-08
tents,false,2026-10-08
tenty,false,2026-10-08
tenue,false,2026-10-08
tepal,false,2026-10-08
tepas,false,2026-10-08
tepee,false,2026-10-08
tepid,true,2026-10-08
tepoy,false,2026-10-08
terai,false,2026-10-08
teras,false,2026-10-08
terce,false,2026-10-08
terek,false,2026-10-08
teres,false,2026-10-08
terfe,false,2026-10-08
terfs,false,2026-10-08
terga,false,2026-10-08
terms,true,2026-10-08
terne,false,2026-10-08
terns,false,2026-10-08
terra,false,2026-10-08
terre,false,2026-10-08
terry,false,2026-10-08
terse,true,2026-10-08
terts,false,2026-10-08
terza,false,2026-10-08
tesla,false,2026-10-08
testa,false,2026-10-08
teste,false,2026-10-08
tests,false,2026-10-08
testy,true,2026-10-08
tetes,false,2026-10-08
teths,false,2026-10-08
tetra,false,2026-10-08
tetri,false,2026-10-08
teuch,false,2026-10-08
teugh,false,2026-10-08
tewed,false,2026-10-08
tewel,false,2026-10-08
tewit,false,2026-10-08
texas,false,2026-10-08
texes,false,2026-10-08
texta,false,2026-10-08
texts,false,2026-10-08
thack,false,2026-10-08
thagi,false,2026-10-08
thaim,false,2026-10-08
thale,false,2026-10-08
thali,false,2026-10-08
thana,false,2026-10-08
thane,false,2026-10-08
thang,false,2026-10-08
thank,true,2026-10-08
thans,false,2026-10-08
thanx,false,2026-10-08
tharm,false,2026-10-08
thars,false,2026-10-08
thaws,false,2026-10-08
thawt,false,2026-10-08
thawy,false,2026-10-08
thebe,false,2026-10-08
theca,false,2026-10-08
theed,false,2026-10-08
theek,false,2026-10-08
thees,false,2026-10-08
theft,true,2026-10-08
thegn,false,2026-10-08
theic,false,2026-10-08
thein,false,2026-10-08
their,true,2026-10-08
thelf,false,2026-10-08
thema,false,2026-10-08
theme,true,2026-10-08
thens,false,2026-10-08
theor,false,2026-10-08
theow,false,2026-10-08
there,true,2026-10-08
therm,false,2026-10-08
these,true,2026-10-08
thesp,false,2026-10-08
theta,true,2026-10-08
thete,false,2026-10-08
thews,false,2026-10-08
thewy,false,2026-10-08
thick,true,2026-10-08
thief,true,2026-10-08
thigh,true,2026-10-08
thigs,false,2026-10-08
thilk,false,2026-10-08
thill,false,2026-10-08
thine,false,2026-10-08
thing,true,2026-10-08
think,true,2026-10-08
thins,false,2026-10-08
thiol,false,2026-10-08
third,true,2026-10-08
thirl,false,2026-10-08
thoft,false,2026-10-08
thole,false,2026-10-08
tholi,false,2026-10-08
thong,false,2026-10-08
thorn,true,2026-10-08
thoro,false,2026-10-08
thorp,false,2026-10-08
those,true,2026-10-08
thots,false,2026-10-08
thous,false,2026-10-08
thowl,false,2026-10-08
thrae,false,2026-10-08
thraw,false,2026-10-08
three,true,2026-10-08
threw,true,2026-10-08
thrid,false,2026-10-08
thrip,false,2026-10-08
throb,true,2026-10-08
throe,false,2026-10-08
throw,true,2026-10-08
thrum,true,2026-10-08
thuds,false,2026-10-08
thugs,false,2026-10-08
thuja,false,2026-10-08
thumb,true,2026-10-08
thump,true,2026-10-08
thunk,false,2026-10-08
thurl,false,2026-10-08
thuya,false,2026-10-08
thyme,true,2026-10-08
thymi,false,2026-10-08
thymy,false,2026-10-08
tians,false,2026-10-08
tiara,true,2026-10-08
tiare,false,2026-10-08
tiars,false,2026-10-08
tibia,true,2026-10-08
tical,false,2026-10-08
ticca,false,2026-10-08
ticed,false,2026-10-08
tices,false,2026-10-08
tichy,false,2026-10-08
ticks,false,2026-10-08
ticky,false,2026-10-08
tidal,true,2026-10-08
tiddy,false,2026-10-08
tided,false,2026-10-08
tides,false,2026-10-08
tiefs,false,2026-10-08
tiers,false,2026-10-08
tiffs,false,2026-10-08
tifos,false,2026-10-08
tifts,false,2026-10-08
tiger,true,2026-10-08
tiges,false,2026-10-08
tight,false,2026-10-08
tigon,false,2026-10-08
tikas,false,2026-10-08
tikes,false,2026-10-08
tikia,false,2026-10-08
tikis,false,2026-10-08
tikka,false,2026-10-08
tilak,false,2026-10-08
tilde,true,2026-10-08
tiled,false,2026-10-08
tiler,false,2026-10-08
tiles,false,2026-10-08
tills,false,2026-10-08
tilly,false,2026-10-08
tilth,false,2026-10-08
tilts,false,2026-10-08
timbo,false,2026-10-08
timed,false,2026-10-08
timer,true,2026-10-08
times,false,2026-10-08
timid,false,2026-10-08
timon,false,2026-10-08
timps,false,2026-10-08
tinas,false,2026-10-08
tinct,false,2026-10-08
tinds,false,2026-10-08
tinea,false,2026-10-08
tined,false,2026-10-08
tines,false,2026-10-08
tinge,true,2026-10-08
tings,false,2026-10-08
tinks,false,2026-10-08
tinny,false,2026-10-08
tinto,false,2026-10-08
tints,false,2026-10-08
tinty,false,2026-10-08
tipis,false,2026-10-08
tippy,false,2026-10-08
tipsy,true,2026-10-08
tipup,false,2026-10-08
tired,false,2026-10-08
tires,false,2026-10-08
tirls,false,2026-10-08
tiros,false,2026-10-08
tirrs,false,2026-10-08
tirth,false,2026-10-08
titan,true,2026-10-08
titar,false,2026-10-08
titas,false,2026-10-08
titch,false,2026-10-08
titer,false,2026-10-08
tithe,true,2026-10-08
tithi,false,2026-10-08
titin,false,2026-10-08
titir,false,2026-10-08
titis,false,2026-10-08
title,true,2026-10-08
titre,false,2026-10-08
titty,false,2026-10-08
titup,false,2026-10-08
tiyin,false,2026-10-08
tiyns,false,2026-10-08
tizes,false,2026-10-08
tizzy,true,2026-10-08
toads,false,2026-10-08
toady,true,2026-10-08
toast,true,2026-10-08
toaze,false,2026-10-08
tocks,false,2026-10-08
tocky,false,2026-10-08
tocos,false,2026-10-08
today,true,2026-10-08
todde,false,2026-10-08
toddy,true,2026-10-08
todea,false,2026-10-08
todos,false,2026-10-08
toeas,false,2026-10-08
toffs,false,2026-10-08
toffy,false,2026-10-08
tofts,false,2026-10-08
tofus,false,2026-10-08
togae,false,2026-10-08
togas,false,2026-10-08
toged,false,2026-10-08
toges,false,2026-10-08
togue,false,2026-10-08
tohos,false,2026-10-08
toidy,false,2026-10-08
toile,false,2026-10-08
toils,false,2026-10-08
toing,false,2026-10-08
toise,false,2026-10-08
toits,false,2026-10-08
toity,false,2026-10-08
tokay,false,2026-10-08
toked,false,2026-10-08
token,true,2026-10-08
toker,false,2026-10-08
tokes,false,2026-10-08
tokos,false,2026-10-08
tolan,false,2026-10-08
tolar,false,2026-10-08
tolas,false,2026-10-08
toled,false,2026-10-08
toles,false,2026-10-08
tolls,false,2026-10-08
tolly,false,2026-10-08
tolts,false,2026-10-08
tolus,false,2026-10-08
tolyl,false,2026-10-08
toman,false,2026-10-08
tombo,false,2026-10-08
tombs,false,2026-10-08
tomen,false,2026-10-08
tomes,false,2026-10-08
tomia,false,2026-10-08
tomin,false,2026-10-08
tomme,false,2026-10-08
tommy,false,2026-10-08
tomos,false,2026-10-08
tomoz,false,2026-10-08
tonal,false,2026-10-08
tondi,false,2026-10-08
tondo,false,2026-10-08
toned,false,2026-10-08
toner,false,2026-10-08
tones,false,2026-10-08
toney,false,2026-10-08
tonga,false,2026-10-08
tongs,false,2026-10-08
tonic,true,2026-10-08
tonka,false,2026-10-08
tonks,false,2026-10-08
tonne,false,2026-10-08
tonus,false,2026-10-08
tools,false,2026-10-08
tooms,false,2026-10-08
toons,false,2026-10-08
tooth,true,2026-10-08
toots,false,2026-10-08
topaz,true,2026-10-08
toped,false,2026-10-08
topee,false,2026-10-08
topek,false,2026-10-08
toper,false,2026-10-08
topes,false,2026-10-08
tophe,false,2026-10-08
tophi,false,2026-10-08
tophs,false,2026-10-08
topic,true,2026-10-08
topis,false,2026-10-08
topoi,false,2026-10-08
topos,false,2026-10-08
toppy,false,2026-10-08
toque,false,2026-10-08
torah,false,2026-10-08
toran,false,2026-10-08
toras,false,2026-10-08
torch,true,2026-10-08
torcs,false,2026-10-08
tores,false,2026-10-08
toric,false,2026-10-08
torii,false,2026-10-08
toros,false,2026-10-08
torot,false,2026-10-08
torrs,false,2026-10-08
torse,false,2026-10-08
torsi,false,2026-10-08
torsk,false,2026-10-08
torso,true,2026-10-08
torta,false,2026-10-08
torte,false,2026-10-08
torts,false,2026-10-08
torus,false,2026-10-08
tosas,false,2026-10-08
tosed,false,2026-10-08
toses,false,2026-10-08
toshy,false,2026-10-08
tossy,false,2026-10-08
tosyl,false,2026-10-08
total,true,2026-10-08
toted,false,2026-10-08
totem,true,2026-10-08
toter,false,2026-10-08
totes,false,2026-10-08
totty,false,2026-10-08
touch,true,2026-10-08
tough,true,2026-10-08
touks,false,2026-10-08
touns,false,2026-10-08
tours,false,2026-10-08
touse,false,2026-10-08
tousy,false,2026-10-08
touts,false,2026-10-08
touze,false,2026-10-08
touzy,false,2026-10-08
towai,false,2026-10-08
towed,false,2026-10-08
towel,true,2026-10-08
tower,true,2026-10-08
towie,false,2026-10-08
towno,false,2026-10-08
towns,false,2026-10-08
towny,false,2026-10-08
towse,false,2026-10-08
towsy,false,2026-10-08
towts,false,2026-10-08
towze,false,2026-10-08
towzy,false,2026-10-08
toxic,true,2026-10-08
toxin,true,2026-10-08
toyed,false,2026-10-08
toyer,false,2026-10-08
toyon,false,2026-10-08
toyos,false,2026-10-08
tozed,false,2026-10-08
tozes,false,2026-10-08
tozie,false,2026-10-08
trabs,false,2026-10-08
trace,true,2026-10-08
track,true,2026-10-08
tract,true,2026-10-08
trade,true,2026-10-08
trads,false,2026-10-08
trady,false,2026-10-08
traga,false,2026-10-08
tragi,false,2026-10-08
trags,false,2026-10-08
tragu,false,2026-10-08
traik,false,2026-10-08
trail,true,2026-10-08
train,true,2026-10-08
trait,true,2026-10-08
tramp,false,2026-10-08
trams,false,2026-10-08
trank,false,2026-10-08
tranq,false,2026-10-08
trans,false,2026-10-08
trant,false,2026-10-08
trape,false,2026-10-08
trapo,false,2026-10-08
traps,false,2026-10-08
trapt,false,2026-10-08
trash,true,2026-10-08
trass,false,2026-10-08
trats,false,2026-10-08
tratt,false,2026-10-08
trave,false,2026-10-08
trawl,true,2026-10-08
trayf,false,2026-10-08
trays,false,2026-10-08
tread,false,2026-10-08
treat,true,2026-10-08
treck,false,2026-10-08
treed,false,2026-10-08
treen,false,2026-10-08
trees,false,2026-10-08
trefa,false,2026-10-08
treif,false,2026-10-08
treks,false,2026-10-08
trema,false,2026-10-08
trems,false,2026-10-08
trend,true,2026-10-08
tress,false,2026-10-08
trest,false,2026-10-08
trets,false,2026-10-08
trews,false,2026-10-08
treyf,false,2026-10-08
treys,false,2026-10-08
triac,false,2026-10-08
triad,true,2026-10-08
trial,true,2026-10-08
tribe,true,2026-10-08
trice,true,2026-10-08
trick,true,2026-10-08
tride,false,2026-10-08
tried,false,2026-10-08
trier,false,2026-10-08
tries,false,2026-10-08
trifa,false,2026-10-08
triff,false,2026-10-08
trigo,false,2026-10-08
trigs,false,2026-10-08
trike,false,2026-10-08
trild,false,2026-10-08
trill,false,2026-10-08
trims,false,2026-10-08
trine,false,2026-10-08
trins,false,2026-10-08
triol,false,2026-10-08
trior,false,2026-10-08
trios,false,2026-10-08
tripe,true,2026-10-08
trips,false,2026-10-08
tripy,false,2026-10-08
trist,false,2026-10-08
trite,true,2026-10-08
troad,false,2026-10-08
troak,false,2026-10-08
troat,false,2026-10-08
trock,false,2026-10-08
trode,false,2026-10-08
trods,false,2026-10-08
trogs,false,2026-10-08
trois,false,2026-10-08
troke,false,2026-10-08
troll,true,2026-10-08
tromp,false,2026-10-08
trona,false,2026-10-08
tronc,false,2026-10-08
trone,false,2026-10-08
tronk,false,2026-10-08
trons,false,2026-10-08
troop,true,2026-10-08
trooz,false,2026-10-08
trope,true,2026-10-08
tropo,false,2026-10-08
troth,false,2026-10-08
trots,false,2026-10-08
trout,true,2026-10-08
trove,true,2026-10-08
trows,false,2026-10-08
troys,false,2026-10-08
truce,false,2026-10-08
truck,true,2026-10-08
trued,false,2026-10-08
truer,false,2026-10-08
trues,false,2026-10-08
trugo,false,2026-10-08
trugs,false,2026-10-08
trull,false,2026-10-08
truly,true,2026-10-08
trump,false,2026-10-08
trunk,true,2026-10-08
truss,true,2026-10-08
trust,true,2026-10-08
truth,true,2026-10-08
tryer,false,2026-10-08
tryke,false,2026-10-08
tryma,false,2026-10-08
tryps,false,2026-10-08
tryst,true,2026-10-08
tsade,false,2026-10-08
tsadi,false,2026-10-08
tsars,false,2026-10-08
tsked,false,2026-10-08
tsuba,false,2026-10-08
tsubo,false,2026-10-08
tuans,false,2026-10-08
tuart,false,2026-10-08
tuath,false,2026-10-08
tubae,false,2026-10-08
tubal,false,2026-10-08
tubar,false,2026-10-08
tubas,false,2026-10-08
tubby,false,2026-10-08
tubed,false,2026-10-08
tuber,true,2026-10-08
tubes,false,2026-10-08
tucks,false,2026-10-08
tufas,false,2026-10-08
tuffe,false,2026-10-08
tuffs,false,2026-10-08
tufts,false,2026-10-08
tufty,false,2026-10-08
tugra,false,2026-10-08
tuile,false,2026-10-08
tuina,false,2026-10-08
tuism,false,2026-10-08
tuktu,false,2026-10-08
tules,false,2026-10-08
tulip,true,2026-10-08
tulle,false,2026-10-08
tulpa,false,2026-10-08
tulps,false,2026-10-08
tulsi,false,2026-10-08
tumid,false,2026-10-08
tummy,false,2026-10-08
tumor,false,2026-10-08
tumps,false,2026-10-08
tumpy,false,2026-10-08
tunas,false,2026-10-08
tunds,false,2026-10-08
tuned,false,2026-10-08
tuner,false,2026-10-08
tunes,false,2026-10-08
tungs,false,2026-10-08
tunic,true,2026-10-08
tunny,false,2026-10-08
tupek,false,2026-10-08
tupik,false,2026-10-08
tuple,false,2026-10-08
tuque,false,2026-10-08
turbo,true,2026-10-08
turds,false,2026-10-08
turfs,false,2026-10-08
turfy,false,2026-10-08
turks,false,2026-10-08
turme,false,2026-10-08
turms,false,2026-10-08
turns,false,2026-10-08
turnt,false,2026-10-08
turon,false,2026-10-08
turps,false,2026-10-08
turrs,false,2026-10-08
tushy,false,2026-10-08
tusks,false,2026-10-08
tusky,false,2026-10-08
tutee,false,2026-10-08
tutes,false,2026-10-08
tutor,true,2026-10-08
tutti,false,2026-10-08
tutty,false,2026-10-08
tutus,false,2026-10-08
tuxes,false,2026-10-08
tuyer,false,2026-10-08
twaes,false,2026-10-08
twain,false,2026-10-08
twals,false,2026-10-08
twang,true,2026-10-08
twank,false,2026-10-08
twats,false,2026-10-08
tways,false,2026-10-08
tweak,true,2026-10-08
tweed,true,2026-10-08
tweel,false,2026-10-08
tween,true,2026-10-08
tweep,false,2026-10-08
tweer,false,2026-10-08
tweet,true,2026-10-08
twerk,false,2026-10-08
twerp,false,2026-10-08
twice,true,2026-10-08
twier,false,2026-10-08
twigs,false,2026-10-08
twill,false,2026-10-08
twilt,false,2026-10-08
twine,true,2026-10-08
twink,false,2026-10-08
twins,false,2026-10-08
twiny,false,2026-10-08
twire,false,2026-10-08
twirk,false,2026-10-08
twirl,true,2026-10-08
twirp,false,2026-10-08
twist,true,2026-10-08
twite,false,2026-10-08
twits,false,2026-10-08
twixt,false,2026-10-08
twocs,false,2026-10-08
twoer,false,2026-10-08
twonk,false,2026-10-08
twyer,false,2026-10-08
tyees,false,2026-10-08
tyers,false,2026-10-08
tying,false,2026-10-08
tyiyn,false,2026-10-08
tykes,false,2026-10-08
tyler,false,2026-10-08
tymps,false,2026-10-08
tynde,false,2026-10-08
tyned,false,2026-10-08
tynes,false,2026-10-08
typal,false,2026-10-08
typed,false,2026-10-08
types,false,2026-10-08
typey,false,2026-10-08
typic,false,2026-10-08
typos,false,2026-10-08
typps,false,2026-10-08
typto,false,2026-10-08
tyran,false,2026-10-08
tyred,false,2026-10-08
tyres,false,2026-10-08
tyros,false,2026-10-08
tythe,false,2026-10-08
tzars,false,2026-10-08
ubacs,false,2026-10-08
ubity,false,2026-10-08
udals,false,2026-10-08
udder,true,2026-10-08
udons,false,2026-10-08
udyog,false,2026-10-08
ugali,false,2026-10-08
ugged,false,2026-10-08
uhlan,false,2026-10-08
uhuru,false,2026-10-08
ukase,false,2026-10-08
ulama,false,2026-10-08
ulans,false,2026-10-08
ulcer,true,2026-10-08
ulema,false,2026-10-08
ulmin,false,2026-10-08
ulmos,false,2026-10-08
ulnad,false,2026-10-08
ulnae,false,2026-10-08
ulnar,false,2026-10-08
ulnas,false,2026-10-08
ulpan,false,2026-10-08
ultra,true,2026-10-08
ulvas,false,2026-10-08
ulyie,false,2026-10-08
ulzie,false,2026-10-08
umami,false,2026-10-08
umbel,false,2026-10-08
umber,false,2026-10-08
umble,false,2026-10-08
umbos,false,2026-10-08
umbra,true,2026-10-08
umbre,false,2026-10-08
umiac,false,2026-10-08
umiak,false,2026-10-08
umiaq,false,2026-10-08
ummah,false,2026-10-08
ummas,false,2026-10-08
ummed,false,2026-10-08
umped,false,2026-10-08
umphs,false,2026-10-08
umpie,false,2026-10-08
umpty,false,2026-10-08
umrah,false,2026-10-08
umras,false,2026-10-08
unagi,false,2026-10-08
unais,false,2026-10-08
unapt,false,2026-10-08
unarm,false,2026-10-08
unary,false,2026-10-08
unaus,false,2026-10-08
unbag,false,2026-10-08
unban,false,2026-10-08
unbar,false,2026-10-08
unbed,false,2026-10-08
unbid,false,2026-10-08
unbox,false,2026-10-08
uncap,false,2026-10-08
unces,false,2026-10-08
uncia,false,2026-10-08
uncle,true,2026-10-08
uncos,false,2026-10-08
uncoy,false,2026-10-08
uncus,false,2026-10-08
uncut,true,2026-10-08
undam,false,2026-10-08
undee,false,2026-10-08
under,true,2026-10-08
undid,true,2026-10-08
undos,false,2026-10-08
undue,true,2026-10-08
undug,false,2026-10-08
uneth,false,2026-10-08
unfed,true,2026-10-08
unfit,true,2026-10-08
unfix,false,2026-10-08
ungag,false,2026-10-08
unget,false,2026-10-08
ungod,false,2026-10-08
ungot,false,2026-10-08
ungum,false,2026-10-08
unhat,false,2026-10-08
unhip,false,2026-10-08
unica,false,2026-10-08
unify,true,2026-10-08
union,true,2026-10-08
unios,false,2026-10-08
unite,true,2026-10-08
units,false,2026-10-08
unity,true,2026-10-08
unjam,false,2026-10-08
unked,false,2026-10-08
unket,false,2026-10-08
unkey,false,2026-10-08
unkid,false,2026-10-08
unkut,false,2026-10-08
unlap,false,2026-10-08
unlaw,false,2026-10-08
unlay,false,2026-10-08
unled,false,2026-10-08
unleg,false,2026-10-08
unlet,false,2026-10-08
unlid,false,2026-10-08
unlit,true,2026-10-08
unmad,false,2026-10-08
unman,false,2026-10-08
unmet,true,2026-10-08
unmew,false,2026-10-08
unmix,false,2026-10-08
unode,false,2026-10-08
unold,false,2026-10-08
unown,false,2026-10-08
unpay,false,2026-10-08
unpeg,false,2026-10-08
unpen,false,2026-10-08
unpin,false,2026-10-08
unply,false,2026-10-08
unpot,false,2026-10-08
unput,false,2026-10-08
unred,false,2026-10-08
unrid,false,2026-10-08
unrig,false,2026-10-08
unrip,false,2026-10-08
unsaw,false,2026-10-08
unsay,false,2026-10-08
unsee,false,2026-10-08
unset,false,2026-10-08
unsew,false,2026-10-08
unsex,false,2026-10-08
unsod,false,2026-10-08
unsub,false,2026-10-08
untag,false,2026-10-08
untax,false,2026-10-08
untie,true,2026-10-08
until,true,2026-10-08
untin,false,2026-10-08
unwed,false,2026-10-08
unwet,false,2026-10-08
unwit,false,2026-10-08
unwon,false,2026-10-08
unzip,true,2026-10-08
upbow,false,2026-10-08
upbye,false,2026-10-08
updos,false,2026-10-08
updry,false,2026-10-08
upend,false,2026-10-08
upful,false,2026-10-08
upjet,false,2026-10-08
uplay,false,2026-10-08
upled,false,2026-10-08
uplit,false,2026-10-08
upped,false,2026-10-08
upper,true,2026-10-08
upran,false,2026-10-08
uprun,false,2026-10-08
upsee,false,2026-10-08
upset,true,2026-10-08
upsey,false,2026-10-08
uptak,false,2026-10-08
upter,false,2026-10-08
uptie,false,2026-10-08
uraei,false,2026-10-08
urali,false,2026-10-08
uraos,false,2026-10-08
urare,false,2026-10-08
urari,false,2026-10-08
urase,false,2026-10-08
urate,false,2026-10-08
urban,true,2026-10-08
urbex,false,2026-10-08
urbia,false,2026-10-08
urdee,false,2026-10-08
ureal,false,2026-10-08
ureas,false,2026-10-08
uredo,false,2026-10-08
ureic,false,2026-10-08
ureid,false,2026-10-08
urena,false,2026-10-08
urent,false,2026-10-08
urged,false,2026-10-08
urger,false,2026-10-08
urges,false,2026-10-08
urial,false,2026-10-08
urine,false,2026-10-08
urite,false,2026-10-08
urman,false,2026-10-08
urnal,false,2026-10-08
urned,false,2026-10-08
urped,false,2026-10-08
ursae,false,2026-10-08
ursid,false,2026-10-08
urson,false,2026-10-08
urubu,false,2026-10-08
urupa,false,2026-10-08
urvas,false,2026-10-08
usage,true,2026-10-08
usens,false,2026-10-08
users,false,2026-10-08
useta,false,2026-10-08
usher,true,2026-10-08
using,true,2026-10-08
usnea,false,2026-10-08
usnic,false,2026-10-08
usque,false,2026-10-08
ustad,false,2026-10-08
uster,false,2026-10-08
usual,true,2026-10-08
usure,false,2026-10-08
usurp,true,2026-10-08
usury,false,2026-10-08
uteri,false,2026-10-08
utero,false,2026-10-08
utile,false,2026-10-08
utter,true,2026-10-08
uveal,false,2026-10-08
uveas,false,2026-10-08
uvula,true,2026-10-08
vacas,false,2026-10-08
vacay,false,2026-10-08
vacua,false,2026-10-08
vacui,false,2026-10-08
vacuo,false,2026-10-08
vadas,false,2026-10-08
vaded,false,2026-10-08
vades,false,2026-10-08
vadge,false,2026-10-08
vagal,false,2026-10-08
vague,true,2026-10-08
vagus,false,2026-10-08
vaids,false,2026-10-08
vails,false,2026-10-08
vaire,false,2026-10-08
vairs,false,2026-10-08
vairy,false,2026-10-08
vajra,false,2026-10-08
vakas,false,2026-10-08
vakil,false,2026-10-08
vales,false,2026-10-08
valet,true,2026-10-08
valid,true,2026-10-08
valis,false,2026-10-08
valli,false,2026-10-08
valor,false,2026-10-08
valse,false,2026-10-08
value,true,2026-10-08
valve,true,2026-10-08
vamps,false,2026-10-08
vampy,false,2026-10-08
vanda,false,2026-10-08
vaned,false,2026-10-08
vanes,false,2026-10-08
vanga,false,2026-10-08
vangs,false,2026-10-08
vants,false,2026-10-08
vaped,false,2026-10-08
vaper,false,2026-10-08
vapes,false,2026-10-08
vapid,true,2026-10-08
vapor,false,2026-10-08
varan,false,2026-10-08
varas,false,2026-10-08
varda,false,2026-10-08
vardo,false,2026-10-08
vardy,false,2026-10-08
varec,false,2026-10-08
vares,false,2026-10-08
varia,false,2026-10-08
varix,false,2026-10-08
varna,false,2026-10-08
varus,false,2026-10-08
varve,false,2026-10-08
vasal,false,2026-10-08
vases,false,2026-10-08
vasts,false,2026-10-08
vasty,false,2026-10-08
vatas,false,2026-10-08
vatha,false,2026-10-08
vatic,false,2026-10-08
vatje,false,2026-10-08
vatos,false,2026-10-08
vatus,false,2026-10-08
vauch,false,2026-10-08
vault,true,2026-10-08
vaunt,false,2026-10-08
vaute,false,2026-10-08
vauts,false,2026-10-08
vawte,false,2026-10-08
vaxes,false,2026-10-08
veale,false,2026-10-08
veals,false,2026-10-08
vealy,false,2026-10-08
veena,false,2026-10-08
veeps,false,2026-10-08
veers,false,2026-10-08
veery,false,2026-10-08
vegan,true,2026-10-08
vegas,false,2026-10-08
veges,false,2026-10-08
veggo,false,2026-10-08
vegie,false,2026-10-08
vegos,false,2026-10-08
vehme,false,2026-10-08
veils,false,2026-10-08
veily,false,2026-10-08
veins,false,2026-10-08
veiny,false,2026-10-08
velar,false,2026-10-08
velds,false,2026-10-08
veldt,false,2026-10-08
veles,false,2026-10-08
vells,false,2026-10-08
velum,false,2026-10-08
venae,false,2026-10-08
venal,false,2026-10-08
venas,false,2026-10-08
vends,false,2026-10-08
vendu,false,2026-10-08
veney,false,2026-10-08
venge,false,2026-10-08
venin,false,2026-10-08
venom,true,2026-10-08
venti,false,2026-10-08
vents,false,2026-10-08
venue,true,2026-10-08
venus,false,2026-10-08
verba,false,2026-10-08
verbs,false,2026-10-08
verde,false,2026-10-08
verge,true,2026-10-08
verra,false,2026-10-08
verre,false,2026-10-08
verry,false,2026-10-08
versa,false,2026-10-08
verse,true,2026-10-08
verso,false,2026-10-08
verst,false,2026-10-08
verte,false,2026-10-08
verts,false,2026-10-08
vertu,false,2026-10-08
verve,true,2026-10-08
vespa,false,2026-10-08
vesta,false,2026-10-08
vests,false,2026-10-08
vetch,false,2026-10-08
veuve,false,2026-10-08
veves,false,2026-10-08
vexed,false,2026-10-08
vexer,false,2026-10-08
vexes,false,2026-10-08
vexil,false,2026-10-08
vezir,false,2026-10-08
vials,false,2026-10-08
viand,false,2026-10-08
vibed,false,2026-10-08
vibes,false,2026-10-08
vibex,false,2026-10-08
vibey,false,2026-10-08
vicar,false,2026-10-08
viced,false,2026-10-08
vices,false,2026-10-08
vichy,false,2026-10-08
vicus,false,2026-10-08
video,true,2026-10-08
viers,false,2026-10-08
vieux,false,2026-10-08
views,false,2026-10-08
viewy,false,2026-10-08
vifda,false,2026-10-08
viffs,false,2026-10-08
vigas,false,2026-10-08
vigia,false,2026-10-08
vigil,false,2026-10-08
vigor,true,2026-10-08
vilde,false,2026-10-08
viler,false,2026-10-08
villa,true,2026-10-08
ville,false,2026-10-08
villi,false,2026-10-08
vills,false,2026-10-08
vimen,false,2026-10-08
vinal,false,2026-10-08
vinas,false,2026-10-08
vinca,false,2026-10-08
vined,false,2026-10-08
viner,false,2026-10-08
vines,false,2026-10-08
vinew,false,2026-10-08
vinho,false,2026-10-08
vinic,false,2026-10-08
vinny,false,2026-10-08
vinos,false,2026-10-08
vints,false,2026-10-08
vinyl,true,2026-10-08
viola,true,2026-10-08
viold,false,2026-10-08
viols,false,2026-10-08
viper,false,2026-10-08
viral,true,2026-10-08
vired,false,2026-10-08
vireo,false,2026-10-08
vires,false,2026-10-08
virga,false,2026-10-08
virge,false,2026-10-08
virgo,false,2026-10-08
virid,false,2026-10-08
virls,false,2026-10-08
virtu,false,2026-10-08
virus,false,2026-10-08
visas,false,2026-10-08
vised,false,2026-10-08
vises,false,2026-10-08
visie,false,2026-10-08
visit,true,2026-10-08
visna,false,2026-10-08
visne,false,2026-10-08
vison,false,2026-10-08
visor,true,2026-10-08
vista,false,2026-10-08
visto,false,2026-10-08
vitae,false,2026-10-08
vital,true,2026-10-08
vitas,false,2026-10-08
vitex,false,2026-10-08
vitro,false,2026-10-08
vitta,false,2026-10-08
vivas,false,2026-10-08
vivat,false,2026-10-08
vivda,false,2026-10-08
viver,false,2026-10-08
vives,false,2026-10-08
vivid,true,2026-10-08
vivos,false,2026-10-08
vivre,false,2026-10-08
vixen,true,2026-10-08
vizir,false,2026-10-08
vizor,false,2026-10-08
vlast,false,2026-10-08
vleis,false,2026-10-08
vlies,false,2026-10-08
vlogs,false,2026-10-08
voars,false,2026-10-08
vobla,false,2026-10-08
vocab,false,2026-10-08
vocal,true,2026-10-08
voces,false,2026-10-08
voddy,false,2026-10-08
vodka,true,2026-10-08
vodou,false,2026-10-08
vodun,false,2026-10-08
voema,false,2026-10-08
vogie,false,2026-10-08
vogue,true,2026-10-08
voice,true,2026-10-08
voici,false,2026-10-08
voids,false,2026-10-08
voila,true,2026-10-08
voile,false,2026-10-08
voips,false,2026-10-08
volae,false,2026-10-08
volar,false,2026-10-08
voled,false,2026-10-08
voles,false,2026-10-08
volet,false,2026-10-08
volke,false,2026-10-08
volks,false,2026-10-08
volta,false,2026-10-08
volte,false,2026-10-08
volti,false,2026-10-08
volts,false,2026-10-08
volva,false,2026-10-08
volve,false,2026-10-08
vomer,false,2026-10-08
vomit,false,2026-10-08
voted,false,2026-10-08
voter,true,2026-10-08
votes,false,2026-10-08
vouch,true,2026-10-08
vouge,false,2026-10-08
voulu,false,2026-10-08
vowed,false,2026-10-08
vowel,true,2026-10-08
vower,false,2026-10-08
voxel,false,2026-10-08
voxes,false,2026-10-08
vozhd,false,2026-10-08
vraic,false,2026-10-08
vrils,false,2026-10-08
vroom,false,2026-10-08
vrous,false,2026-10-08
vrouw,false,2026-10-08
vrows,false,2026-10-08
vuggs,false,2026-10-08
vuggy,false,2026-10-08
vughs,false,2026-10-08
vughy,false,2026-10-08
vulgo,false,2026-10-08
vulns,false,2026-10-08
vulva,false,2026-10-08
vutty,false,2026-10-08
vygie,false,2026-10-08
vying,true,2026-10-08
waacs,false,2026-10-08
wacke,false,2026-10-08
wacko,false,2026-10-08
wacks,false,2026-10-08
wacky,true,2026-10-08
wadas,false,2026-10-08
wadds,false,2026-10-08
waddy,false,2026-10-08
waded,false,2026-10-08
wader,false,2026-10-08
wades,false,2026-10-08
wadge,false,2026-10-08
wadis,false,2026-10-08
wadts,false,2026-10-08
wafer,true,2026-10-08
waffs,false,2026-10-08
wafts,false,2026-10-08
waged,false,2026-10-08
wager,true,2026-10-08
wages,false,2026-10-08
wagga,false,2026-10-08
wagon,true,2026-10-08
wagyu,false,2026-10-08
wahay,false,2026-10-08
wahey,false,2026-10-08
wahoo,false,2026-10-08
waide,false,2026-10-08
waifs,false,2026-10-08
waift,false,2026-10-08
wails,false,2026-10-08
wains,false,2026-10-08
wairs,false,2026-10-08
waist,true,2026-10-08
waite,false,2026-10-08
waits,false,2026-10-08
waive,false,2026-10-08
wakas,false,2026-10-08
waked,false,2026-10-08
waken,true,2026-10-08
waker,false,2026-10-08
wakes,false,2026-10-08
wakfs,false,2026-10-08
waldo,false,2026-10-08
walds,false,2026-10-08
waled,false,2026-10-08
waler,false,2026-10-08
wales,false,2026-10-08
walie,false,2026-10-08
walis,false,2026-10-08
walks,false,2026-10-08
walla,false,2026-10-08
walls,false,2026-10-08
wally,false,2026-10-08
walty,false,2026-10-08
waltz,true,2026-10-08
wamed,false,2026-10-08
wames,false,2026-10-08
wamus,false,2026-10-08
wands,false,2026-10-08
waned,false,2026-10-08
wanes,false,2026-10-08
waney,false,2026-10-08
wangs,false,2026-10-08
wanks,false,2026-10-08
wanky,false,2026-10-08
wanle,false,2026-10-08
wanly,false,2026-10-08
wanna,false,2026-10-08
wanta,false,2026-10-08
wants,false,2026-10-08
wanty,false,2026-10-08
wanze,false,2026-10-08
waqfs,false,2026-10-08
warbs,false,2026-10-08
warby,false,2026-10-08
wards,false,2026-10-08
wared,false,2026-10-08
wares,false,2026-10-08
warez,false,2026-10-08
warks,false,2026-10-08
warms,false,2026-10-08
warns,false,2026-10-08
warps,false,2026-10-08
warre,false,2026-10-08
warst,false,2026-10-08
warts,false,2026-10-08
warty,false,2026-10-08
wases,false,2026-10-08
washi,false,2026-10-08
washy,false,2026-10-08
wasms,false,2026-10-08
wasps,false,2026-10-08
waspy,false,2026-10-08
waste,true,2026-10-08
wasts,false,2026-10-08
watap,false,2026-10-08
watch,true,2026-10-08
water,true,2026-10-08
watts,false,2026-10-08
wauff,false,2026-10-08
waugh,false,2026-10-08
wauks,false,2026-10-08
waulk,false,2026-10-08
wauls,false,2026-10-08
waurs,false,2026-10-08
waved,false,2026-10-08
waver,true,2026-10-08
waves,false,2026-10-08
wavey,false,2026-10-08
wawas,false,2026-10-08
wawes,false,2026-10-08
wawls,false,2026-10-08
waxed,false,2026-10-08
waxen,true,2026-10-08
waxer,false,2026-10-08
waxes,false,2026-10-08
wayed,false,2026-10-08
wazir,false,2026-10-08
wazoo,false,2026-10-08
weald,false,2026-10-08
weals,false,2026-10-08
weamb,false,2026-10-08
weans,false,2026-10-08
wears,false,2026-10-08
weary,true,2026-10-08
weave,true,2026-10-08
webby,false,2026-10-08
weber,false,2026-10-08
wecht,false,2026-10-08
wedel,false,2026-10-08
wedge,true,2026-10-08
wedgy,false,2026-10-08
weeds,false,2026-10-08
weedy,true,2026-10-08
weeis,false,2026-10-08
weeke,false,2026-10-08
weeks,false,2026-10-08
weels,false,2026-10-08
weems,false,2026-10-08
weens,false,2026-10-08
weeny,false,2026-10-08
weeps,false,2026-10-08
weepy,false,2026-10-08
weest,false,2026-10-08
weete,false,2026-10-08
weets,false,2026-10-08
wefte,false,2026-10-08
wefts,false,2026-10-08
weids,false,2026-10-08
weigh,true,2026-10-08
weils,false,2026-10-08
weird,true,2026-10-08
weirs,false,2026-10-08
weise,false,2026-10-08
weize,false,2026-10-08
wekas,false,2026-10-08
welch,false,2026-10-08
welds,false,2026-10-08
welke,false,2026-10-08
welks,false,2026-10-08
welkt,false,2026-10-08
wells,false,2026-10-08
welly,false,2026-10-08
welsh,false,2026-10-08
welts,false,2026-10-08
wembs,false,2026-10-08
wench,false,2026-10-08
wends,false,2026-10-08
wenge,false,2026-10-08
wenny,false,2026-10-08
wents,false,2026-10-08
werfs,false,2026-10-08
weros,false,2026-10-08
wersh,false,2026-10-08
wests,false,2026-10-08
wetas,false,2026-10-08
wetly,false,2026-10-08
wexed,false,2026-10-08
wexes,false,2026-10-08
whack,true,2026-10-08
whale,true,2026-10-08
whamo,false,2026-10-08
whams,false,2026-10-08
whang,false,2026-10-08
whaps,false,2026-10-08
whare,false,2026-10-08
wharf,true,2026-10-08
whata,false,2026-10-08
whats,false,2026-10-08
whaup,false,2026-10-08
whaur,false,2026-10-08
wheal,false,2026-10-08
whear,false,2026-10-08
wheat,true,2026-10-08
wheek,false,2026-10-08
wheel,true,2026-10-08
wheen,false,2026-10-08
wheep,false,2026-10-08
wheft,false,2026-10-08
whelk,false,2026-10-08
whelm,false,2026-10-08
whelp,true,2026-10-08
whens,false,2026-10-08
where,true,2026-10-08
whets,false,2026-10-08
whews,false,2026-10-08
wheys,false,2026-10-08
which,true,2026-10-08
whids,false,2026-10-08
whies,false,2026-10-08
whiff,true,2026-10-08
whift,false,2026-10-08
whigs,false,2026-10-08
while,true,2026-10-08
whilk,false,2026-10-08
whims,false,2026-10-08
whine,true,2026-10-08
whins,false,2026-10-08
whiny,true,2026-10-08
whios,false,2026-10-08
whips,false,2026-10-08
whipt,false,2026-10-08
whirl,true,2026-10-08
whirr,false,2026-10-08
whirs,false,2026-10-08
whish,false,2026-10-08
whisk,true,2026-10-08
whiss,false,2026-10-08
whist,false,2026-10-08
white,true,2026-10-08
whits,false,2026-10-08
whity,false,2026-10-08
whizz,false,2026-10-08
whole,true,2026-10-08
whomp,false,2026-10-08
whoof,false,2026-10-08
whoop,true,2026-10-08
whoot,false,2026-10-08
whops,false,2026-10-08
whore,false,2026-10-08
whorl,false,2026-10-08
whort,false,2026-10-08
whose,true,2026-10-08
whoso,false,2026-10-08
whows,false,2026-10-08
whump,false,2026-10-08
whups,false,2026-10-08
whyda,false,2026-10-08
wicca,false,2026-10-08
wicks,false,2026-10-08
wicky,false,2026-10-08
widdy,false,2026-10-08
widen,true,2026-10-08
wider,false,2026-10-08
wides,false,2026-10-08
widow,false,2026-10-08
width,true,2026-10-08
wield,true,2026-10-08
wiels,false,2026-10-08
wifed,false,2026-10-08
wifes,false,2026-10-08
wifey,false,2026-10-08
wifie,false,2026-10-08
wifts,false,2026-10-08
wifty,false,2026-10-08
wigan,false,2026-10-08
wigga,false,2026-10-08
wiggy,false,2026-10-08
wight,false,2026-10-08
wikis,false,2026-10-08
wilco,false,2026-10-08
wilds,false,2026-10-08
wiled,false,2026-10-08
wiles,false,2026-10-08
wilga,false,2026-10-08
wilis,false,2026-10-08
wilja,false,2026-10-08
wills,false,2026-10-08
willy,false,2026-10-08
wilts,false,2026-10-08
wimps,false,2026-10-08
wimpy,true,2026-10-08
wince,true,2026-10-08
winch,false,2026-10-08
winds,false,2026-10-08
windy,true,2026-10-08
wined,false,2026-10-08
wines,false,2026-10-08
winey,false,2026-10-08
winge,false,2026-10-08
wings,false,2026-10-08
wingy,false,2026-10-08
winks,false,2026-10-08
winky,false,2026-10-08
winna,false,2026-10-08
winns,false,2026-10-08
winos,false,2026-10-08
winze,false,2026-10-08
wiped,false,2026-10-08
wiper,false,2026-10-08
wipes,false,2026-10-08
wired,false,2026-10-08
wirer,false,2026-10-08
wires,false,2026-10-08
wirra,false,2026-10-08
wirri,false,2026-10-08
wised,false,2026-10-08
wiser,true,2026-10-08
wises,false,2026-10-08
wisha,false,2026-10-08
wisht,false,2026-10-08
wisps,false,2026-10-08
wispy,true,2026-10-08
wists,false,2026-10-08
witan,false,2026-10-08
witch,true,2026-10-08
wited,false,2026-10-08
wites,false,2026-10-08
withe,false,2026-10-08
withs,false,2026-10-08
withy,false,2026-10-08
witty,true,2026-10-08
wived,false,2026-10-08
wiver,false,2026-10-08
wives,false,2026-10-08
wizen,false,2026-10-08
wizes,false,2026-10-08
wizzo,false,2026-10-08
woads,false,2026-10-08
woady,false,2026-10-08
woald,false,2026-10-08
wocks,false,2026-10-08
wodge,false,2026-10-08
wodgy,false,2026-10-08
woful,false,2026-10-08
wojus,false,2026-10-08
woken,true,2026-10-08
woker,false,2026-10-08
wokka,false,2026-10-08
wolds,false,2026-10-08
wolfs,false,2026-10-08
wolly,false,2026-10-08
wolve,false,2026-10-08
woman,true,2026-10-08
womas,false,2026-10-08
wombs,false,2026-10-08
womby,false,2026-10-08
women,true,2026-10-08
womyn,false,2026-10-08
wonga,false,2026-10-08
wongi,false,2026-10-08
wonks,false,2026-10-08
wonky,false,2026-10-08
wonts,false,2026-10-08
woods,false,2026-10-08
woody,false,2026-10-08
wooed,false,2026-10-08
wooer,true,2026-10-08
woofs,false,2026-10-08
woofy,false,2026-10-08
woold,false,2026-10-08
wools,false,2026-10-08
wooly,false,2026-10-08
woons,false,2026-10-08
woops,false,2026-10-08
woopy,false,2026-10-08
woose,false,2026-10-08
woosh,false,2026-10-08
wootz,false,2026-10-08
woozy,false,2026-10-08
words,true,2026-10-08
wordy,true,2026-10-08
works,false,2026-10-08
worky,false,2026-10-08
world,true,2026-10-08
worms,false,2026-10-08
wormy,false,2026-10-08
worry,true,2026-10-08
worse,true,2026-10-08
worst,true,2026-10-08
worth,false,2026-10-08
worts,false,2026-10-08
would,true,2026-10-08
wound,true,2026-10-08
woven,true,2026-10-08
wowed,false,2026-10-08
wowee,false,2026-10-08
wowse,false,2026-10-08
woxen,false,2026-10-08
wrack,false,2026-10-08
wrang,false,2026-10-08
wraps,false,2026-10-08
wrapt,false,2026-10-08
wrast,false,2026-10-08
wrate,false,2026-10-08
wrath,true,2026-10-08
wrawl,false,2026-10-08
wreak,true,2026-10-08
wreck,true,2026-10-08
wrens,false,2026-10-08
wrest,false,2026-10-08
wrick,false,2026-10-08
wried,false,2026-10-08
wrier,false,2026-10-08
wries,false,2026-10-08
wring,false,2026-10-08
wrist,true,2026-10-08
write,true,2026-10-08
writs,false,2026-10-08
wroke,false,2026-10-08
wrong,true,2026-10-08
wroot,false,2026-10-08
wrote,true,2026-10-08
wroth,false,2026-10-08
wrung,true,2026-10-08
wryer,false,2026-10-08
wryly,false,2026-10-08
wuddy,false,2026-10-08
wudus,false,2026-10-08
wuffs,false,2026-10-08
wulls,false,2026-10-08
wunga,false,2026-10-08
wurst,false,2026-10-08
wuses,false,2026-10-08
wushu,false,2026-10-08
wussy,false,2026-10-08
wuxia,false,2026-10-08
wyled,false,2026-10-08
wyles,false,2026-10-08
wynds,false,2026-10-08
wynns,false,2026-10-08
wyted,false,2026-10-08
wytes,false,2026-10-08
wythe,false,2026-10-08
xebec,false,2026-10-08
xenia,false,2026-10-08
xenic,false,2026-10-08
xenon,false,2026-10-08
xeric,false,2026-10-08
xerox,false,2026-10-08
xerus,false,2026-10-08
xoana,false,2026-10-08
xolos,false,2026-10-08
xrays,false,2026-10-08
xviii,false,2026-10-08
xylan,false,2026-10-08
xylem,false,2026-10-08
xylic,false,2026-10-08
xylol,false,2026-10-08
xylyl,false,2026-10-08
xysti,false,2026-10-08
xysts,false,2026-10-08
yaars,false,2026-10-08
yaass,false,2026-10-08
yabas,false,2026-10-08
yabba,false,2026-10-08
yabby,false,2026-10-08
yacca,false,2026-10-08
yacht,true,2026-10-08
yacka,false,2026-10-08
yacks,false,2026-10-08
yadda,false,2026-10-08
yaffs,false,2026-10-08
yager,false,2026-10-08
yages,false,2026-10-08
yagis,false,2026-10-08
yagna,false,2026-10-08
yahoo,false,2026-10-08
yaird,false,2026-10-08
yajna,false,2026-10-08
yakka,false,2026-10-08
yakow,false,2026-10-08
yales,false,2026-10-08
yamen,false,2026-10-08
yampa,false,2026-10-08
yampy,false,2026-10-08
yamun,false,2026-10-08
yandy,false,2026-10-08
yangs,false,2026-10-08
yanks,false,2026-10-08
yapok,false,2026-10-08
yapon,false,2026-10-08
yapps,false,2026-10-08
yappy,false,2026-10-08
yarak,false,2026-10-08
yarco,false,2026-10-08
yards,false,2026-10-08
yarer,false,2026-10-08
yarfa,false,2026-10-08
yarks,false,2026-10-08
yarns,false,2026-10-08
yarra,false,2026-10-08
yarrs,false,2026-10-08
yarta,false,2026-10-08
yarto,false,2026-10-08
yates,false,2026-10-08
yatra,false,2026-10-08
yauds,false,2026-10-08
yauld,false,2026-10-08
yaups,false,2026-10-08
yawed,false,2026-10-08
yawey,false,2026-10-08
yawls,false,2026-10-08
yawns,false,2026-10-08
yawny,false,2026-10-08
yawps,false,2026-10-08
yayas,false,2026-10-08
ybore,false,2026-10-08
yclad,false,2026-10-08
ycled,false,2026-10-08
ycond,false,2026-10-08
ydrad,false,2026-10-08
ydred,false,2026-10-08
yeads,false,2026-10-08
yeahs,false,2026-10-08
yealm,false,2026-10-08
yeans,false,2026-10-08
yeard,false,2026-10-08
yearn,true,2026-10-08
years,false,2026-10-08
yeast,true,2026-10-08
yecch,false,2026-10-08
yechs,false,2026-10-08
yechy,false,2026-10-08
yedes,false,2026-10-08
yeeds,false,2026-10-08
yeeek,false,2026-10-08
yeesh,false,2026-10-08
yeggs,false,2026-10-08
yelks,false,2026-10-08
yells,false,2026-10-08
yelms,false,2026-10-08
yelps,false,2026-10-08
yelts,false,2026-10-08
yenta,false,2026-10-08
yente,false,2026-10-08
yerba,false,2026-10-08
yerds,false,2026-10-08
yerks,false,2026-10-08
yeses,false,2026-10-08
yesks,false,2026-10-08
yests,false,2026-10-08
yesty,false,2026-10-08
yetis,false,2026-10-08
yetts,false,2026-10-08
yeuch,false,2026-10-08
yeuks,false,2026-10-08
yeuky,false,2026-10-08
yeven,false,2026-10-08
yeves,false,2026-10-08
yewen,false,2026-10-08
yexed,false,2026-10-08
yexes,false,2026-10-08
yfere,false,2026-10-08
yield,true,2026-10-08
yiked,false,2026-10-08
yikes,false,2026-10-08
yills,false,2026-10-08
yince,false,2026-10-08
yipes,false,2026-10-08
yippy,false,2026-10-08
yirds,false,2026-10-08
yirks,false,2026-10-08
yirrs,false,2026-10-08
yirth,false,2026-10-08
yites,false,2026-10-08
yitie,false,2026-10-08
ylems,false,2026-10-08
ylide,false,2026-10-08
ylids,false,2026-10-08
ylike,false,2026-10-08
ylkes,false,2026-10-08
ymolt,false,2026-10-08
ympes,false,2026-10-08
yobbo,false,2026-10-08
yobby,false,2026-10-08
yocks,false,2026-10-08
yodel,false,2026-10-08
yodhs,false,2026-10-08
yodle,false,2026-10-08
yogas,false,2026-10-08
yogee,false,2026-10-08
yoghs,false,2026-10-08
yogic,false,2026-10-08
yogin,false,2026-10-08
yogis,false,2026-10-08
yohah,false,2026-10-08
yohay,false,2026-10-08
yoick,false,2026-10-08
yojan,false,2026-10-08
yokan,false,2026-10-08
yoked,false,2026-10-08
yokeg,false,2026-10-08
yokel,false,2026-10-08
yoker,false,2026-10-08
yokes,false,2026-10-08
yokul,false,2026-10-08
yolks,false,2026-10-08
yolky,false,2026-10-08
yolps,false,2026-10-08
yomim,false,2026-10-08
yomps,false,2026-10-08
yonic,false,2026-10-08
yonis,false,2026-10-08
yonks,false,2026-10-08
yonny,false,2026-10-08
yoofs,false,2026-10-08
yoops,false,2026-10-08
yopos,false,2026-10-08
yoppo,false,2026-10-08
yores,false,2026-10-08
yorga,false,2026-10-08
yorks,false,2026-10-08
yorps,false,2026-10-08
youks,false,2026-10-08
young,true,2026-10-08
yourn,false,2026-10-08
yours,false,2026-10-08
yourt,false,2026-10-08
youse,false,2026-10-08
youth,true,2026-10-08
yowed,false,2026-10-08
yowes,false,2026-10-08
yowie,false,2026-10-08
yowls,false,2026-10-08
yowsa,false,2026-10-08
yowza,false,2026-10-08
yoyos,false,2026-10-08
yrapt,false,2026-10-08
yrent,false,2026-10-08
yrivd,false,2026-10-08
yrneh,false,2026-10-08
ysame,false,2026-10-08
ytost,false,2026-10-08
yuans,false,2026-10-08
yucas,false,2026-10-08
yucca,false,2026-10-08
yucch,false,2026-10-08
yucko,false,2026-10-08
yucks,false,2026-10-08
yucky,false,2026-10-08
yufts,false,2026-10-08
yugas,false,2026-10-08
yuked,false,2026-10-08
yukes,false,2026-10-08
yukky,false,2026-10-08
yukos,false,2026-10-08
yulan,false,2026-10-08
yules,false,2026-10-08
yummo,false,2026-10-08
yummy,false,2026-10-08
yumps,false,2026-10-08
yupon,false,2026-10-08
yuppy,false,2026-10-08
yurta,false,2026-10-08
yurts,false,2026-10-08
yuzus,false,2026-10-08
zabra,false,2026-10-08
zacks,false,2026-10-08
zaida,false,2026-10-08
zaide,false,2026-10-08
zaidy,false,2026-10-08
zaire,false,2026-10-08
zakat,false,2026-10-08
zamac,false,2026-10-08
zamak,false,2026-10-08
zaman,false,2026-10-08
zambo,false,2026-10-08
zamia,false,2026-10-08
zamis,false,2026-10-08
zanja,false,2026-10-08
zante,false,2026-10-08
zanza,false,2026-10-08
zanze,false,2026-10-08
zappy,false,2026-10-08
zarda,false,2026-10-08
zarfs,false,2026-10-08
zaris,false,2026-10-08
zatis,false,2026-10-08
zawns,false,2026-10-08
zaxes,false,2026-10-08
zayde,false,2026-10-08
zayin,false,2026-10-08
zazen,false,2026-10-08
zeals,false,2026-10-08
zebec,false,2026-10-08
zebra,true,2026-10-08
zebub,false,2026-10-08
zebus,false,2026-10-08
zedas,false,2026-10-08
zeera,false,2026-10-08
zeins,false,2026-10-08
zendo,false,2026-10-08
zerda,false,2026-10-08
zerks,false,2026-10-08
zeros,false,2026-10-08
zests,false,2026-10-08
zesty,true,2026-10-08
zetas,false,2026-10-08
zexes,false,2026-10-08
zezes,false,2026-10-08
zhomo,false,2026-10-08
zhush,false,2026-10-08
zhuzh,false,2026-10-08
zibet,false,2026-10-08
ziffs,false,2026-10-08
zigan,false,2026-10-08
zikrs,false,2026-10-08
zilas,false,2026-10-08
zilch,false,2026-10-08
zilla,false,2026-10-08
zills,false,2026-10-08
zimbi,false,2026-10-08
zimbs,false,2026-10-08
zinco,false,2026-10-08
zincs,false,2026-10-08
zincy,false,2026-10-08
zineb,false,2026-10-08
zines,false,2026-10-08
zings,false,2026-10-08
zingy,false,2026-10-08
zinke,false,2026-10-08
zinky,false,2026-10-08
zinos,false,2026-10-08
zippo,false,2026-10-08
zippy,false,2026-10-08
ziram,false,2026-10-08
zitis,false,2026-10-08
zitty,false,2026-10-08
zizel,false,2026-10-08
zizit,false,2026-10-08
zlote,false,2026-10-08
zloty,false,2026-10-08
zoaea,false,2026-10-08
zobos,false,2026-10-08
zobus,false,2026-10-08
zocco,false,2026-10-08
zoeae,false,2026-10-08
zoeal,false,2026-10-08
zoeas,false,2026-10-08
zoism,false,2026-10-08
zoist,false,2026-10-08
zokor,false,2026-10-08
zolle,false,2026-10-08
zombi,false,2026-10-08
zonae,false,2026-10-08
zonal,false,2026-10-08
zonda,false,2026-10-08
zoned,false,2026-10-08
zoner,false,2026-10-08
zones,false,2026-10-08
zonks,false,2026-10-08
zooea,false,2026-10-08
zooey,false,2026-10-08
zooid,false,2026-10-08
zooks,false,2026-10-08
zooms,false,2026-10-08
zoomy,false,2026-10-08
zoons,false,2026-10-08
zooty,false,2026-10-08
zoppa,false,2026-10-08
zoppo,false,2026-10-08
zoril,false,2026-10-08
zoris,false,2026-10-08
zorro,false,2026-10-08
zorse,false,2026-10-08
zouks,false,2026-10-08
zowee,false,2026-10-08
zowie,false,2026-10-08
zulus,false,2026-10-08
zupan,false,2026-10-08
zupas,false,2026-10-08
zuppa,false,2026-10-08
zurfs,false,2026-10-08
zuzim,false,2026-10-08
zygal,false,2026-10-08
zygon,false,2026-10-08
zymes,false,2026-10-08
zymic,false,2026-10-08
